float_id,cycle_number,latitude,longitude,datetime,temp_min,temp_max,salinity_mean,summary_text
1901302,270,-39.2226,114.8316,2020-08-02 11:50:28.999999161,2.594,11.162,34.68778571428572,"ARGO float 1901302 on cycle 270 reported data on 2020-08-02 at location 39.2°S, 114.8°E. The profile measured temperatures from 2.6°C to 11.2°C and salinities around 34.7 PSU."
1901302,271,-38.9325,115.7611,2020-08-12 10:15:58.999995144,2.522,13.167,34.833619718309855,"ARGO float 1901302 on cycle 271 reported data on 2020-08-12 at location 38.9°S, 115.8°E. The profile measured temperatures from 2.5°C to 13.2°C and salinities around 34.8 PSU."
1901302,272,-38.7675,116.6115,2020-08-22 11:49:12.999999000,2.633,12.594,34.79552857142857,"ARGO float 1901302 on cycle 272 reported data on 2020-08-22 at location 38.8°S, 116.6°E. The profile measured temperatures from 2.6°C to 12.6°C and salinities around 34.8 PSU."
1901304,270,-45.2042,72.7322,2020-08-03 18:13:00.999998379,2.501,10.394,34.43562857142857,"ARGO float 1901304 on cycle 270 reported data on 2020-08-03 at location 45.2°S, 72.7°E. The profile measured temperatures from 2.5°C to 10.4°C and salinities around 34.4 PSU."
1901304,271,-45.5756,73.7863,2020-08-13 15:19:28.999996034,2.464,11.016,34.46040845070422,"ARGO float 1901304 on cycle 271 reported data on 2020-08-13 at location 45.6°S, 73.8°E. The profile measured temperatures from 2.5°C to 11.0°C and salinities around 34.5 PSU."
1901304,272,-46.386,73.9951,2020-08-23 18:05:28.000001235,2.43,10.648,34.25517142857143,"ARGO float 1901304 on cycle 272 reported data on 2020-08-23 at location 46.4°S, 74.0°E. The profile measured temperatures from 2.4°C to 10.6°C and salinities around 34.3 PSU."
1901325,325,-18.879,60.631,2020-08-05 16:10:08.999982480,2.434,24.922,34.98007142857143,"ARGO float 1901325 on cycle 325 reported data on 2020-08-05 at location 18.9°S, 60.6°E. The profile measured temperatures from 2.4°C to 24.9°C and salinities around 35.0 PSU."
1901325,326,-19.07,60.361,2020-08-15 16:03:37.999970916,2.393,24.858,35.006971428571426,"ARGO float 1901325 on cycle 326 reported data on 2020-08-15 at location 19.1°S, 60.4°E. The profile measured temperatures from 2.4°C to 24.9°C and salinities around 35.0 PSU."
1901325,327,-19.311,60.023,2020-08-25 14:09:18.999998864,2.427,24.441,35.06264788732394,"ARGO float 1901325 on cycle 327 reported data on 2020-08-25 at location 19.3°S, 60.0°E. The profile measured temperatures from 2.4°C to 24.4°C and salinities around 35.1 PSU."
1901340,216,-22.199,75.449,2020-08-09 21:25:43.999993799,2.533,22.296,34.85348888888889,"ARGO float 1901340 on cycle 216 reported data on 2020-08-09 at location 22.2°S, 75.4°E. The profile measured temperatures from 2.5°C to 22.3°C and salinities around 34.9 PSU."
1901340,217,-21.86,75.093,2020-08-19 15:47:10.000019074,2.591,21.862,34.85844578313253,"ARGO float 1901340 on cycle 217 reported data on 2020-08-19 at location 21.9°S, 75.1°E. The profile measured temperatures from 2.6°C to 21.9°C and salinities around 34.9 PSU."
1901340,218,-21.567,74.828,2020-08-29 11:54:41.000000235,2.603,22.508,34.862367943548385,"ARGO float 1901340 on cycle 218 reported data on 2020-08-29 at location 21.6°S, 74.8°E. The profile measured temperatures from 2.6°C to 22.5°C and salinities around 34.9 PSU."
1901342,214,-26.752,40.487,2020-08-05 08:32:24.000010192,2.918,22.532,34.88646439317954,"ARGO float 1901342 on cycle 214 reported data on 2020-08-05 at location 26.8°S, 40.5°E. The profile measured temperatures from 2.9°C to 22.5°C and salinities around 34.9 PSU."
1901342,215,-27.068,40.598,2020-08-15 04:11:54.000016454,2.957,22.601,34.88734642497482,"ARGO float 1901342 on cycle 215 reported data on 2020-08-15 at location 27.1°S, 40.6°E. The profile measured temperatures from 3.0°C to 22.6°C and salinities around 34.9 PSU."
1901342,216,-26.926,39.417,2020-08-24 22:33:39.000019135,2.922,22.099,34.89083350050151,"ARGO float 1901342 on cycle 216 reported data on 2020-08-24 at location 26.9°S, 39.4°E. The profile measured temperatures from 2.9°C to 22.1°C and salinities around 34.9 PSU."
1901345,211,-6.4,46.091,2020-08-01 21:59:21.999991536,2.655,24.573,34.88467236180905,"ARGO float 1901345 on cycle 211 reported data on 2020-08-01 at location 6.4°S, 46.1°E. The profile measured temperatures from 2.7°C to 24.6°C and salinities around 34.9 PSU."
1901345,212,-6.75,46.081,2020-08-11 18:30:04.999986288,2.549,24.612,34.89384120603015,"ARGO float 1901345 on cycle 212 reported data on 2020-08-11 at location 6.8°S, 46.1°E. The profile measured temperatures from 2.5°C to 24.6°C and salinities around 34.9 PSU."
1901345,213,-7.188,46.199,2020-08-21 13:14:00.000016987,2.566,25.293,34.88609849246231,"ARGO float 1901345 on cycle 213 reported data on 2020-08-21 at location 7.2°S, 46.2°E. The profile measured temperatures from 2.6°C to 25.3°C and salinities around 34.9 PSU."
1901345,214,-6.844,46.237,2020-08-31 10:11:04.000006017,2.626,25.649,34.88634102306921,"ARGO float 1901345 on cycle 214 reported data on 2020-08-31 at location 6.8°S, 46.2°E. The profile measured temperatures from 2.6°C to 25.6°C and salinities around 34.9 PSU."
1901346,211,-3.116,80.455,2020-08-04 16:41:42.000014480,2.738,29.427,34.89973046092184,"ARGO float 1901346 on cycle 211 reported data on 2020-08-04 at location 3.1°S, 80.5°E. The profile measured temperatures from 2.7°C to 29.4°C and salinities around 34.9 PSU."
1901346,212,-2.506,80.853,2020-08-14 12:38:57.999992069,2.717,30.155,34.90605252525253,"ARGO float 1901346 on cycle 212 reported data on 2020-08-14 at location 2.5°S, 80.9°E. The profile measured temperatures from 2.7°C to 30.2°C and salinities around 34.9 PSU."
1901346,213,-2.691,81.646,2020-08-24 07:57:31.000016926,2.586,30.323,34.895196589769306,"ARGO float 1901346 on cycle 213 reported data on 2020-08-24 at location 2.7°S, 81.6°E. The profile measured temperatures from 2.6°C to 30.3°C and salinities around 34.9 PSU."
1901443,349,-6.689,74.786,2020-08-09 20:48:38.002215582,3.525,26.665,34.84778260869565,"ARGO float 1901443 on cycle 349 reported data on 2020-08-09 at location 6.7°S, 74.8°E. The profile measured temperatures from 3.5°C to 26.7°C and salinities around 34.8 PSU."
1901443,350,-6.23,74.116,2020-08-20 14:43:17.001564401,3.447,26.762,34.850101449275364,"ARGO float 1901443 on cycle 350 reported data on 2020-08-20 at location 6.2°S, 74.1°E. The profile measured temperatures from 3.4°C to 26.8°C and salinities around 34.9 PSU."
1901443,351,-5.899,73.91,2020-08-31 08:44:15.000922285,3.31,26.487,34.8803768115942,"ARGO float 1901443 on cycle 351 reported data on 2020-08-31 at location 5.9°S, 73.9°E. The profile measured temperatures from 3.3°C to 26.5°C and salinities around 34.9 PSU."
1901444,349,-6.816,102.186,2020-08-09 15:01:00.001610777,2.603,28.077,34.694625,"ARGO float 1901444 on cycle 349 reported data on 2020-08-09 at location 6.8°S, 102.2°E. The profile measured temperatures from 2.6°C to 28.1°C and salinities around 34.7 PSU."
1901444,350,-6.639,101.829,2020-08-20 05:38:37.000591497,2.671,28.952,34.781930555555554,"ARGO float 1901444 on cycle 350 reported data on 2020-08-20 at location 6.6°S, 101.8°E. The profile measured temperatures from 2.7°C to 29.0°C and salinities around 34.8 PSU."
1901444,351,-6.527,101.413,2020-08-31 02:52:52.000290019,2.732,28.799,34.79230555555555,"ARGO float 1901444 on cycle 351 reported data on 2020-08-31 at location 6.5°S, 101.4°E. The profile measured temperatures from 2.7°C to 28.8°C and salinities around 34.8 PSU."
1901445,348,-12.351,97.639,2020-08-10 06:02:02.000646476,2.988,27.483,34.69135211267605,"ARGO float 1901445 on cycle 348 reported data on 2020-08-10 at location 12.4°S, 97.6°E. The profile measured temperatures from 3.0°C to 27.5°C and salinities around 34.7 PSU."
1901445,349,-12.083,97.34,2020-08-21 00:04:44.000005725,2.916,27.917,34.66001408450704,"ARGO float 1901445 on cycle 349 reported data on 2020-08-21 at location 12.1°S, 97.3°E. The profile measured temperatures from 2.9°C to 27.9°C and salinities around 34.7 PSU."
1901445,350,-12.107,97.1,2020-08-31 17:59:37.001909466,2.963,27.526,34.646957746478876,"ARGO float 1901445 on cycle 350 reported data on 2020-08-31 at location 12.1°S, 97.1°E. The profile measured temperatures from 3.0°C to 27.5°C and salinities around 34.6 PSU."
1901446,348,-6.662,64.029,2020-08-03 08:37:07.000912125,3.491,27.723,34.931785714285716,"ARGO float 1901446 on cycle 348 reported data on 2020-08-03 at location 6.7°S, 64.0°E. The profile measured temperatures from 3.5°C to 27.7°C and salinities around 34.9 PSU."
1901446,349,-6.665,62.465,2020-08-14 02:44:26.000278293,3.565,27.192,34.93021428571429,"ARGO float 1901446 on cycle 349 reported data on 2020-08-14 at location 6.7°S, 62.5°E. The profile measured temperatures from 3.6°C to 27.2°C and salinities around 34.9 PSU."
1901446,350,-7.359,61.154,2020-08-24 20:32:41.002192098,3.638,26.857,34.9476,"ARGO float 1901446 on cycle 350 reported data on 2020-08-24 at location 7.4°S, 61.2°E. The profile measured temperatures from 3.6°C to 26.9°C and salinities around 34.9 PSU."
1901447,349,-15.382,67.576,2020-08-10 07:17:12.000775689,2.216,25.669,34.9905,"ARGO float 1901447 on cycle 349 reported data on 2020-08-10 at location 15.4°S, 67.6°E. The profile measured temperatures from 2.2°C to 25.7°C and salinities around 35.0 PSU."
1901447,350,-15.581,67.176,2020-08-20 22:03:51.002364683,2.166,25.512,34.95872222222222,"ARGO float 1901447 on cycle 350 reported data on 2020-08-20 at location 15.6°S, 67.2°E. The profile measured temperatures from 2.2°C to 25.5°C and salinities around 35.0 PSU."
1901447,351,-15.876,66.775,2020-08-31 19:19:07.002066149,2.37,25.616,34.945375,"ARGO float 1901447 on cycle 351 reported data on 2020-08-31 at location 15.9°S, 66.8°E. The profile measured temperatures from 2.4°C to 25.6°C and salinities around 34.9 PSU."
1901510,334,-32.1,29.73,2020-08-11 07:16:45.000774099,2.612,21.662,35.12809722222222,"ARGO float 1901510 on cycle 334 reported data on 2020-08-11 at location 32.1°S, 29.7°E. The profile measured temperatures from 2.6°C to 21.7°C and salinities around 35.1 PSU."
1901510,335,-32.063,29.462,2020-08-22 00:25:43.000036314,2.862,21.302,35.12273134328358,"ARGO float 1901510 on cycle 335 reported data on 2020-08-22 at location 32.1°S, 29.5°E. The profile measured temperatures from 2.9°C to 21.3°C and salinities around 35.1 PSU."
1901514,334,1.624,44.64,2020-08-09 13:30:07.001438402,28.414,28.429,0.09999999999999999,"ARGO float 1901514 on cycle 334 reported data on 2020-08-09 at location 1.6°N, 44.6°E. The profile measured temperatures from 28.4°C to 28.4°C and salinities around 0.1 PSU."
1901514,335,1.625,44.64,2020-08-20 07:36:47.000803308,28.048,28.113,0.09899999999999999,"ARGO float 1901514 on cycle 335 reported data on 2020-08-20 at location 1.6°N, 44.6°E. The profile measured temperatures from 28.0°C to 28.1°C and salinities around 0.1 PSU."
1901514,336,1.625,44.639,2020-08-31 01:30:05.000150787,23.766,23.767,0.10049999999999999,"ARGO float 1901514 on cycle 336 reported data on 2020-08-31 at location 1.6°N, 44.6°E. The profile measured temperatures from 23.8°C to 23.8°C and salinities around 0.1 PSU."
1901517,334,8.666,51.847,2020-08-11 14:11:01.001517936,3.199,26.634,35.42381944444444,"ARGO float 1901517 on cycle 334 reported data on 2020-08-11 at location 8.7°N, 51.8°E. The profile measured temperatures from 3.2°C to 26.6°C and salinities around 35.4 PSU."
1901517,335,9.322,52.522,2020-08-22 08:15:43.000880097,3.18,26.928,35.404694444444445,"ARGO float 1901517 on cycle 335 reported data on 2020-08-22 at location 9.3°N, 52.5°E. The profile measured temperatures from 3.2°C to 26.9°C and salinities around 35.4 PSU."
1901698,246,-58.88948,128.30981,2020-08-06 17:17:01.001848522,1.236,2.443,34.394857421875,"ARGO float 1901698 on cycle 246 reported data on 2020-08-06 at location 58.9°S, 128.3°E. The profile measured temperatures from 1.2°C to 2.4°C and salinities around 34.4 PSU."
1901698,247,-58.66684,128.00524,2020-08-16 10:07:31.001083069,0.95,2.432,34.3975,"ARGO float 1901698 on cycle 247 reported data on 2020-08-16 at location 58.7°S, 128.0°E. The profile measured temperatures from 0.9°C to 2.4°C and salinities around 34.4 PSU."
1901698,248,-58.46174,127.48817,2020-08-26 03:08:21.000333364,1.177,2.432,34.40788690476191,"ARGO float 1901698 on cycle 248 reported data on 2020-08-26 at location 58.5°S, 127.5°E. The profile measured temperatures from 1.2°C to 2.4°C and salinities around 34.4 PSU."
1901701,245,-36.07306,66.5859,2020-08-08 22:10:01.002374791,5.914,13.801,34.990103112840465,"ARGO float 1901701 on cycle 245 reported data on 2020-08-08 at location 36.1°S, 66.6°E. The profile measured temperatures from 5.9°C to 13.8°C and salinities around 35.0 PSU."
1901701,246,-35.72029,66.96788,2020-08-18 15:11:06.001625448,5.966,13.873,35.00465940594059,"ARGO float 1901701 on cycle 246 reported data on 2020-08-18 at location 35.7°S, 67.0°E. The profile measured temperatures from 6.0°C to 13.9°C and salinities around 35.0 PSU."
1901701,247,-35.52148,67.64954,2020-08-28 08:10:41.000872673,5.963,14.017,35.00057114624506,"ARGO float 1901701 on cycle 247 reported data on 2020-08-28 at location 35.5°S, 67.6°E. The profile measured temperatures from 6.0°C to 14.0°C and salinities around 35.0 PSU."
1901735,137,-9.1166,68.5249,2020-08-06 10:24:27.999990288,2.806,26.859,34.81745390070922,"ARGO float 1901735 on cycle 137 reported data on 2020-08-06 at location 9.1°S, 68.5°E. The profile measured temperatures from 2.8°C to 26.9°C and salinities around 34.8 PSU."
1901735,138,-9.3111,68.8863,2020-08-16 10:39:35.000019371,2.707,27.258,34.830943,"ARGO float 1901735 on cycle 138 reported data on 2020-08-16 at location 9.3°S, 68.9°E. The profile measured temperatures from 2.7°C to 27.3°C and salinities around 34.8 PSU."
1901735,139,-9.2324,69.1169,2020-08-26 11:25:59.000006314,2.844,26.309,34.81598688193744,"ARGO float 1901735 on cycle 139 reported data on 2020-08-26 at location 9.2°S, 69.1°E. The profile measured temperatures from 2.8°C to 26.3°C and salinities around 34.8 PSU."
1901736,136,-14.0899,86.7971,2020-08-04 16:53:59.999994637,2.61,26.508,34.75989949748744,"ARGO float 1901736 on cycle 136 reported data on 2020-08-04 at location 14.1°S, 86.8°E. The profile measured temperatures from 2.6°C to 26.5°C and salinities around 34.8 PSU."
1901736,137,-14.1482,87.0445,2020-08-14 17:57:26.999984977,2.611,26.468,34.755330669330675,"ARGO float 1901736 on cycle 137 reported data on 2020-08-14 at location 14.1°S, 87.0°E. The profile measured temperatures from 2.6°C to 26.5°C and salinities around 34.8 PSU."
1901736,138,-14.2277,87.3119,2020-08-24 19:17:58.000013528,2.713,26.406,34.759408634538154,"ARGO float 1901736 on cycle 138 reported data on 2020-08-24 at location 14.2°S, 87.3°E. The profile measured temperatures from 2.7°C to 26.4°C and salinities around 34.8 PSU."
1901737,137,-18.6014,62.083,2020-08-10 02:09:20.999988017,5.549,24.179,34.878197628458494,"ARGO float 1901737 on cycle 137 reported data on 2020-08-10 at location 18.6°S, 62.1°E. The profile measured temperatures from 5.5°C to 24.2°C and salinities around 34.9 PSU."
1901737,138,-18.4657,62.1876,2020-08-20 01:11:06.999989746,2.343,23.861,34.816763184079605,"ARGO float 1901737 on cycle 138 reported data on 2020-08-20 at location 18.5°S, 62.2°E. The profile measured temperatures from 2.3°C to 23.9°C and salinities around 34.8 PSU."
1901737,139,-18.2197,61.9159,2020-08-29 22:45:47.000013292,5.179,23.604,34.94807471264368,"ARGO float 1901737 on cycle 139 reported data on 2020-08-29 at location 18.2°S, 61.9°E. The profile measured temperatures from 5.2°C to 23.6°C and salinities around 34.9 PSU."
1901739,103,13.06,60.933,2020-08-01 03:29:12.999986707,3.197,27.555,35.35642871485943,"ARGO float 1901739 on cycle 103 reported data on 2020-08-01 at location 13.1°N, 60.9°E. The profile measured temperatures from 3.2°C to 27.6°C and salinities around 35.4 PSU."
1901739,104,13.042,61.087,2020-08-11 00:26:57.000000174,3.233,26.398,35.344518592964825,"ARGO float 1901739 on cycle 104 reported data on 2020-08-11 at location 13.0°N, 61.1°E. The profile measured temperatures from 3.2°C to 26.4°C and salinities around 35.3 PSU."
1901739,105,13.122,61.135,2020-08-20 19:06:09.999991353,3.219,26.244,35.33539679358718,"ARGO float 1901739 on cycle 105 reported data on 2020-08-20 at location 13.1°N, 61.1°E. The profile measured temperatures from 3.2°C to 26.2°C and salinities around 35.3 PSU."
1901739,106,13.279,61.162,2020-08-30 16:58:04.999993440,3.177,26.401,35.3334783919598,"ARGO float 1901739 on cycle 106 reported data on 2020-08-30 at location 13.3°N, 61.2°E. The profile measured temperatures from 3.2°C to 26.4°C and salinities around 35.3 PSU."
1901740,58,-41.8593,83.9137,2020-08-08 08:05:41.000014541,2.628,11.75,34.635280450358245,"ARGO float 1901740 on cycle 58 reported data on 2020-08-08 at location 41.9°S, 83.9°E. The profile measured temperatures from 2.6°C to 11.8°C and salinities around 34.6 PSU."
1901740,59,-41.5317,84.1018,2020-08-18 08:20:12.999992069,2.589,11.813,34.635383534136544,"ARGO float 1901740 on cycle 59 reported data on 2020-08-18 at location 41.5°S, 84.1°E. The profile measured temperatures from 2.6°C to 11.8°C and salinities around 34.6 PSU."
1901740,60,-41.1277,84.2268,2020-08-28 07:01:16.000016926,2.604,11.681,34.63677445109781,"ARGO float 1901740 on cycle 60 reported data on 2020-08-28 at location 41.1°S, 84.2°E. The profile measured temperatures from 2.6°C to 11.7°C and salinities around 34.6 PSU."
1901741,57,-50.6794,89.208,2020-08-05 16:37:25.999994873,1.963,4.18,34.42932426988923,"ARGO float 1901741 on cycle 57 reported data on 2020-08-05 at location 50.7°S, 89.2°E. The profile measured temperatures from 2.0°C to 4.2°C and salinities around 34.4 PSU."
1901741,58,-50.0168,89.1046,2020-08-15 15:32:10.999986829,1.884,4.971,34.46185914085914,"ARGO float 1901741 on cycle 58 reported data on 2020-08-15 at location 50.0°S, 89.1°E. The profile measured temperatures from 1.9°C to 5.0°C and salinities around 34.5 PSU."
1901741,59,-50.4494,88.8611,2020-08-25 15:52:47.000001668,1.918,3.971,34.46669348268839,"ARGO float 1901741 on cycle 59 reported data on 2020-08-25 at location 50.4°S, 88.9°E. The profile measured temperatures from 1.9°C to 4.0°C and salinities around 34.5 PSU."
1901744,48,-56.305237,43.267673,2020-08-07 05:16:45.999988314,-0.5241,1.9036,34.628691155778895,"ARGO float 1901744 on cycle 48 reported data on 2020-08-07 at location 56.3°S, 43.3°E. The profile measured temperatures from -0.5°C to 1.9°C and salinities around 34.6 PSU."
1901744,49,-56.186653,42.875465,2020-08-17 05:36:36.000011266,-0.6778,1.8978,34.63135391566265,"ARGO float 1901744 on cycle 49 reported data on 2020-08-17 at location 56.2°S, 42.9°E. The profile measured temperatures from -0.7°C to 1.9°C and salinities around 34.6 PSU."
1901744,50,-55.982792,42.371712,2020-08-27 05:33:32.999998034,-0.6891,1.8821,34.63243152610442,"ARGO float 1901744 on cycle 50 reported data on 2020-08-27 at location 56.0°S, 42.4°E. The profile measured temperatures from -0.7°C to 1.9°C and salinities around 34.6 PSU."
1901745,47,-53.086262,49.307655,2020-08-01 13:44:56.000008288,1.2126,2.1853,34.58820385786802,"ARGO float 1901745 on cycle 47 reported data on 2020-08-01 at location 53.1°S, 49.3°E. The profile measured temperatures from 1.2°C to 2.2°C and salinities around 34.6 PSU."
1901745,48,-53.381088,49.446949,2020-08-11 13:24:28.999984864,1.1559,2.2699,34.58262454361055,"ARGO float 1901745 on cycle 48 reported data on 2020-08-11 at location 53.4°S, 49.4°E. The profile measured temperatures from 1.2°C to 2.3°C and salinities around 34.6 PSU."
1901745,49,-53.984135,48.566654,2020-08-21 13:03:40.999994873,1.0865,2.2055,34.57371009019166,"ARGO float 1901745 on cycle 49 reported data on 2020-08-21 at location 54.0°S, 48.6°E. The profile measured temperatures from 1.1°C to 2.2°C and salinities around 34.6 PSU."
1901745,50,-54.92131,47.589535,2020-08-31 12:56:10.999981466,0.8432,2.185,34.62590804828974,"ARGO float 1901745 on cycle 50 reported data on 2020-08-31 at location 54.9°S, 47.6°E. The profile measured temperatures from 0.8°C to 2.2°C and salinities around 34.6 PSU."
1901747,22,-33.942242,59.40448,2020-08-02 15:22:57.000014480,2.5519,14.9945,34.76655261569417,"ARGO float 1901747 on cycle 22 reported data on 2020-08-02 at location 33.9°S, 59.4°E. The profile measured temperatures from 2.6°C to 15.0°C and salinities around 34.8 PSU."
1901747,23,-34.276527,59.517075,2020-08-12 15:24:21.999996008,2.5622,14.8489,34.768520623742454,"ARGO float 1901747 on cycle 23 reported data on 2020-08-12 at location 34.3°S, 59.5°E. The profile measured temperatures from 2.6°C to 14.8°C and salinities around 34.8 PSU."
1901747,24,-34.67725,59.453365,2020-08-22 14:54:02.000010611,2.5488,14.8798,34.77227419678715,"ARGO float 1901747 on cycle 24 reported data on 2020-08-22 at location 34.7°S, 59.5°E. The profile measured temperatures from 2.5°C to 14.9°C and salinities around 34.8 PSU."
1901748,24,-40.3774185180664,61.0506553649902,2020-08-09 02:59:34.000000209,2.7886,13.5602,34.83115924882629,"ARGO float 1901748 on cycle 24 reported data on 2020-08-09 at location 40.4°S, 61.1°E. The profile measured temperatures from 2.8°C to 13.6°C and salinities around 34.8 PSU."
1901748,25,-40.7104148864746,60.7702751159668,2020-08-19 02:48:54.999999823,2.824,13.456,34.83751594746717,"ARGO float 1901748 on cycle 25 reported data on 2020-08-19 at location 40.7°S, 60.8°E. The profile measured temperatures from 2.8°C to 13.5°C and salinities around 34.8 PSU."
1901748,26,-40.8314666748047,61.4183120727539,2020-08-29 02:12:33.999999819,2.8516,13.3647,34.83490563909774,"ARGO float 1901748 on cycle 26 reported data on 2020-08-29 at location 40.8°S, 61.4°E. The profile measured temperatures from 2.9°C to 13.4°C and salinities around 34.8 PSU."
1901749,22,-39.442387,56.366982,2020-08-05 15:22:05.000014899,2.8024,14.7707,34.784480301507536,"ARGO float 1901749 on cycle 22 reported data on 2020-08-05 at location 39.4°S, 56.4°E. The profile measured temperatures from 2.8°C to 14.8°C and salinities around 34.8 PSU."
1901749,23,-41.072346,57.943752,2020-08-15 14:41:56.000005607,2.7032,14.217,34.79271649899397,"ARGO float 1901749 on cycle 23 reported data on 2020-08-15 at location 41.1°S, 57.9°E. The profile measured temperatures from 2.7°C to 14.2°C and salinities around 34.8 PSU."
1901749,24,-41.950722,58.826965,2020-08-25 14:19:20.999992488,2.7796,13.6173,34.72709425403225,"ARGO float 1901749 on cycle 24 reported data on 2020-08-25 at location 42.0°S, 58.8°E. The profile measured temperatures from 2.8°C to 13.6°C and salinities around 34.7 PSU."
1901750,21,-52.2300834655762,62.8306198120117,2020-08-01 19:22:33.000000173,1.7078,2.6131,34.51168992537313,"ARGO float 1901750 on cycle 21 reported data on 2020-08-01 at location 52.2°S, 62.8°E. The profile measured temperatures from 1.7°C to 2.6°C and salinities around 34.5 PSU."
1901750,22,-52.4103240966797,63.3307762145996,2020-08-11 18:59:02.999999978,1.771,2.4959,34.50736186915888,"ARGO float 1901750 on cycle 22 reported data on 2020-08-11 at location 52.4°S, 63.3°E. The profile measured temperatures from 1.8°C to 2.5°C and salinities around 34.5 PSU."
1901750,23,-52.4029922485352,63.4224166870117,2020-08-21 19:11:32.999999913,1.7892,2.4957,34.50171925233645,"ARGO float 1901750 on cycle 23 reported data on 2020-08-21 at location 52.4°S, 63.4°E. The profile measured temperatures from 1.8°C to 2.5°C and salinities around 34.5 PSU."
1901750,24,-52.2687377929688,63.4879150390625,2020-08-31 19:11:32.999999913,1.7626,2.5051,34.491860484622556,"ARGO float 1901750 on cycle 24 reported data on 2020-08-31 at location 52.3°S, 63.5°E. The profile measured temperatures from 1.8°C to 2.5°C and salinities around 34.5 PSU."
1901751,21,-52.1360893249512,58.4125175476074,2020-08-02 20:36:51.999999914,1.6941,2.5388,34.5278436329588,"ARGO float 1901751 on cycle 21 reported data on 2020-08-02 at location 52.1°S, 58.4°E. The profile measured temperatures from 1.7°C to 2.5°C and salinities around 34.5 PSU."
1901751,22,-52.3207397460938,58.6096420288086,2020-08-12 20:25:02.999999830,1.696,2.5016,34.53322080599813,"ARGO float 1901751 on cycle 22 reported data on 2020-08-12 at location 52.3°S, 58.6°E. The profile measured temperatures from 1.7°C to 2.5°C and salinities around 34.5 PSU."
1901751,23,-52.4820404052734,59.0209541320801,2020-08-22 20:06:52.999999945,1.6883,2.4786,34.526488262910796,"ARGO float 1901751 on cycle 23 reported data on 2020-08-22 at location 52.5°S, 59.0°E. The profile measured temperatures from 1.7°C to 2.5°C and salinities around 34.5 PSU."
1901752,21,-55.355629,62.659294,2020-08-03 17:31:08.000020087,1.2336,2.3502,34.58372331658291,"ARGO float 1901752 on cycle 21 reported data on 2020-08-03 at location 55.4°S, 62.7°E. The profile measured temperatures from 1.2°C to 2.4°C and salinities around 34.6 PSU."
1901752,22,-55.598282,63.330002,2020-08-13 17:29:56.000008288,1.0227,2.3637,34.575976737160126,"ARGO float 1901752 on cycle 22 reported data on 2020-08-13 at location 55.6°S, 63.3°E. The profile measured temperatures from 1.0°C to 2.4°C and salinities around 34.6 PSU."
1901752,23,-55.950588,63.588333,2020-08-23 17:05:52.999989685,0.9932,2.3432,34.57459989939638,"ARGO float 1901752 on cycle 23 reported data on 2020-08-23 at location 56.0°S, 63.6°E. The profile measured temperatures from 1.0°C to 2.3°C and salinities around 34.6 PSU."
1901753,21,-59.90049,52.088604,2020-08-04 09:40:42.999985816,-0.6753,1.9987,34.64437183098591,"ARGO float 1901753 on cycle 21 reported data on 2020-08-04 at location 59.9°S, 52.1°E. The profile measured temperatures from -0.7°C to 2.0°C and salinities around 34.6 PSU."
1901753,22,-60.186527,51.648746,2020-08-14 09:17:12.999989388,-0.9743,1.973,34.64594350453172,"ARGO float 1901753 on cycle 22 reported data on 2020-08-14 at location 60.2°S, 51.6°E. The profile measured temperatures from -1.0°C to 2.0°C and salinities around 34.6 PSU."
1901753,23,-60.269485,51.18261,2020-08-24 08:55:11.999993030,-1.2068,1.9689,34.64170591182365,"ARGO float 1901753 on cycle 23 reported data on 2020-08-24 at location 60.3°S, 51.2°E. The profile measured temperatures from -1.2°C to 2.0°C and salinities around 34.6 PSU."
1901754,21,-32.8068,58.2506,2020-08-09 09:48:40.000013712,2.57,15.832,34.77749149149149,"ARGO float 1901754 on cycle 21 reported data on 2020-08-09 at location 32.8°S, 58.3°E. The profile measured temperatures from 2.6°C to 15.8°C and salinities around 34.8 PSU."
1901754,22,-32.9059,58.5841,2020-08-19 09:45:22.000001371,2.557,15.807,34.789925128205134,"ARGO float 1901754 on cycle 22 reported data on 2020-08-19 at location 32.9°S, 58.6°E. The profile measured temperatures from 2.6°C to 15.8°C and salinities around 34.8 PSU."
1901754,23,-32.9841,58.6684,2020-08-29 10:32:26.000012751,2.55,17.498,34.805248987854256,"ARGO float 1901754 on cycle 23 reported data on 2020-08-29 at location 33.0°S, 58.7°E. The profile measured temperatures from 2.5°C to 17.5°C and salinities around 34.8 PSU."
1901755,21,-41.2083,62.4443,2020-08-10 11:51:43.999994698,2.97,13.647,34.91339357429719,"ARGO float 1901755 on cycle 21 reported data on 2020-08-10 at location 41.2°S, 62.4°E. The profile measured temperatures from 3.0°C to 13.6°C and salinities around 34.9 PSU."
1901755,22,-40.3711,62.5537,2020-08-20 12:22:29.000005423,2.912,13.546,34.881886,"ARGO float 1901755 on cycle 22 reported data on 2020-08-20 at location 40.4°S, 62.6°E. The profile measured temperatures from 2.9°C to 13.5°C and salinities around 34.9 PSU."
1901755,23,-39.6587,62.8103,2020-08-30 12:34:35.000010428,2.922,13.477,34.843758163265306,"ARGO float 1901755 on cycle 23 reported data on 2020-08-30 at location 39.7°S, 62.8°E. The profile measured temperatures from 2.9°C to 13.5°C and salinities around 34.8 PSU."
1901756,20,-44.1875,79.7786,2020-08-01 03:38:29.999983012,2.426,11.304,34.53027527527528,"ARGO float 1901756 on cycle 20 reported data on 2020-08-01 at location 44.2°S, 79.8°E. The profile measured temperatures from 2.4°C to 11.3°C and salinities around 34.5 PSU."
1901756,21,-43.5057,79.2213,2020-08-11 03:14:14.999989274,2.361,10.218,34.51177114427861,"ARGO float 1901756 on cycle 21 reported data on 2020-08-11 at location 43.5°S, 79.2°E. The profile measured temperatures from 2.4°C to 10.2°C and salinities around 34.5 PSU."
1901756,22,-42.8184,80.2121,2020-08-21 02:42:44.999981222,2.4,10.7,34.52077277277277,"ARGO float 1901756 on cycle 22 reported data on 2020-08-21 at location 42.8°S, 80.2°E. The profile measured temperatures from 2.4°C to 10.7°C and salinities around 34.5 PSU."
1901756,23,-43.1086,81.5419,2020-08-31 03:01:21.999997790,2.438,10.466,34.54414923857868,"ARGO float 1901756 on cycle 23 reported data on 2020-08-31 at location 43.1°S, 81.5°E. The profile measured temperatures from 2.4°C to 10.5°C and salinities around 34.5 PSU."
1901757,20,-49.9671,88.1899,2020-08-01 13:13:39.000010192,2.164,7.412,34.4247631840796,"ARGO float 1901757 on cycle 20 reported data on 2020-08-01 at location 50.0°S, 88.2°E. The profile measured temperatures from 2.2°C to 7.4°C and salinities around 34.4 PSU."
1901757,21,-50.7815,89.4995,2020-08-11 13:50:44.000011685,2.058,6.938,34.45654225352113,"ARGO float 1901757 on cycle 21 reported data on 2020-08-11 at location 50.8°S, 89.5°E. The profile measured temperatures from 2.1°C to 6.9°C and salinities around 34.5 PSU."
1901757,22,-51.3627,88.9567,2020-08-21 14:34:51.000017519,2.033,5.361,34.452366999999995,"ARGO float 1901757 on cycle 22 reported data on 2020-08-21 at location 51.4°S, 89.0°E. The profile measured temperatures from 2.0°C to 5.4°C and salinities around 34.5 PSU."
1901757,23,-52.3483,90.2091,2020-08-31 15:16:02.000012401,1.813,5.861,34.50480603015075,"ARGO float 1901757 on cycle 23 reported data on 2020-08-31 at location 52.3°S, 90.2°E. The profile measured temperatures from 1.8°C to 5.9°C and salinities around 34.5 PSU."
1901758,20,-41.8748664855957,78.130012512207,2020-08-01 13:56:03.000000131,2.4389,10.7932,34.54010526315789,"ARGO float 1901758 on cycle 20 reported data on 2020-08-01 at location 41.9°S, 78.1°E. The profile measured temperatures from 2.4°C to 10.8°C and salinities around 34.5 PSU."
1901758,21,-41.9348182678223,78.4776458740234,2020-08-11 14:44:53.999999750,2.4553,10.5154,34.54653427230047,"ARGO float 1901758 on cycle 21 reported data on 2020-08-11 at location 41.9°S, 78.5°E. The profile measured temperatures from 2.5°C to 10.5°C and salinities around 34.5 PSU."
1901758,22,-41.7941703796387,78.8296432495117,2020-08-21 14:54:51.000000059,2.4901,10.9197,34.558665507518796,"ARGO float 1901758 on cycle 22 reported data on 2020-08-21 at location 41.8°S, 78.8°E. The profile measured temperatures from 2.5°C to 10.9°C and salinities around 34.6 PSU."
1901758,23,-41.6755638122559,79.8999252319336,2020-08-31 15:20:28.000000080,2.5145,11.9253,34.645612312030075,"ARGO float 1901758 on cycle 23 reported data on 2020-08-31 at location 41.7°S, 79.9°E. The profile measured temperatures from 2.5°C to 11.9°C and salinities around 34.6 PSU."
1901786,222,-24.00706,50.94732,2020-08-01 03:49:02.000392893,2.492,21.489,34.86597827411167,"ARGO float 1901786 on cycle 222 reported data on 2020-08-01 at location 24.0°S, 50.9°E. The profile measured temperatures from 2.5°C to 21.5°C and salinities around 34.9 PSU."
1901786,223,-24.38307,51.46335,2020-08-10 22:22:41.002392149,4.634,21.813,35.0355896494157,"ARGO float 1901786 on cycle 223 reported data on 2020-08-10 at location 24.4°S, 51.5°E. The profile measured temperatures from 4.6°C to 21.8°C and salinities around 35.0 PSU."
1901786,224,-25.22533,51.50289,2020-08-20 17:25:31.001860240,4.598,23.093,35.02208673139159,"ARGO float 1901786 on cycle 224 reported data on 2020-08-20 at location 25.2°S, 51.5°E. The profile measured temperatures from 4.6°C to 23.1°C and salinities around 35.0 PSU."
1901786,225,-25.76195,51.5773,2020-08-30 12:35:14.001338440,4.426,23.174,35.02567877862595,"ARGO float 1901786 on cycle 225 reported data on 2020-08-30 at location 25.8°S, 51.6°E. The profile measured temperatures from 4.4°C to 23.2°C and salinities around 35.0 PSU."
1901786,226,-25.7947,51.58059,2020-08-31 17:05:01.001831089,2.5,23.506,34.87489525731584,"ARGO float 1901786 on cycle 226 reported data on 2020-08-31 at location 25.8°S, 51.6°E. The profile measured temperatures from 2.5°C to 23.5°C and salinities around 34.9 PSU."
1901787,226,-19.47261,65.44486,2020-08-05 17:39:14.001880694,4.582,22.897,34.97247221350079,"ARGO float 1901787 on cycle 226 reported data on 2020-08-05 at location 19.5°S, 65.4°E. The profile measured temperatures from 4.6°C to 22.9°C and salinities around 35.0 PSU."
1901787,227,-19.28064,65.34216,2020-08-15 10:48:53.001142439,4.644,23.292,34.955700155521,"ARGO float 1901787 on cycle 227 reported data on 2020-08-15 at location 19.3°S, 65.3°E. The profile measured temperatures from 4.6°C to 23.3°C and salinities around 35.0 PSU."
1901787,228,-19.08998,65.48218,2020-08-25 04:02:16.000432031,4.402,22.857,34.94707278106509,"ARGO float 1901787 on cycle 228 reported data on 2020-08-25 at location 19.1°S, 65.5°E. The profile measured temperatures from 4.4°C to 22.9°C and salinities around 34.9 PSU."
1901787,229,-19.0456,65.4939,2020-08-26 06:10:27.000658286,2.238,22.997,34.870631733594514,"ARGO float 1901787 on cycle 229 reported data on 2020-08-26 at location 19.0°S, 65.5°E. The profile measured temperatures from 2.2°C to 23.0°C and salinities around 34.9 PSU."
1901789,224,-38.03442,47.72522,2020-08-09 17:26:13.001861569,5.379,15.896,35.1367994047619,"ARGO float 1901789 on cycle 224 reported data on 2020-08-09 at location 38.0°S, 47.7°E. The profile measured temperatures from 5.4°C to 15.9°C and salinities around 35.1 PSU."
1901789,225,-36.97954,47.25909,2020-08-19 13:41:34.001454094,4.759,16.581,35.07191651090343,"ARGO float 1901789 on cycle 225 reported data on 2020-08-19 at location 37.0°S, 47.3°E. The profile measured temperatures from 4.8°C to 16.6°C and salinities around 35.1 PSU."
1901789,226,-36.77801,47.3696,2020-08-20 16:38:20.001771784,2.868,16.68,34.900832448979585,"ARGO float 1901789 on cycle 226 reported data on 2020-08-20 at location 36.8°S, 47.4°E. The profile measured temperatures from 2.9°C to 16.7°C and salinities around 34.9 PSU."
1901789,227,-36.19255,48.79681,2020-08-30 11:18:36.001206256,5.146,16.219,35.04662805280528,"ARGO float 1901789 on cycle 227 reported data on 2020-08-30 at location 36.2°S, 48.8°E. The profile measured temperatures from 5.1°C to 16.2°C and salinities around 35.0 PSU."
1901790,223,-37.79806,22.04192,2020-08-09 14:39:18.001558509,6.011,20.297,35.13822899505766,"ARGO float 1901790 on cycle 223 reported data on 2020-08-09 at location 37.8°S, 22.0°E. The profile measured temperatures from 6.0°C to 20.3°C and salinities around 35.1 PSU."
1901790,224,-40.06799,21.2363,2020-08-19 09:26:31.001003384,5.715,17.952,35.1205647819063,"ARGO float 1901790 on cycle 224 reported data on 2020-08-19 at location 40.1°S, 21.2°E. The profile measured temperatures from 5.7°C to 18.0°C and salinities around 35.1 PSU."
1901790,225,-38.76764,23.17378,2020-08-29 04:27:35.000468386,4.746,17.635,35.11824664634147,"ARGO float 1901790 on cycle 225 reported data on 2020-08-29 at location 38.8°S, 23.2°E. The profile measured temperatures from 4.7°C to 17.6°C and salinities around 35.1 PSU."
1901790,226,-38.49525,23.42937,2020-08-30 08:58:45.000942404,2.871,17.67,34.89259035433071,"ARGO float 1901790 on cycle 226 reported data on 2020-08-30 at location 38.5°S, 23.4°E. The profile measured temperatures from 2.9°C to 17.7°C and salinities around 34.9 PSU."
1901792,230,-19.91813,49.71688,2020-08-01 07:05:45.000758114,2.821,24.014,34.83630254841998,"ARGO float 1901792 on cycle 230 reported data on 2020-08-01 at location 19.9°S, 49.7°E. The profile measured temperatures from 2.8°C to 24.0°C and salinities around 34.8 PSU."
1901792,231,-20.56102,49.20954,2020-08-11 01:31:01.000152243,4.905,23.789,34.950845847176076,"ARGO float 1901792 on cycle 231 reported data on 2020-08-11 at location 20.6°S, 49.2°E. The profile measured temperatures from 4.9°C to 23.8°C and salinities around 35.0 PSU."
1901792,232,-21.07105,49.24656,2020-08-20 20:26:39.002183545,4.386,23.951,34.9450228748068,"ARGO float 1901792 on cycle 232 reported data on 2020-08-20 at location 21.1°S, 49.2°E. The profile measured temperatures from 4.4°C to 24.0°C and salinities around 34.9 PSU."
1901792,233,-21.38924,49.02649,2020-08-30 15:32:59.001655778,4.353,24.266,34.916273363774735,"ARGO float 1901792 on cycle 233 reported data on 2020-08-30 at location 21.4°S, 49.0°E. The profile measured temperatures from 4.4°C to 24.3°C and salinities around 34.9 PSU."
1901792,234,-21.31832,49.0542,2020-08-31 17:34:20.001873262,2.671,24.186,34.83570657229525,"ARGO float 1901792 on cycle 234 reported data on 2020-08-31 at location 21.3°S, 49.1°E. The profile measured temperatures from 2.7°C to 24.2°C and salinities around 34.8 PSU."
1901793,220,-26.14957,36.85915,2020-08-03 06:23:13.000677040,4.771,21.665,35.043077777777775,"ARGO float 1901793 on cycle 220 reported data on 2020-08-03 at location 26.1°S, 36.9°E. The profile measured temperatures from 4.8°C to 21.7°C and salinities around 35.0 PSU."
1901793,221,-26.07627,36.88531,2020-08-04 10:39:51.001129526,2.676,22.3,34.92520656370657,"ARGO float 1901793 on cycle 221 reported data on 2020-08-04 at location 26.1°S, 36.9°E. The profile measured temperatures from 2.7°C to 22.3°C and salinities around 34.9 PSU."
1901793,222,-25.60356,37.0084,2020-08-14 05:39:15.000593155,4.867,21.402,35.032136377473364,"ARGO float 1901793 on cycle 222 reported data on 2020-08-14 at location 25.6°S, 37.0°E. The profile measured temperatures from 4.9°C to 21.4°C and salinities around 35.0 PSU."
1901793,223,-24.91835,36.89733,2020-08-24 00:47:59.000068242,4.667,21.755,35.05715221518987,"ARGO float 1901793 on cycle 223 reported data on 2020-08-24 at location 24.9°S, 36.9°E. The profile measured temperatures from 4.7°C to 21.8°C and salinities around 35.1 PSU."
1901794,223,-41.14953,38.05047,2020-08-06 05:46:30.000603374,3.391,11.173,34.44662912,"ARGO float 1901794 on cycle 223 reported data on 2020-08-06 at location 41.1°S, 38.1°E. The profile measured temperatures from 3.4°C to 11.2°C and salinities around 34.4 PSU."
1901794,224,-41.2581,38.28941,2020-08-15 22:27:25.002399447,3.473,10.94,34.45497821138211,"ARGO float 1901794 on cycle 224 reported data on 2020-08-15 at location 41.3°S, 38.3°E. The profile measured temperatures from 3.5°C to 10.9°C and salinities around 34.5 PSU."
1901794,225,-41.2751,38.51018,2020-08-25 15:07:45.001619330,3.442,12.244,34.59501483870967,"ARGO float 1901794 on cycle 225 reported data on 2020-08-25 at location 41.3°S, 38.5°E. The profile measured temperatures from 3.4°C to 12.2°C and salinities around 34.6 PSU."
1901794,226,-41.27785,38.55068,2020-08-26 17:04:25.001829583,2.683,11.006,34.58475682281059,"ARGO float 1901794 on cycle 226 reported data on 2020-08-26 at location 41.3°S, 38.6°E. The profile measured temperatures from 2.7°C to 11.0°C and salinities around 34.6 PSU."
1901796,221,-24.75165,40.20178,2020-08-09 03:42:46.000382952,4.46,22.5,20.68994840871022,"ARGO float 1901796 on cycle 221 reported data on 2020-08-09 at location 24.8°S, 40.2°E. The profile measured temperatures from 4.5°C to 22.5°C and salinities around 20.7 PSU."
1901796,222,-25.19965,40.03556,2020-08-18 22:01:18.002361601,4.354,22.139,27.19277980456026,"ARGO float 1901796 on cycle 222 reported data on 2020-08-18 at location 25.2°S, 40.0°E. The profile measured temperatures from 4.4°C to 22.1°C and salinities around 27.2 PSU."
1901796,223,-24.95302,39.8877,2020-08-28 16:16:24.001739814,4.164,22.661,64.642653820598,"ARGO float 1901796 on cycle 223 reported data on 2020-08-28 at location 25.0°S, 39.9°E. The profile measured temperatures from 4.2°C to 22.7°C and salinities around 64.6 PSU."
1901796,224,-24.89496,39.94257,2020-08-29 20:25:41.002181929,2.705,22.518,24.636801011122348,"ARGO float 1901796 on cycle 224 reported data on 2020-08-29 at location 24.9°S, 39.9°E. The profile measured temperatures from 2.7°C to 22.5°C and salinities around 24.6 PSU."
1901797,224,-23.43459,66.06355,2020-08-10 13:20:06.001423949,4.424,22.258,35.00315397082658,"ARGO float 1901797 on cycle 224 reported data on 2020-08-10 at location 23.4°S, 66.1°E. The profile measured temperatures from 4.4°C to 22.3°C and salinities around 35.0 PSU."
1901797,225,-23.42784,66.0987,2020-08-11 16:20:04.001745664,2.366,22.518,34.855833981576254,"ARGO float 1901797 on cycle 225 reported data on 2020-08-11 at location 23.4°S, 66.1°E. The profile measured temperatures from 2.4°C to 22.5°C and salinities around 34.9 PSU."
1901797,226,-23.52952,66.0828,2020-08-21 10:39:15.001129592,4.554,21.94,35.01352822185971,"ARGO float 1901797 on cycle 226 reported data on 2020-08-21 at location 23.5°S, 66.1°E. The profile measured temperatures from 4.6°C to 21.9°C and salinities around 35.0 PSU."
1901797,227,-23.67969,66.00582,2020-08-31 04:46:33.000495844,4.656,22.16,35.01790795262267,"ARGO float 1901797 on cycle 227 reported data on 2020-08-31 at location 23.7°S, 66.0°E. The profile measured temperatures from 4.7°C to 22.2°C and salinities around 35.0 PSU."
1901798,222,-36.3313,55.11106,2020-08-09 20:01:01.002147139,5.205,14.367,35.002489381933444,"ARGO float 1901798 on cycle 222 reported data on 2020-08-09 at location 36.3°S, 55.1°E. The profile measured temperatures from 5.2°C to 14.4°C and salinities around 35.0 PSU."
1901798,223,-36.33519,54.57485,2020-08-19 14:36:04.001554333,5.854,14.371,35.024364607679466,"ARGO float 1901798 on cycle 223 reported data on 2020-08-19 at location 36.3°S, 54.6°E. The profile measured temperatures from 5.9°C to 14.4°C and salinities around 35.0 PSU."
1901798,224,-36.33273,54.52846,2020-08-20 18:55:41.002010935,2.749,14.361,34.83263060217177,"ARGO float 1901798 on cycle 224 reported data on 2020-08-20 at location 36.3°S, 54.5°E. The profile measured temperatures from 2.7°C to 14.4°C and salinities around 34.8 PSU."
1901798,225,-36.25008,53.78106,2020-08-30 13:28:24.001435381,5.971,14.835,35.07378006872852,"ARGO float 1901798 on cycle 225 reported data on 2020-08-30 at location 36.3°S, 53.8°E. The profile measured temperatures from 6.0°C to 14.8°C and salinities around 35.1 PSU."
1901799,222,-26.86455,77.78195,2020-08-09 14:14:37.001522221,4.727,19.819,35.06948903654485,"ARGO float 1901799 on cycle 222 reported data on 2020-08-09 at location 26.9°S, 77.8°E. The profile measured temperatures from 4.7°C to 19.8°C and salinities around 35.1 PSU."
1901799,223,-26.62845,77.38294,2020-08-19 09:07:58.000975489,4.362,19.638,35.047039344262295,"ARGO float 1901799 on cycle 223 reported data on 2020-08-19 at location 26.6°S, 77.4°E. The profile measured temperatures from 4.4°C to 19.6°C and salinities around 35.0 PSU."
1901799,224,-26.61578,77.31559,2020-08-20 13:29:00.001436879,2.652,19.82,34.88849874879692,"ARGO float 1901799 on cycle 224 reported data on 2020-08-20 at location 26.6°S, 77.3°E. The profile measured temperatures from 2.7°C to 19.8°C and salinities around 34.9 PSU."
1901799,225,-26.74228,76.82193,2020-08-30 08:00:25.000858177,4.476,20.54,35.06787487684729,"ARGO float 1901799 on cycle 225 reported data on 2020-08-30 at location 26.7°S, 76.8°E. The profile measured temperatures from 4.5°C to 20.5°C and salinities around 35.1 PSU."
1901800,176,-55.95507,101.81527,2020-08-09 19:46:37.002105157,0.291,2.291,34.61379883608147,"ARGO float 1901800 on cycle 176 reported data on 2020-08-09 at location 56.0°S, 101.8°E. The profile measured temperatures from 0.3°C to 2.3°C and salinities around 34.6 PSU."
1901800,177,-55.54803,101.68045,2020-08-19 20:01:39.002147224,0.033,2.238,34.589619867549665,"ARGO float 1901800 on cycle 177 reported data on 2020-08-19 at location 55.5°S, 101.7°E. The profile measured temperatures from 0.0°C to 2.2°C and salinities around 34.6 PSU."
1901800,178,-55.30854,101.2253,2020-08-29 20:30:32.002189286,-0.041,2.224,34.59987659574468,"ARGO float 1901800 on cycle 178 reported data on 2020-08-29 at location 55.3°S, 101.2°E. The profile measured temperatures from -0.0°C to 2.2°C and salinities around 34.6 PSU."
1901802,173,-12.248,66.325,2020-08-04 19:32:30.002085064,2.289,26.788,34.77202805611222,"ARGO float 1901802 on cycle 173 reported data on 2020-08-04 at location 12.2°S, 66.3°E. The profile measured temperatures from 2.3°C to 26.8°C and salinities around 34.8 PSU."
1901802,174,-12.428,66.351,2020-08-14 18:06:55.001939875,2.215,26.503,34.780065,"ARGO float 1901802 on cycle 174 reported data on 2020-08-14 at location 12.4°S, 66.4°E. The profile measured temperatures from 2.2°C to 26.5°C and salinities around 34.8 PSU."
1901802,175,-12.762,66.234,2020-08-24 19:07:22.002048759,2.191,26.114,34.77360960960961,"ARGO float 1901802 on cycle 175 reported data on 2020-08-24 at location 12.8°S, 66.2°E. The profile measured temperatures from 2.2°C to 26.1°C and salinities around 34.8 PSU."
1901804,173,-1.667,62.766,2020-08-01 18:05:25.001938325,2.7,29.76,34.968984031936124,"ARGO float 1901804 on cycle 173 reported data on 2020-08-01 at location 1.7°S, 62.8°E. The profile measured temperatures from 2.7°C to 29.8°C and salinities around 35.0 PSU."
1901804,174,-1.119,63.715,2020-08-11 19:26:00.002076250,2.756,29.349,34.97068769074263,"ARGO float 1901804 on cycle 174 reported data on 2020-08-11 at location 1.1°S, 63.7°E. The profile measured temperatures from 2.8°C to 29.3°C and salinities around 35.0 PSU."
1901804,175,-1.192,64.412,2020-08-21 19:23:36.002071824,2.709,29.715,34.970437,"ARGO float 1901804 on cycle 175 reported data on 2020-08-21 at location 1.2°S, 64.4°E. The profile measured temperatures from 2.7°C to 29.7°C and salinities around 35.0 PSU."
1901804,176,-1.051,64.838,2020-08-31 19:28:19.002079197,2.825,29.086,34.96734756097561,"ARGO float 1901804 on cycle 176 reported data on 2020-08-31 at location 1.1°S, 64.8°E. The profile measured temperatures from 2.8°C to 29.1°C and salinities around 35.0 PSU."
1901805,136,-18.15,50.405,2020-08-07 19:18:11.002064685,2.555,24.018,34.8357047047047,"ARGO float 1901805 on cycle 136 reported data on 2020-08-07 at location 18.1°S, 50.4°E. The profile measured temperatures from 2.6°C to 24.0°C and salinities around 34.8 PSU."
1901805,137,-18.589,50.346,2020-08-17 19:21:56.002068878,2.566,24.044,34.851425851703404,"ARGO float 1901805 on cycle 137 reported data on 2020-08-17 at location 18.6°S, 50.3°E. The profile measured temperatures from 2.6°C to 24.0°C and salinities around 34.9 PSU."
1901805,138,-18.66,50.306,2020-08-27 19:22:47.002070426,2.592,24.597,34.84547342026078,"ARGO float 1901805 on cycle 138 reported data on 2020-08-27 at location 18.7°S, 50.3°E. The profile measured temperatures from 2.6°C to 24.6°C and salinities around 34.8 PSU."
1901809,213,-46.64863,121.08109,2020-08-05 10:02:01.001075712,4.619,10.623,34.50537592867756,"ARGO float 1901809 on cycle 213 reported data on 2020-08-05 at location 46.6°S, 121.1°E. The profile measured temperatures from 4.6°C to 10.6°C and salinities around 34.5 PSU."
1901809,214,-46.8739,122.27497,2020-08-15 01:44:47.000171201,4.551,10.244,34.52056676136363,"ARGO float 1901809 on cycle 214 reported data on 2020-08-15 at location 46.9°S, 122.3°E. The profile measured temperatures from 4.6°C to 10.2°C and salinities around 34.5 PSU."
1901809,215,-46.80028,123.04355,2020-08-24 22:51:26.002434228,2.52,9.966,34.50649541284404,"ARGO float 1901809 on cycle 215 reported data on 2020-08-24 at location 46.8°S, 123.0°E. The profile measured temperatures from 2.5°C to 10.0°C and salinities around 34.5 PSU."
1901810,166,-48.8559,113.54359,2020-08-09 17:17:33.001848456,3.02,8.471,34.1873690140845,"ARGO float 1901810 on cycle 166 reported data on 2020-08-09 at location 48.9°S, 113.5°E. The profile measured temperatures from 3.0°C to 8.5°C and salinities around 34.2 PSU."
1901810,167,-48.74305,115.16869,2020-08-19 09:04:23.000971440,3.043,8.59,34.218448571428574,"ARGO float 1901810 on cycle 167 reported data on 2020-08-19 at location 48.7°S, 115.2°E. The profile measured temperatures from 3.0°C to 8.6°C and salinities around 34.2 PSU."
1901810,168,-49.5017,116.7851,2020-08-29 06:51:00.000717822,2.146,8.421,34.386647603027754,"ARGO float 1901810 on cycle 168 reported data on 2020-08-29 at location 49.5°S, 116.8°E. The profile measured temperatures from 2.1°C to 8.4°C and salinities around 34.4 PSU."
1901811,166,-58.06406,100.57777,2020-08-03 10:31:37.001117766,-0.799,2.03,34.40466233766234,"ARGO float 1901811 on cycle 166 reported data on 2020-08-03 at location 58.1°S, 100.6°E. The profile measured temperatures from -0.8°C to 2.0°C and salinities around 34.4 PSU."
1901811,167,-57.65521,100.46617,2020-08-13 03:26:48.000359544,-0.687,2.017,34.41004441260745,"ARGO float 1901811 on cycle 167 reported data on 2020-08-13 at location 57.7°S, 100.5°E. The profile measured temperatures from -0.7°C to 2.0°C and salinities around 34.4 PSU."
1901811,168,-57.40512,100.1425,2020-08-22 20:08:25.002157266,-0.754,1.988,34.39428591954023,"ARGO float 1901811 on cycle 168 reported data on 2020-08-22 at location 57.4°S, 100.1°E. The profile measured temperatures from -0.8°C to 2.0°C and salinities around 34.4 PSU."
1901812,169,-47.15896,140.15788,2020-08-05 09:36:26.001017686,4.75,10.033,34.68514198473282,"ARGO float 1901812 on cycle 169 reported data on 2020-08-05 at location 47.2°S, 140.2°E. The profile measured temperatures from 4.8°C to 10.0°C and salinities around 34.7 PSU."
1901812,170,-46.57284,139.94905,2020-08-15 01:20:44.000136260,4.617,9.993,34.672805594405595,"ARGO float 1901812 on cycle 170 reported data on 2020-08-15 at location 46.6°S, 139.9°E. The profile measured temperatures from 4.6°C to 10.0°C and salinities around 34.7 PSU."
1901812,171,-47.28792,140.10633,2020-08-24 17:01:07.001825416,4.664,9.972,34.689223922114046,"ARGO float 1901812 on cycle 171 reported data on 2020-08-24 at location 47.3°S, 140.1°E. The profile measured temperatures from 4.7°C to 10.0°C and salinities around 34.7 PSU."
1901813,165,-49.58182,89.23454,2020-08-02 07:31:19.000796102,2.095,7.346,34.35616309719934,"ARGO float 1901813 on cycle 165 reported data on 2020-08-02 at location 49.6°S, 89.2°E. The profile measured temperatures from 2.1°C to 7.3°C and salinities around 34.4 PSU."
1901813,166,-49.61453,90.25124,2020-08-11 23:18:15.002493828,2.959,6.807,34.22304874446086,"ARGO float 1901813 on cycle 166 reported data on 2020-08-11 at location 49.6°S, 90.3°E. The profile measured temperatures from 3.0°C to 6.8°C and salinities around 34.2 PSU."
1901813,167,-49.60889,91.31368,2020-08-21 15:14:14.001629792,2.935,8.805,34.1888147632312,"ARGO float 1901813 on cycle 167 reported data on 2020-08-21 at location 49.6°S, 91.3°E. The profile measured temperatures from 2.9°C to 8.8°C and salinities around 34.2 PSU."
1901813,168,-49.5523,90.58699,2020-08-31 06:55:59.000723598,3.118,8.112,34.34919616519174,"ARGO float 1901813 on cycle 168 reported data on 2020-08-31 at location 49.6°S, 90.6°E. The profile measured temperatures from 3.1°C to 8.1°C and salinities around 34.3 PSU."
1901831,166,-51.94001,88.60615,2020-08-07 22:13:10.002379051,1.63,3.689,34.479276744186045,"ARGO float 1901831 on cycle 166 reported data on 2020-08-07 at location 51.9°S, 88.6°E. The profile measured temperatures from 1.6°C to 3.7°C and salinities around 34.5 PSU."
1901831,167,-51.81071,89.12931,2020-08-17 22:18:35.002386501,1.741,4.257,34.45510337512054,"ARGO float 1901831 on cycle 167 reported data on 2020-08-17 at location 51.8°S, 89.1°E. The profile measured temperatures from 1.7°C to 4.3°C and salinities around 34.5 PSU."
1901831,168,-52.49253,89.85391,2020-08-27 22:14:08.002380667,1.534,3.611,34.49921709894332,"ARGO float 1901831 on cycle 168 reported data on 2020-08-27 at location 52.5°S, 89.9°E. The profile measured temperatures from 1.5°C to 3.6°C and salinities around 34.5 PSU."
1901832,166,-47.5317,79.64668,2020-08-08 15:27:07.001648614,2.263,7.209,34.5093261627907,"ARGO float 1901832 on cycle 166 reported data on 2020-08-08 at location 47.5°S, 79.6°E. The profile measured temperatures from 2.3°C to 7.2°C and salinities around 34.5 PSU."
1901832,167,-46.75494,80.04507,2020-08-18 16:07:44.001726700,2.054,6.905,34.529774879227055,"ARGO float 1901832 on cycle 167 reported data on 2020-08-18 at location 46.8°S, 80.0°E. The profile measured temperatures from 2.1°C to 6.9°C and salinities around 34.5 PSU."
1901832,168,-46.6798,79.31478,2020-08-28 16:26:20.001754351,2.107,6.829,34.51121068999028,"ARGO float 1901832 on cycle 168 reported data on 2020-08-28 at location 46.7°S, 79.3°E. The profile measured temperatures from 2.1°C to 6.8°C and salinities around 34.5 PSU."
1901833,166,-36.99747,59.81025,2020-08-08 18:10:53.001945531,2.711,13.886,34.81652129277567,"ARGO float 1901833 on cycle 166 reported data on 2020-08-08 at location 37.0°S, 59.8°E. The profile measured temperatures from 2.7°C to 13.9°C and salinities around 34.8 PSU."
1901833,167,-37.7282,60.65972,2020-08-18 19:51:54.002112624,2.744,14.071,34.82301517241379,"ARGO float 1901833 on cycle 167 reported data on 2020-08-18 at location 37.7°S, 60.7°E. The profile measured temperatures from 2.7°C to 14.1°C and salinities around 34.8 PSU."
1901833,168,-38.28697,61.27124,2020-08-28 21:24:28.002287868,2.727,13.671,34.78893515625,"ARGO float 1901833 on cycle 168 reported data on 2020-08-28 at location 38.3°S, 61.3°E. The profile measured temperatures from 2.7°C to 13.7°C and salinities around 34.8 PSU."
1901834,158,-51.37411,144.91644,2020-08-05 04:01:08.000430591,2.077,5.835,34.39016552380952,"ARGO float 1901834 on cycle 158 reported data on 2020-08-05 at location 51.4°S, 144.9°E. The profile measured temperatures from 2.1°C to 5.8°C and salinities around 34.4 PSU."
1901837,159,-34.2621,47.71119,2020-08-10 16:57:57.001799234,2.573,17.283,34.85204269230769,"ARGO float 1901837 on cycle 159 reported data on 2020-08-10 at location 34.3°S, 47.7°E. The profile measured temperatures from 2.6°C to 17.3°C and salinities around 34.9 PSU."
1901837,160,-34.78872,47.00897,2020-08-20 18:04:06.001937146,2.601,17.129,34.84644677574591,"ARGO float 1901837 on cycle 160 reported data on 2020-08-20 at location 34.8°S, 47.0°E. The profile measured temperatures from 2.6°C to 17.1°C and salinities around 34.8 PSU."
1901837,161,-34.59311,46.1503,2020-08-30 19:30:39.002082068,2.59,16.901,34.83768247821878,"ARGO float 1901837 on cycle 161 reported data on 2020-08-30 at location 34.6°S, 46.2°E. The profile measured temperatures from 2.6°C to 16.9°C and salinities around 34.8 PSU."
1901839,139,-13.87123,63.46675,2020-08-01 09:06:38.000974394,2.366,26.108,35.010717790055246,"ARGO float 1901839 on cycle 139 reported data on 2020-08-01 at location 13.9°S, 63.5°E. The profile measured temperatures from 2.4°C to 26.1°C and salinities around 35.0 PSU."
1901839,140,-14.21408,62.65272,2020-08-11 09:13:31.000984495,2.424,25.77,35.081578478260866,"ARGO float 1901839 on cycle 140 reported data on 2020-08-11 at location 14.2°S, 62.7°E. The profile measured temperatures from 2.4°C to 25.8°C and salinities around 35.1 PSU."
1901839,141,-14.6037,61.89475,2020-08-21 09:01:44.000966962,2.395,25.129,35.09004378109453,"ARGO float 1901839 on cycle 141 reported data on 2020-08-21 at location 14.6°S, 61.9°E. The profile measured temperatures from 2.4°C to 25.1°C and salinities around 35.1 PSU."
1901839,142,-14.64033,61.72291,2020-08-31 08:57:05.000941031,2.411,24.884,35.096688124306326,"ARGO float 1901839 on cycle 142 reported data on 2020-08-31 at location 14.6°S, 61.7°E. The profile measured temperatures from 2.4°C to 24.9°C and salinities around 35.1 PSU."
1901840,140,-9.34752,72.66481,2020-08-10 22:04:33.002366013,2.748,26.603,34.938269148936165,"ARGO float 1901840 on cycle 140 reported data on 2020-08-10 at location 9.3°S, 72.7°E. The profile measured temperatures from 2.7°C to 26.6°C and salinities around 34.9 PSU."
1901840,141,-9.80377,73.50078,2020-08-20 21:58:44.002337237,2.729,26.197,34.814225039452914,"ARGO float 1901840 on cycle 141 reported data on 2020-08-20 at location 9.8°S, 73.5°E. The profile measured temperatures from 2.7°C to 26.2°C and salinities around 34.8 PSU."
1901840,142,-10.18712,73.90899,2020-08-30 22:07:10.002370339,2.685,26.405,34.88168733153639,"ARGO float 1901840 on cycle 142 reported data on 2020-08-30 at location 10.2°S, 73.9°E. The profile measured temperatures from 2.7°C to 26.4°C and salinities around 34.9 PSU."
1901841,139,-12.55702,63.89951,2020-08-02 05:41:32.000595941,2.501,26.719,34.852937044534414,"ARGO float 1901841 on cycle 139 reported data on 2020-08-02 at location 12.6°S, 63.9°E. The profile measured temperatures from 2.5°C to 26.7°C and salinities around 34.9 PSU."
1901841,140,-12.29641,64.46583,2020-08-12 05:46:21.000603155,2.363,26.516,34.89838196473551,"ARGO float 1901841 on cycle 140 reported data on 2020-08-12 at location 12.3°S, 64.5°E. The profile measured temperatures from 2.4°C to 26.5°C and salinities around 34.9 PSU."
1901841,141,-11.61709,65.18769,2020-08-22 06:12:02.000661004,2.344,26.247,34.82779046653144,"ARGO float 1901841 on cycle 141 reported data on 2020-08-22 at location 11.6°S, 65.2°E. The profile measured temperatures from 2.3°C to 26.2°C and salinities around 34.8 PSU."
1901842,139,-6.80045,64.32055,2020-08-02 08:37:50.000911806,2.84,27.941,34.88937544596013,"ARGO float 1901842 on cycle 139 reported data on 2020-08-02 at location 6.8°S, 64.3°E. The profile measured temperatures from 2.8°C to 27.9°C and salinities around 34.9 PSU."
1901842,140,-6.48038,63.7774,2020-08-12 08:28:21.000898868,2.785,27.621,34.89908872574725,"ARGO float 1901842 on cycle 140 reported data on 2020-08-12 at location 6.5°S, 63.8°E. The profile measured temperatures from 2.8°C to 27.6°C and salinities around 34.9 PSU."
1901842,141,-6.23217,63.54013,2020-08-22 08:15:29.000879962,2.769,26.894,34.920532028276234,"ARGO float 1901842 on cycle 141 reported data on 2020-08-22 at location 6.2°S, 63.5°E. The profile measured temperatures from 2.8°C to 26.9°C and salinities around 34.9 PSU."
1901843,139,-14.84614,70.90972,2020-08-04 04:51:19.000503293,2.519,26.447,34.86736299006796,"ARGO float 1901843 on cycle 139 reported data on 2020-08-04 at location 14.8°S, 70.9°E. The profile measured temperatures from 2.5°C to 26.4°C and salinities around 34.9 PSU."
1901843,140,-15.22101,70.90332,2020-08-14 05:33:21.000584266,2.595,25.869,34.94514997383568,"ARGO float 1901843 on cycle 140 reported data on 2020-08-14 at location 15.2°S, 70.9°E. The profile measured temperatures from 2.6°C to 25.9°C and salinities around 34.9 PSU."
1901843,141,-15.26091,71.22244,2020-08-24 06:01:34.000644961,2.611,25.887,34.86034270500532,"ARGO float 1901843 on cycle 141 reported data on 2020-08-24 at location 15.3°S, 71.2°E. The profile measured temperatures from 2.6°C to 25.9°C and salinities around 34.9 PSU."
1901846,227,-35.0768,20.6021,2020-08-09 09:34:25.000004323,14.299,16.116,35.318533333333335,"ARGO float 1901846 on cycle 227 reported data on 2020-08-09 at location 35.1°S, 20.6°E. The profile measured temperatures from 14.3°C to 16.1°C and salinities around 35.3 PSU."
1901847,227,-40.6399,29.8919,2020-08-09 14:15:48.000001161,2.765,12.755,34.79264912280702,"ARGO float 1901847 on cycle 227 reported data on 2020-08-09 at location 40.6°S, 29.9°E. The profile measured temperatures from 2.8°C to 12.8°C and salinities around 34.8 PSU."
1901847,228,-40.4232,31.1122,2020-08-19 14:21:01.000003296,2.737,12.862,34.813315789473684,"ARGO float 1901847 on cycle 228 reported data on 2020-08-19 at location 40.4°S, 31.1°E. The profile measured temperatures from 2.7°C to 12.9°C and salinities around 34.8 PSU."
1901847,229,-39.9221,32.3723,2020-08-29 14:10:49.999998135,2.877,13.104,34.81817543859649,"ARGO float 1901847 on cycle 229 reported data on 2020-08-29 at location 39.9°S, 32.4°E. The profile measured temperatures from 2.9°C to 13.1°C and salinities around 34.8 PSU."
1901848,227,-43.187,76.1428,2020-08-09 09:16:37.000003607,2.641,11.356,34.67832142857143,"ARGO float 1901848 on cycle 227 reported data on 2020-08-09 at location 43.2°S, 76.1°E. The profile measured temperatures from 2.6°C to 11.4°C and salinities around 34.7 PSU."
1901848,228,-43.622,74.9993,2020-08-19 09:17:27.999998554,2.644,10.869,34.670696428571425,"ARGO float 1901848 on cycle 228 reported data on 2020-08-19 at location 43.6°S, 75.0°E. The profile measured temperatures from 2.6°C to 10.9°C and salinities around 34.7 PSU."
1901848,229,-42.7489,74.0575,2020-08-29 09:19:50.999997406,2.649,11.072,34.664071428571425,"ARGO float 1901848 on cycle 229 reported data on 2020-08-29 at location 42.7°S, 74.1°E. The profile measured temperatures from 2.6°C to 11.1°C and salinities around 34.7 PSU."
1901850,227,-40.1208,90.6577,2020-08-09 05:54:52.000000925,2.599,11.533,49.0190701754386,"ARGO float 1901850 on cycle 227 reported data on 2020-08-09 at location 40.1°S, 90.7°E. The profile measured temperatures from 2.6°C to 11.5°C and salinities around 49.0 PSU."
1901850,228,-39.9968,90.7022,2020-08-19 05:53:28.999998493,2.587,11.423,47.20733333333334,"ARGO float 1901850 on cycle 228 reported data on 2020-08-19 at location 40.0°S, 90.7°E. The profile measured temperatures from 2.6°C to 11.4°C and salinities around 47.2 PSU."
1901850,229,-39.8007,90.4062,2020-08-29 05:55:01.999996973,2.584,11.642,46.70978947368421,"ARGO float 1901850 on cycle 229 reported data on 2020-08-29 at location 39.8°S, 90.4°E. The profile measured temperatures from 2.6°C to 11.6°C and salinities around 46.7 PSU."
1901853,216,-52.2137,81.1163,2020-08-09 11:29:24.000000803,0.666,2.256,34.29830357142857,"ARGO float 1901853 on cycle 216 reported data on 2020-08-09 at location 52.2°S, 81.1°E. The profile measured temperatures from 0.7°C to 2.3°C and salinities around 34.3 PSU."
1901853,217,-51.7847,82.2082,2020-08-19 12:07:36.999995563,0.739,2.407,34.341929824561404,"ARGO float 1901853 on cycle 217 reported data on 2020-08-19 at location 51.8°S, 82.2°E. The profile measured temperatures from 0.7°C to 2.4°C and salinities around 34.3 PSU."
1901853,218,-52.878,82.6531,2020-08-29 12:48:01.999998541,-0.287,2.095,34.39557894736842,"ARGO float 1901853 on cycle 218 reported data on 2020-08-29 at location 52.9°S, 82.7°E. The profile measured temperatures from -0.3°C to 2.1°C and salinities around 34.4 PSU."
1901862,150,-39.4721,107.8557,2020-08-10 19:05:18.999996406,2.649,12.658,34.80024561403509,"ARGO float 1901862 on cycle 150 reported data on 2020-08-10 at location 39.5°S, 107.9°E. The profile measured temperatures from 2.6°C to 12.7°C and salinities around 34.8 PSU."
1901862,151,-39.2752,107.389,2020-08-20 20:39:15.999998379,2.636,11.962,34.75170175438596,"ARGO float 1901862 on cycle 151 reported data on 2020-08-20 at location 39.3°S, 107.4°E. The profile measured temperatures from 2.6°C to 12.0°C and salinities around 34.8 PSU."
1901862,152,-38.8569,106.4821,2020-08-30 20:40:05.000004174,2.575,11.955,34.71280701754386,"ARGO float 1901862 on cycle 152 reported data on 2020-08-30 at location 38.9°S, 106.5°E. The profile measured temperatures from 2.6°C to 12.0°C and salinities around 34.7 PSU."
1901863,150,-41.9102,73.0815,2020-08-10 16:47:05.000002607,2.733,12.34,34.889649122807015,"ARGO float 1901863 on cycle 150 reported data on 2020-08-10 at location 41.9°S, 73.1°E. The profile measured temperatures from 2.7°C to 12.3°C and salinities around 34.9 PSU."
1901863,151,-41.7683,72.9448,2020-08-20 17:00:58.000000567,2.717,12.292,34.89163157894737,"ARGO float 1901863 on cycle 151 reported data on 2020-08-20 at location 41.8°S, 72.9°E. The profile measured temperatures from 2.7°C to 12.3°C and salinities around 34.9 PSU."
1901863,152,-41.6606,72.7883,2020-08-30 15:18:19.999998135,2.702,12.134,34.884,"ARGO float 1901863 on cycle 152 reported data on 2020-08-30 at location 41.7°S, 72.8°E. The profile measured temperatures from 2.7°C to 12.1°C and salinities around 34.9 PSU."
1901864,150,-42.3932,45.5223,2020-08-10 12:35:38.999995218,2.536,10.945,34.58191228070176,"ARGO float 1901864 on cycle 150 reported data on 2020-08-10 at location 42.4°S, 45.5°E. The profile measured temperatures from 2.5°C to 10.9°C and salinities around 34.6 PSU."
1901864,151,-42.1861,48.4167,2020-08-20 12:32:56.999998838,2.455,9.605,34.35731578947368,"ARGO float 1901864 on cycle 151 reported data on 2020-08-20 at location 42.2°S, 48.4°E. The profile measured temperatures from 2.5°C to 9.6°C and salinities around 34.4 PSU."
1901864,152,-41.1314,50.8236,2020-08-30 12:23:55.999996218,2.318,7.401,34.266,"ARGO float 1901864 on cycle 152 reported data on 2020-08-30 at location 41.1°S, 50.8°E. The profile measured temperatures from 2.3°C to 7.4°C and salinities around 34.3 PSU."
1901869,125,-54.8829,33.2109,2020-08-10 14:27:23.000003323,0.34,2.434,34.335142857142856,"ARGO float 1901869 on cycle 125 reported data on 2020-08-10 at location 54.9°S, 33.2°E. The profile measured temperatures from 0.3°C to 2.4°C and salinities around 34.3 PSU."
1901869,126,-53.5681,32.2503,2020-08-20 15:47:58.000000122,0.901,2.475,34.26638571428571,"ARGO float 1901869 on cycle 126 reported data on 2020-08-20 at location 53.6°S, 32.3°E. The profile measured temperatures from 0.9°C to 2.5°C and salinities around 34.3 PSU."
1901869,127,-53.9865,32.7616,2020-08-30 15:55:02.999998257,0.905,2.451,34.26578873239437,"ARGO float 1901869 on cycle 127 reported data on 2020-08-30 at location 54.0°S, 32.8°E. The profile measured temperatures from 0.9°C to 2.5°C and salinities around 34.3 PSU."
1901871,144,-12.1389,44.4216,2020-08-05 23:55:38.999997454,-4.096,-4.096,,"ARGO float 1901871 on cycle 144 reported data on 2020-08-05 at location 12.1°S, 44.4°E. The profile measured temperatures from -4.1°C to -4.1°C and no salinity data."
1901871,145,-12.1364,44.4229,2020-08-15 23:55:44.000000506,-4.096,-4.096,,"ARGO float 1901871 on cycle 145 reported data on 2020-08-15 at location 12.1°S, 44.4°E. The profile measured temperatures from -4.1°C to -4.1°C and no salinity data."
1901871,146,-12.1366,44.4219,2020-08-25 23:55:49.999998135,-4.096,-4.096,,"ARGO float 1901871 on cycle 146 reported data on 2020-08-25 at location 12.1°S, 44.4°E. The profile measured temperatures from -4.1°C to -4.1°C and no salinity data."
1901873,148,-40.5618,44.1383,2020-08-04 01:49:48.000003620,2.615,12.964,34.709662298387094,"ARGO float 1901873 on cycle 148 reported data on 2020-08-04 at location 40.6°S, 44.1°E. The profile measured temperatures from 2.6°C to 13.0°C and salinities around 34.7 PSU."
1901873,149,-40.7715,44.0071,2020-08-14 01:59:43.999999615,2.5294,12.9,34.689596007604564,"ARGO float 1901873 on cycle 149 reported data on 2020-08-14 at location 40.8°S, 44.0°E. The profile measured temperatures from 2.5°C to 12.9°C and salinities around 34.7 PSU."
1901875,138,-32.4981,52.2168,2020-08-10 16:24:50.000001716,2.5277,16.811,35.1759471890971,"ARGO float 1901875 on cycle 138 reported data on 2020-08-10 at location 32.5°S, 52.2°E. The profile measured temperatures from 2.5°C to 16.8°C and salinities around 35.2 PSU."
1901875,139,-32.9155,51.8802,2020-08-20 16:58:48.000001607,2.6353,16.929,35.207034129692836,"ARGO float 1901875 on cycle 139 reported data on 2020-08-20 at location 32.9°S, 51.9°E. The profile measured temperatures from 2.6°C to 16.9°C and salinities around 35.2 PSU."
1901875,140,-33.1297,51.7265,2020-08-30 14:27:45.000004694,7.283,16.73,35.22138271604938,"ARGO float 1901875 on cycle 140 reported data on 2020-08-30 at location 33.1°S, 51.7°E. The profile measured temperatures from 7.3°C to 16.7°C and salinities around 35.2 PSU."
1901881,122,-22.5022,35.8945,2020-08-04 18:12:55.999995318,8.779,23.927,35.236756756756755,"ARGO float 1901881 on cycle 122 reported data on 2020-08-04 at location 22.5°S, 35.9°E. The profile measured temperatures from 8.8°C to 23.9°C and salinities around 35.2 PSU."
1901881,123,-22.9166,35.9831,2020-08-14 18:15:14.000001174,7.638,23.666,35.25057894736842,"ARGO float 1901881 on cycle 123 reported data on 2020-08-14 at location 22.9°S, 36.0°E. The profile measured temperatures from 7.6°C to 23.7°C and salinities around 35.3 PSU."
1901881,124,-23.0856,36.1765,2020-08-24 20:07:07.000000703,3.69,24.49,35.053673076923076,"ARGO float 1901881 on cycle 124 reported data on 2020-08-24 at location 23.1°S, 36.2°E. The profile measured temperatures from 3.7°C to 24.5°C and salinities around 35.1 PSU."
1901884,122,-36.8087,36.4069,2020-08-04 22:02:29.000003187,3.084,17.641,35.25524561403509,"ARGO float 1901884 on cycle 122 reported data on 2020-08-04 at location 36.8°S, 36.4°E. The profile measured temperatures from 3.1°C to 17.6°C and salinities around 35.3 PSU."
1901884,123,-36.8892,35.8431,2020-08-14 22:22:21.999999803,3.029,17.445,35.23647368421053,"ARGO float 1901884 on cycle 123 reported data on 2020-08-14 at location 36.9°S, 35.8°E. The profile measured temperatures from 3.0°C to 17.4°C and salinities around 35.2 PSU."
1901884,124,-37.2548,34.8827,2020-08-24 22:37:51.000000087,3.045,17.685,35.21884210526316,"ARGO float 1901884 on cycle 124 reported data on 2020-08-24 at location 37.3°S, 34.9°E. The profile measured temperatures from 3.0°C to 17.7°C and salinities around 35.2 PSU."
1901897,81,13.6895,59.2065,2020-08-05 13:36:20.000000816,3.594,26.098,35.52857407407408,"ARGO float 1901897 on cycle 81 reported data on 2020-08-05 at location 13.7°N, 59.2°E. The profile measured temperatures from 3.6°C to 26.1°C and salinities around 35.5 PSU."
1901897,82,13.422,59.1254,2020-08-15 11:17:06.999995109,3.337,26.233,35.556703703703704,"ARGO float 1901897 on cycle 82 reported data on 2020-08-15 at location 13.4°N, 59.1°E. The profile measured temperatures from 3.3°C to 26.2°C and salinities around 35.6 PSU."
1901897,83,13.1711,59.1568,2020-08-25 13:44:53.999999013,3.299,25.531,35.51035185185185,"ARGO float 1901897 on cycle 83 reported data on 2020-08-25 at location 13.2°N, 59.2°E. The profile measured temperatures from 3.3°C to 25.5°C and salinities around 35.5 PSU."
1901898,80,16.1005,56.2838,2020-08-01 17:53:32.000002336,3.014,27.28,35.60790740740741,"ARGO float 1901898 on cycle 80 reported data on 2020-08-01 at location 16.1°N, 56.3°E. The profile measured temperatures from 3.0°C to 27.3°C and salinities around 35.6 PSU."
1901898,81,15.792,56.204,2020-08-11 18:16:20.999999864,3.096,26.176,35.611,"ARGO float 1901898 on cycle 81 reported data on 2020-08-11 at location 15.8°N, 56.2°E. The profile measured temperatures from 3.1°C to 26.2°C and salinities around 35.6 PSU."
1901898,82,15.8051,56.3652,2020-08-21 18:12:01.000001952,3.037,21.936,35.54862962962963,"ARGO float 1901898 on cycle 82 reported data on 2020-08-21 at location 15.8°N, 56.4°E. The profile measured temperatures from 3.0°C to 21.9°C and salinities around 35.5 PSU."
1901898,83,16.377,56.4257,2020-08-31 18:15:01.999995860,3.335,25.678,35.52498148148148,"ARGO float 1901898 on cycle 83 reported data on 2020-08-31 at location 16.4°N, 56.4°E. The profile measured temperatures from 3.3°C to 25.7°C and salinities around 35.5 PSU."
1901899,83,-38.5309,54.3584,2020-08-01 16:01:46.999999655,2.625,13.935,34.892944444444446,"ARGO float 1901899 on cycle 83 reported data on 2020-08-01 at location 38.5°S, 54.4°E. The profile measured temperatures from 2.6°C to 13.9°C and salinities around 34.9 PSU."
1901899,84,-38.9776,55.4555,2020-08-11 18:10:56.000002471,2.583,13.454,34.79968518518518,"ARGO float 1901899 on cycle 84 reported data on 2020-08-11 at location 39.0°S, 55.5°E. The profile measured temperatures from 2.6°C to 13.5°C and salinities around 34.8 PSU."
1901899,85,-39.4454,54.3369,2020-08-21 15:41:24.999999406,2.633,14.309,34.92242592592592,"ARGO float 1901899 on cycle 85 reported data on 2020-08-21 at location 39.4°S, 54.3°E. The profile measured temperatures from 2.6°C to 14.3°C and salinities around 34.9 PSU."
1901899,86,-39.2008,55.2346,2020-08-31 18:16:56.999995711,2.615,13.327,34.821962962962964,"ARGO float 1901899 on cycle 86 reported data on 2020-08-31 at location 39.2°S, 55.2°E. The profile measured temperatures from 2.6°C to 13.3°C and salinities around 34.8 PSU."
1901900,82,-3.9993,65.7541,2020-08-09 04:17:47.000002790,2.917,28.245,34.97559259259259,"ARGO float 1901900 on cycle 82 reported data on 2020-08-09 at location 4.0°S, 65.8°E. The profile measured temperatures from 2.9°C to 28.2°C and salinities around 35.0 PSU."
1901900,83,-4.5777,65.2902,2020-08-19 06:49:40.000000074,2.697,29.013,34.95335185185185,"ARGO float 1901900 on cycle 83 reported data on 2020-08-19 at location 4.6°S, 65.3°E. The profile measured temperatures from 2.7°C to 29.0°C and salinities around 35.0 PSU."
1901900,84,-4.4492,64.8635,2020-08-29 04:15:39.000003039,2.64,28.857,34.919925925925924,"ARGO float 1901900 on cycle 84 reported data on 2020-08-29 at location 4.4°S, 64.9°E. The profile measured temperatures from 2.6°C to 28.9°C and salinities around 34.9 PSU."
1901901,79,-7.0831,42.7595,2020-08-10 16:34:30.000004026,3.119,25.882,35.18484536082474,"ARGO float 1901901 on cycle 79 reported data on 2020-08-10 at location 7.1°S, 42.8°E. The profile measured temperatures from 3.1°C to 25.9°C and salinities around 35.2 PSU."
1901901,80,-6.1334,43.4536,2020-08-20 13:31:10.000002532,2.695,24.988,35.14034020618556,"ARGO float 1901901 on cycle 80 reported data on 2020-08-20 at location 6.1°S, 43.5°E. The profile measured temperatures from 2.7°C to 25.0°C and salinities around 35.1 PSU."
1901901,81,-5.7693,43.7608,2020-08-30 13:22:53.999997231,2.493,25.366,35.1719081632653,"ARGO float 1901901 on cycle 81 reported data on 2020-08-30 at location 5.8°S, 43.8°E. The profile measured temperatures from 2.5°C to 25.4°C and salinities around 35.2 PSU."
1901902,78,-16.8695,39.7208,2020-08-01 13:30:11.000000681,6.072,25.407,34.988749999999996,"ARGO float 1901902 on cycle 78 reported data on 2020-08-01 at location 16.9°S, 39.7°E. The profile measured temperatures from 6.1°C to 25.4°C and salinities around 35.0 PSU."
1901902,79,-17.8196,38.9548,2020-08-11 05:17:07.999999742,2.555,25.094,34.98469791666667,"ARGO float 1901902 on cycle 79 reported data on 2020-08-11 at location 17.8°S, 39.0°E. The profile measured temperatures from 2.6°C to 25.1°C and salinities around 35.0 PSU."
1901902,80,-18.5255,40.0747,2020-08-21 02:01:09.000001248,2.691,24.986,34.99978,"ARGO float 1901902 on cycle 80 reported data on 2020-08-21 at location 18.5°S, 40.1°E. The profile measured temperatures from 2.7°C to 25.0°C and salinities around 35.0 PSU."
1901902,81,-18.1271,38.9149,2020-08-31 02:00:58.999995144,2.741,25.069,34.99637373737374,"ARGO float 1901902 on cycle 81 reported data on 2020-08-31 at location 18.1°S, 38.9°E. The profile measured temperatures from 2.7°C to 25.1°C and salinities around 35.0 PSU."
1901907,82,5.2484,52.9904,2020-08-10 14:06:30.000000222,3.008,27.148,35.27483333333333,"ARGO float 1901907 on cycle 82 reported data on 2020-08-10 at location 5.2°N, 53.0°E. The profile measured temperatures from 3.0°C to 27.1°C and salinities around 35.3 PSU."
1901907,83,4.2384,52.5999,2020-08-20 12:23:38.000003323,2.648,22.787,35.110875,"ARGO float 1901907 on cycle 83 reported data on 2020-08-20 at location 4.2°N, 52.6°E. The profile measured temperatures from 2.6°C to 22.8°C and salinities around 35.1 PSU."
1901907,84,3.9352,52.7708,2020-08-30 14:07:57.999995650,2.707,25.447,35.11927083333333,"ARGO float 1901907 on cycle 84 reported data on 2020-08-30 at location 3.9°N, 52.8°E. The profile measured temperatures from 2.7°C to 25.4°C and salinities around 35.1 PSU."
1901909,84,-22.3594,36.7618,2020-08-10 09:37:07.999995279,2.735,23.679,35.0990350877193,"ARGO float 1901909 on cycle 84 reported data on 2020-08-10 at location 22.4°S, 36.8°E. The profile measured temperatures from 2.7°C to 23.7°C and salinities around 35.1 PSU."
1901909,85,-23.3154,37.7087,2020-08-20 09:37:12.999998331,2.862,22.78,35.16222807017544,"ARGO float 1901909 on cycle 85 reported data on 2020-08-20 at location 23.3°S, 37.7°E. The profile measured temperatures from 2.9°C to 22.8°C and salinities around 35.2 PSU."
1901909,86,-22.886,38.655,2020-08-30 09:48:01.000003965,2.787,23.172,35.19005263157895,"ARGO float 1901909 on cycle 86 reported data on 2020-08-30 at location 22.9°S, 38.7°E. The profile measured temperatures from 2.8°C to 23.2°C and salinities around 35.2 PSU."
1901910,83,-5.2241,71.9893,2020-08-17 22:47:09.000001026,5.431,28.509,34.97640476190476,"ARGO float 1901910 on cycle 83 reported data on 2020-08-17 at location 5.2°S, 72.0°E. The profile measured temperatures from 5.4°C to 28.5°C and salinities around 35.0 PSU."
1901910,84,-5.0818,72.128,2020-08-27 23:34:50.000002829,4.32,28.131,34.97909615384616,"ARGO float 1901910 on cycle 84 reported data on 2020-08-27 at location 5.1°S, 72.1°E. The profile measured temperatures from 4.3°C to 28.1°C and salinities around 35.0 PSU."
1901911,46,-35.469,50.9151,2020-08-06 07:20:02.000004794,2.699,16.732,35.1595,"ARGO float 1901911 on cycle 46 reported data on 2020-08-06 at location 35.5°S, 50.9°E. The profile measured temperatures from 2.7°C to 16.7°C and salinities around 35.2 PSU."
1901911,47,-35.4508,51.1348,2020-08-16 08:47:23.999996777,2.712,16.638,35.17893103448276,"ARGO float 1901911 on cycle 47 reported data on 2020-08-16 at location 35.5°S, 51.1°E. The profile measured temperatures from 2.7°C to 16.6°C and salinities around 35.2 PSU."
1901911,48,-35.295,51.0156,2020-08-26 08:44:32.999998925,2.695,16.591,35.15322413793103,"ARGO float 1901911 on cycle 48 reported data on 2020-08-26 at location 35.3°S, 51.0°E. The profile measured temperatures from 2.7°C to 16.6°C and salinities around 35.2 PSU."
1901912,46,-30.2515,47.5482,2020-08-06 15:48:46.000001283,2.632,19.24,35.171706896551726,"ARGO float 1901912 on cycle 46 reported data on 2020-08-06 at location 30.3°S, 47.5°E. The profile measured temperatures from 2.6°C to 19.2°C and salinities around 35.2 PSU."
1901912,47,-29.7875,47.1057,2020-08-16 15:58:04.000002222,2.632,19.137,35.17546551724138,"ARGO float 1901912 on cycle 47 reported data on 2020-08-16 at location 29.8°S, 47.1°E. The profile measured temperatures from 2.6°C to 19.1°C and salinities around 35.2 PSU."
1901912,48,-28.9705,47.3145,2020-08-26 13:31:43.999999161,2.534,20.299,35.15436206896552,"ARGO float 1901912 on cycle 48 reported data on 2020-08-26 at location 29.0°S, 47.3°E. The profile measured temperatures from 2.5°C to 20.3°C and salinities around 35.2 PSU."
1902024,139,-8.5697,46.4309,2020-08-03 13:59:24.001480423,4.109,24.672,35.050681155234656,"ARGO float 1902024 on cycle 139 reported data on 2020-08-03 at location 8.6°S, 46.4°E. The profile measured temperatures from 4.1°C to 24.7°C and salinities around 35.1 PSU."
1902024,140,-8.69149,46.90033,2020-08-13 13:55:19.001474699,4.132,25.057,34.986322324592486,"ARGO float 1902024 on cycle 140 reported data on 2020-08-13 at location 8.7°S, 46.9°E. The profile measured temperatures from 4.1°C to 25.1°C and salinities around 35.0 PSU."
1902024,141,-8.9467,47.6678,2020-08-23 12:32:10.001333777,2.597,25.042,34.964491504719604,"ARGO float 1902024 on cycle 141 reported data on 2020-08-23 at location 8.9°S, 47.7°E. The profile measured temperatures from 2.6°C to 25.0°C and salinities around 35.0 PSU."
1902025,139,-14.15584,50.88284,2020-08-07 10:22:54.001104896,2.604,25.074,34.977510512414156,"ARGO float 1902025 on cycle 139 reported data on 2020-08-07 at location 14.2°S, 50.9°E. The profile measured temperatures from 2.6°C to 25.1°C and salinities around 35.0 PSU."
1902025,140,-14.38371,50.84331,2020-08-17 10:50:20.001145485,2.55,25.329,34.92011177362304,"ARGO float 1902025 on cycle 140 reported data on 2020-08-17 at location 14.4°S, 50.8°E. The profile measured temperatures from 2.5°C to 25.3°C and salinities around 34.9 PSU."
1902025,141,-14.97151,50.81868,2020-08-27 11:41:55.001239707,2.578,25.228,34.955116710319544,"ARGO float 1902025 on cycle 141 reported data on 2020-08-27 at location 15.0°S, 50.8°E. The profile measured temperatures from 2.6°C to 25.2°C and salinities around 35.0 PSU."
1902026,138,-15.66801,56.69028,2020-08-02 20:53:07.002222829,2.459,25.316,34.92093918430563,"ARGO float 1902026 on cycle 138 reported data on 2020-08-02 at location 15.7°S, 56.7°E. The profile measured temperatures from 2.5°C to 25.3°C and salinities around 34.9 PSU."
1902026,139,-15.80579,56.59464,2020-08-12 20:54:20.002224185,2.431,24.982,34.91419239956569,"ARGO float 1902026 on cycle 139 reported data on 2020-08-12 at location 15.8°S, 56.6°E. The profile measured temperatures from 2.4°C to 25.0°C and salinities around 34.9 PSU."
1902026,140,-16.06072,56.37418,2020-08-22 20:54:43.002224219,2.507,24.617,35.020548469387755,"ARGO float 1902026 on cycle 140 reported data on 2020-08-22 at location 16.1°S, 56.4°E. The profile measured temperatures from 2.5°C to 24.6°C and salinities around 35.0 PSU."
1902027,138,-46.14327,20.66785,2020-08-03 08:15:40.000880021,2.628,8.614,34.38985418552036,"ARGO float 1902027 on cycle 138 reported data on 2020-08-03 at location 46.1°S, 20.7°E. The profile measured temperatures from 2.6°C to 8.6°C and salinities around 34.4 PSU."
1902027,139,-46.01254,20.76539,2020-08-13 07:52:35.000826574,2.553,9.403,34.46934713337357,"ARGO float 1902027 on cycle 139 reported data on 2020-08-13 at location 46.0°S, 20.8°E. The profile measured temperatures from 2.6°C to 9.4°C and salinities around 34.5 PSU."
1902027,140,-46.18772,20.8011,2020-08-23 07:46:36.000817777,2.615,8.344,34.35046968481375,"ARGO float 1902027 on cycle 140 reported data on 2020-08-23 at location 46.2°S, 20.8°E. The profile measured temperatures from 2.6°C to 8.3°C and salinities around 34.4 PSU."
1902028,138,-40.00783,65.3729,2020-08-06 16:55:50.001796263,2.628,13.193,34.94452375750956,"ARGO float 1902028 on cycle 138 reported data on 2020-08-06 at location 40.0°S, 65.4°E. The profile measured temperatures from 2.6°C to 13.2°C and salinities around 34.9 PSU."
1902028,139,-41.43348,65.66332,2020-08-16 16:57:12.001799401,2.604,13.092,34.98972804878049,"ARGO float 1902028 on cycle 139 reported data on 2020-08-16 at location 41.4°S, 65.7°E. The profile measured temperatures from 2.6°C to 13.1°C and salinities around 35.0 PSU."
1902028,140,-41.72263,63.63628,2020-08-26 16:50:59.001789217,2.711,13.234,34.97939033588686,"ARGO float 1902028 on cycle 140 reported data on 2020-08-26 at location 41.7°S, 63.6°E. The profile measured temperatures from 2.7°C to 13.2°C and salinities around 35.0 PSU."
1902029,138,-26.58954,38.91716,2020-08-02 11:17:11.001204925,2.628,21.477,35.15655802197802,"ARGO float 1902029 on cycle 138 reported data on 2020-08-02 at location 26.6°S, 38.9°E. The profile measured temperatures from 2.6°C to 21.5°C and salinities around 35.2 PSU."
1902029,139,-27.29282,39.35452,2020-08-12 10:56:23.001154272,2.688,21.914,35.15355653577192,"ARGO float 1902029 on cycle 139 reported data on 2020-08-12 at location 27.3°S, 39.4°E. The profile measured temperatures from 2.7°C to 21.9°C and salinities around 35.2 PSU."
1902029,140,-27.99853,39.56156,2020-08-22 10:48:06.001142765,2.751,20.482,35.15434350469873,"ARGO float 1902029 on cycle 140 reported data on 2020-08-22 at location 28.0°S, 39.6°E. The profile measured temperatures from 2.8°C to 20.5°C and salinities around 35.2 PSU."
1902030,138,-38.34194,29.40277,2020-08-05 16:31:26.001761448,2.955,18.149,35.2143,"ARGO float 1902030 on cycle 138 reported data on 2020-08-05 at location 38.3°S, 29.4°E. The profile measured temperatures from 3.0°C to 18.1°C and salinities around 35.2 PSU."
1902030,139,-39.26628,30.0297,2020-08-15 16:11:41.001732432,2.945,17.302,35.19956530039303,"ARGO float 1902030 on cycle 139 reported data on 2020-08-15 at location 39.3°S, 30.0°E. The profile measured temperatures from 2.9°C to 17.3°C and salinities around 35.2 PSU."
1902030,140,-38.7777,30.39767,2020-08-25 15:50:57.001681780,2.986,17.587,35.20710738636364,"ARGO float 1902030 on cycle 140 reported data on 2020-08-25 at location 38.8°S, 30.4°E. The profile measured temperatures from 3.0°C to 17.6°C and salinities around 35.2 PSU."
1902031,138,-34.29005,52.97337,2020-08-06 01:12:13.000124617,2.707,16.318,35.17774863088718,"ARGO float 1902031 on cycle 138 reported data on 2020-08-06 at location 34.3°S, 53.0°E. The profile measured temperatures from 2.7°C to 16.3°C and salinities around 35.2 PSU."
1902031,139,-34.29628,53.71887,2020-08-16 01:15:24.000129037,2.664,16.307,35.197822598253275,"ARGO float 1902031 on cycle 139 reported data on 2020-08-16 at location 34.3°S, 53.7°E. The profile measured temperatures from 2.7°C to 16.3°C and salinities around 35.2 PSU."
1902031,140,-34.13554,54.79578,2020-08-26 01:09:22.000120476,2.593,16.347,35.18902078064871,"ARGO float 1902031 on cycle 140 reported data on 2020-08-26 at location 34.1°S, 54.8°E. The profile measured temperatures from 2.6°C to 16.3°C and salinities around 35.2 PSU."
1902032,138,-30.58342,52.37931,2020-08-06 22:43:47.002422806,2.516,17.635,35.167523158515024,"ARGO float 1902032 on cycle 138 reported data on 2020-08-06 at location 30.6°S, 52.4°E. The profile measured temperatures from 2.5°C to 17.6°C and salinities around 35.2 PSU."
1902032,139,-30.27897,52.48341,2020-08-16 22:59:41.002445904,2.472,17.966,35.171511757990864,"ARGO float 1902032 on cycle 139 reported data on 2020-08-16 at location 30.3°S, 52.5°E. The profile measured temperatures from 2.5°C to 18.0°C and salinities around 35.2 PSU."
1902032,140,-30.20562,52.57699,2020-08-26 22:56:02.002441542,2.495,19.393,35.189497273233165,"ARGO float 1902032 on cycle 140 reported data on 2020-08-26 at location 30.2°S, 52.6°E. The profile measured temperatures from 2.5°C to 19.4°C and salinities around 35.2 PSU."
1902033,138,-47.50108,110.3089,2020-08-05 10:53:37.001149736,2.31,9.133,34.32587322877231,"ARGO float 1902033 on cycle 138 reported data on 2020-08-05 at location 47.5°S, 110.3°E. The profile measured temperatures from 2.3°C to 9.1°C and salinities around 34.3 PSU."
1902033,139,-46.8993,112.39624,2020-08-15 10:52:02.001148271,2.338,10.494,34.458897176981544,"ARGO float 1902033 on cycle 139 reported data on 2020-08-15 at location 46.9°S, 112.4°E. The profile measured temperatures from 2.3°C to 10.5°C and salinities around 34.5 PSU."
1902033,140,-46.39077,113.90067,2020-08-25 11:00:56.001180061,2.397,10.212,34.434804964921746,"ARGO float 1902033 on cycle 140 reported data on 2020-08-25 at location 46.4°S, 113.9°E. The profile measured temperatures from 2.4°C to 10.2°C and salinities around 34.4 PSU."
1902034,138,-39.45325,64.9593,2020-08-06 15:12:59.001626721,2.623,13.376,34.99665749303621,"ARGO float 1902034 on cycle 138 reported data on 2020-08-06 at location 39.5°S, 65.0°E. The profile measured temperatures from 2.6°C to 13.4°C and salinities around 35.0 PSU."
1902034,139,-40.32284,65.9126,2020-08-16 14:56:42.001583156,2.617,12.922,34.933118804920916,"ARGO float 1902034 on cycle 139 reported data on 2020-08-16 at location 40.3°S, 65.9°E. The profile measured temperatures from 2.6°C to 12.9°C and salinities around 34.9 PSU."
1902034,140,-40.8228,66.53203,2020-08-26 14:26:32.001539746,2.635,13.248,34.96191789594054,"ARGO float 1902034 on cycle 140 reported data on 2020-08-26 at location 40.8°S, 66.5°E. The profile measured temperatures from 2.6°C to 13.2°C and salinities around 35.0 PSU."
1902035,138,-37.46991,83.45768,2020-08-08 23:31:31.002512684,2.575,12.183,34.79755439591605,"ARGO float 1902035 on cycle 138 reported data on 2020-08-08 at location 37.5°S, 83.5°E. The profile measured temperatures from 2.6°C to 12.2°C and salinities around 34.8 PSU."
1902035,139,-37.21243,83.16166,2020-08-18 23:26:13.002505301,2.536,12.098,34.79832972972973,"ARGO float 1902035 on cycle 139 reported data on 2020-08-18 at location 37.2°S, 83.2°E. The profile measured temperatures from 2.5°C to 12.1°C and salinities around 34.8 PSU."
1902035,140,-37.10491,82.90604,2020-08-28 23:18:40.002493703,2.534,12.144,34.79283995354239,"ARGO float 1902035 on cycle 140 reported data on 2020-08-28 at location 37.1°S, 82.9°E. The profile measured temperatures from 2.5°C to 12.1°C and salinities around 34.8 PSU."
1902036,59,-33.67641,77.99565,2020-08-08 08:24:22.000893287,2.394,15.999,34.99863051051051,"ARGO float 1902036 on cycle 59 reported data on 2020-08-08 at location 33.7°S, 78.0°E. The profile measured temperatures from 2.4°C to 16.0°C and salinities around 35.0 PSU."
1902036,60,-33.77716,77.95516,2020-08-18 06:19:36.000671266,2.42,15.388,34.98208190240889,"ARGO float 1902036 on cycle 60 reported data on 2020-08-18 at location 33.8°S, 78.0°E. The profile measured temperatures from 2.4°C to 15.4°C and salinities around 35.0 PSU."
1902036,61,-33.78518,78.00539,2020-08-28 04:22:24.000461071,2.44,14.695,34.974274576271185,"ARGO float 1902036 on cycle 61 reported data on 2020-08-28 at location 33.8°S, 78.0°E. The profile measured temperatures from 2.4°C to 14.7°C and salinities around 35.0 PSU."
1902037,59,-33.24074,71.3766,2020-08-09 23:29:54.002509814,2.43,14.902,35.00523555832813,"ARGO float 1902037 on cycle 59 reported data on 2020-08-09 at location 33.2°S, 71.4°E. The profile measured temperatures from 2.4°C to 14.9°C and salinities around 35.0 PSU."
1902037,60,-33.11724,71.23777,2020-08-19 21:41:12.002312598,2.441,14.819,35.015622276923075,"ARGO float 1902037 on cycle 60 reported data on 2020-08-19 at location 33.1°S, 71.2°E. The profile measured temperatures from 2.4°C to 14.8°C and salinities around 35.0 PSU."
1902037,61,-33.06693,71.01748,2020-08-29 20:13:40.002164572,2.363,14.914,35.0015742660837,"ARGO float 1902037 on cycle 61 reported data on 2020-08-29 at location 33.1°S, 71.0°E. The profile measured temperatures from 2.4°C to 14.9°C and salinities around 35.0 PSU."
1902038,59,-33.45952,64.12797,2020-08-10 03:25:51.000358163,2.446,15.248,35.08061751574127,"ARGO float 1902038 on cycle 59 reported data on 2020-08-10 at location 33.5°S, 64.1°E. The profile measured temperatures from 2.4°C to 15.2°C and salinities around 35.1 PSU."
1902038,60,-33.26456,63.99661,2020-08-20 02:33:29.000262384,2.467,15.171,35.051298784389,"ARGO float 1902038 on cycle 60 reported data on 2020-08-20 at location 33.3°S, 64.0°E. The profile measured temperatures from 2.5°C to 15.2°C and salinities around 35.1 PSU."
1902038,61,-33.48381,63.81039,2020-08-30 00:53:17.000076886,2.494,15.647,35.031066509155345,"ARGO float 1902038 on cycle 61 reported data on 2020-08-30 at location 33.5°S, 63.8°E. The profile measured temperatures from 2.5°C to 15.6°C and salinities around 35.0 PSU."
1902039,59,-36.03962,61.20261,2020-08-09 23:00:27.002467658,14.541,14.541,103.8574,"ARGO float 1902039 on cycle 59 reported data on 2020-08-09 at location 36.0°S, 61.2°E. The profile measured temperatures from 14.5°C to 14.5°C and salinities around 103.9 PSU."
1902039,60,-36.42063,61.17323,2020-08-19 21:01:33.002254367,14.541,14.541,103.8574,"ARGO float 1902039 on cycle 60 reported data on 2020-08-19 at location 36.4°S, 61.2°E. The profile measured temperatures from 14.5°C to 14.5°C and salinities around 103.9 PSU."
1902039,61,-37.84973,60.24375,2020-08-29 18:18:21.001957223,10.638,13.811,0.0,"ARGO float 1902039 on cycle 61 reported data on 2020-08-29 at location 37.8°S, 60.2°E. The profile measured temperatures from 10.6°C to 13.8°C and salinities around 0.0 PSU."
1902040,67,-34.83809,68.94513,2020-08-02 22:11:30.002376425,2.518,13.768,34.95359100985222,"ARGO float 1902040 on cycle 67 reported data on 2020-08-02 at location 34.8°S, 68.9°E. The profile measured temperatures from 2.5°C to 13.8°C and salinities around 35.0 PSU."
1902040,68,-34.82695,68.82659,2020-08-12 20:28:51.002186424,2.504,13.636,34.96377008443908,"ARGO float 1902040 on cycle 68 reported data on 2020-08-12 at location 34.8°S, 68.8°E. The profile measured temperatures from 2.5°C to 13.6°C and salinities around 35.0 PSU."
1902040,69,-34.67547,68.54518,2020-08-22 18:35:28.001981987,2.475,13.789,34.95803670731708,"ARGO float 1902040 on cycle 69 reported data on 2020-08-22 at location 34.7°S, 68.5°E. The profile measured temperatures from 2.5°C to 13.8°C and salinities around 35.0 PSU."
1902041,58,-31.59913,63.86884,2020-08-02 21:59:29.002338634,2.459,17.099,35.10965276002324,"ARGO float 1902041 on cycle 58 reported data on 2020-08-02 at location 31.6°S, 63.9°E. The profile measured temperatures from 2.5°C to 17.1°C and salinities around 35.1 PSU."
1902041,59,-31.6111,64.27186,2020-08-12 20:22:19.002177770,2.48,18.692,35.1667080987938,"ARGO float 1902041 on cycle 59 reported data on 2020-08-12 at location 31.6°S, 64.3°E. The profile measured temperatures from 2.5°C to 18.7°C and salinities around 35.2 PSU."
1902041,60,-31.96436,64.52817,2020-08-22 18:39:04.001987845,2.482,16.04,35.076481865889214,"ARGO float 1902041 on cycle 60 reported data on 2020-08-22 at location 32.0°S, 64.5°E. The profile measured temperatures from 2.5°C to 16.0°C and salinities around 35.1 PSU."
1902043,58,-33.91799,62.00463,2020-08-03 09:12:07.000983097,2.56,15.84,35.13220548469388,"ARGO float 1902043 on cycle 58 reported data on 2020-08-03 at location 33.9°S, 62.0°E. The profile measured temperatures from 2.6°C to 15.8°C and salinities around 35.1 PSU."
1902043,59,-33.76639,62.29034,2020-08-13 07:27:33.000790101,2.545,15.569,35.12090825806452,"ARGO float 1902043 on cycle 59 reported data on 2020-08-13 at location 33.8°S, 62.3°E. The profile measured temperatures from 2.5°C to 15.6°C and salinities around 35.1 PSU."
1902043,60,-33.05933,61.90577,2020-08-23 05:33:11.000584442,2.547,15.782,35.1105,"ARGO float 1902043 on cycle 60 reported data on 2020-08-23 at location 33.1°S, 61.9°E. The profile measured temperatures from 2.5°C to 15.8°C and salinities around 35.1 PSU."
1902045,58,-45.57065,84.60315,2020-08-03 02:39:22.000271348,2.459,10.195,34.502763191763194,"ARGO float 1902045 on cycle 58 reported data on 2020-08-03 at location 45.6°S, 84.6°E. The profile measured temperatures from 2.5°C to 10.2°C and salinities around 34.5 PSU."
1902045,59,-45.71216,86.0809,2020-08-13 00:45:32.000065312,2.43,9.62,34.427384669397306,"ARGO float 1902045 on cycle 59 reported data on 2020-08-13 at location 45.7°S, 86.1°E. The profile measured temperatures from 2.4°C to 9.6°C and salinities around 34.4 PSU."
1902045,60,-46.37437,88.58516,2020-08-22 22:56:12.002441677,2.384,10.246,34.52088865598027,"ARGO float 1902045 on cycle 60 reported data on 2020-08-22 at location 46.4°S, 88.6°E. The profile measured temperatures from 2.4°C to 10.2°C and salinities around 34.5 PSU."
1902046,58,-29.89221,52.39402,2020-08-03 12:01:08.001288894,2.526,18.235,35.155297262667446,"ARGO float 1902046 on cycle 58 reported data on 2020-08-03 at location 29.9°S, 52.4°E. The profile measured temperatures from 2.5°C to 18.2°C and salinities around 35.2 PSU."
1902046,59,-29.61683,52.6509,2020-08-13 10:07:15.001083102,2.514,20.305,35.16359472140762,"ARGO float 1902046 on cycle 59 reported data on 2020-08-13 at location 29.6°S, 52.7°E. The profile measured temperatures from 2.5°C to 20.3°C and salinities around 35.2 PSU."
1902046,60,-29.41767,52.90176,2020-08-23 07:59:52.000836633,2.464,19.523,35.11535839717148,"ARGO float 1902046 on cycle 60 reported data on 2020-08-23 at location 29.4°S, 52.9°E. The profile measured temperatures from 2.5°C to 19.5°C and salinities around 35.1 PSU."
1902047,58,-33.21509,38.588,2020-08-03 13:35:02.001445440,2.812,20.488,35.13337362768497,"ARGO float 1902047 on cycle 58 reported data on 2020-08-03 at location 33.2°S, 38.6°E. The profile measured temperatures from 2.8°C to 20.5°C and salinities around 35.1 PSU."
1902047,59,-33.99605,38.64178,2020-08-13 11:23:25.001213461,2.818,19.968,35.14488590361446,"ARGO float 1902047 on cycle 59 reported data on 2020-08-13 at location 34.0°S, 38.6°E. The profile measured temperatures from 2.8°C to 20.0°C and salinities around 35.1 PSU."
1902047,60,-34.43142,38.57779,2020-08-23 09:13:00.000984486,2.879,20.457,35.15346826347305,"ARGO float 1902047 on cycle 60 reported data on 2020-08-23 at location 34.4°S, 38.6°E. The profile measured temperatures from 2.9°C to 20.5°C and salinities around 35.2 PSU."
1902048,58,-30.6416,47.28408,2020-08-04 19:56:58.002119568,2.676,19.301,34.99960389768575,"ARGO float 1902048 on cycle 58 reported data on 2020-08-04 at location 30.6°S, 47.3°E. The profile measured temperatures from 2.7°C to 19.3°C and salinities around 35.0 PSU."
1902048,59,-30.39373,47.03542,2020-08-14 17:58:18.001907976,2.626,19.193,35.189595313415346,"ARGO float 1902048 on cycle 59 reported data on 2020-08-14 at location 30.4°S, 47.0°E. The profile measured temperatures from 2.6°C to 19.2°C and salinities around 35.2 PSU."
1902048,60,-30.42545,47.09481,2020-08-24 15:48:47.001679044,2.617,19.233,35.16679329341318,"ARGO float 1902048 on cycle 60 reported data on 2020-08-24 at location 30.4°S, 47.1°E. The profile measured temperatures from 2.6°C to 19.2°C and salinities around 35.2 PSU."
1902049,1,-18.00185,102.00945,2020-08-17 03:14:19.000342245,5.325,24.74,34.85233456561922,"ARGO float 1902049 on cycle 1 reported data on 2020-08-17 at location 18.0°S, 102.0°E. The profile measured temperatures from 5.3°C to 24.7°C and salinities around 34.9 PSU."
1902049,2,-18.0036,102.03519,2020-08-18 02:47:22.000282972,3.589,24.728,34.796987515605494,"ARGO float 1902049 on cycle 2 reported data on 2020-08-18 at location 18.0°S, 102.0°E. The profile measured temperatures from 3.6°C to 24.7°C and salinities around 34.8 PSU."
1902049,3,-18.01145,102.05663,2020-08-19 02:56:14.000296070,3.674,24.715,34.773818181818186,"ARGO float 1902049 on cycle 3 reported data on 2020-08-19 at location 18.0°S, 102.1°E. The profile measured temperatures from 3.7°C to 24.7°C and salinities around 34.8 PSU."
1902049,4,-18.01144,102.0795,2020-08-20 03:02:27.000324795,3.642,24.907,34.76530465949821,"ARGO float 1902049 on cycle 4 reported data on 2020-08-20 at location 18.0°S, 102.1°E. The profile measured temperatures from 3.6°C to 24.9°C and salinities around 34.8 PSU."
1902049,5,-18.02013,102.37036,2020-08-30 01:03:08.000111629,2.575,25.05,34.76177628384687,"ARGO float 1902049 on cycle 5 reported data on 2020-08-30 at location 18.0°S, 102.4°E. The profile measured temperatures from 2.6°C to 25.1°C and salinities around 34.8 PSU."
1902050,0,-15.99856,99.9996,2020-08-17 16:56:38.001798055,23.861,25.612,34.5195,"ARGO float 1902050 on cycle 0 reported data on 2020-08-17 at location 16.0°S, 100.0°E. The profile measured temperatures from 23.9°C to 25.6°C and salinities around 34.5 PSU."
1902050,1,-15.9954,100.02196,2020-08-18 03:34:03.000371335,5.28,25.648,34.811904315197,"ARGO float 1902050 on cycle 1 reported data on 2020-08-18 at location 16.0°S, 100.0°E. The profile measured temperatures from 5.3°C to 25.6°C and salinities around 34.8 PSU."
1902050,2,-15.98683,100.06164,2020-08-19 03:04:18.000327480,3.538,25.623,34.74748915662651,"ARGO float 1902050 on cycle 2 reported data on 2020-08-19 at location 16.0°S, 100.1°E. The profile measured temperatures from 3.5°C to 25.6°C and salinities around 34.7 PSU."
1902050,3,-15.97595,100.11008,2020-08-20 02:36:03.000266953,3.64,25.825,34.755117233009706,"ARGO float 1902050 on cycle 3 reported data on 2020-08-20 at location 16.0°S, 100.1°E. The profile measured temperatures from 3.6°C to 25.8°C and salinities around 34.8 PSU."
1902050,4,-15.97306,100.15841,2020-08-21 02:38:35.000269791,3.591,25.97,34.74784884568651,"ARGO float 1902050 on cycle 4 reported data on 2020-08-21 at location 16.0°S, 100.2°E. The profile measured temperatures from 3.6°C to 26.0°C and salinities around 34.7 PSU."
1902050,5,-16.17763,100.60435,2020-08-31 00:39:10.000056481,2.515,26.242,34.731482089552244,"ARGO float 1902050 on cycle 5 reported data on 2020-08-31 at location 16.2°S, 100.6°E. The profile measured temperatures from 2.5°C to 26.2°C and salinities around 34.7 PSU."
1902051,0,-15.99697,96.00538,2020-08-18 16:37:22.001770479,19.04,25.191,34.800555555555555,"ARGO float 1902051 on cycle 0 reported data on 2020-08-18 at location 16.0°S, 96.0°E. The profile measured temperatures from 19.0°C to 25.2°C and salinities around 34.8 PSU."
1902051,1,-16.0016,96.01986,2020-08-19 03:11:56.000337734,5.433,24.938,34.79569685767098,"ARGO float 1902051 on cycle 1 reported data on 2020-08-19 at location 16.0°S, 96.0°E. The profile measured temperatures from 5.4°C to 24.9°C and salinities around 34.8 PSU."
1902051,2,-16.01285,96.05144,2020-08-20 02:49:58.000285490,3.63,25.261,34.75004140526976,"ARGO float 1902051 on cycle 2 reported data on 2020-08-20 at location 16.0°S, 96.1°E. The profile measured temperatures from 3.6°C to 25.3°C and salinities around 34.8 PSU."
1902051,3,-16.01758,96.09249,2020-08-21 03:03:32.000326159,3.667,25.264,34.74345752427185,"ARGO float 1902051 on cycle 3 reported data on 2020-08-21 at location 16.0°S, 96.1°E. The profile measured temperatures from 3.7°C to 25.3°C and salinities around 34.7 PSU."
1902051,4,-16.04089,96.13428,2020-08-22 03:13:56.000340638,3.596,25.22,34.7379276849642,"ARGO float 1902051 on cycle 4 reported data on 2020-08-22 at location 16.0°S, 96.1°E. The profile measured temperatures from 3.6°C to 25.2°C and salinities around 34.7 PSU."
1902052,1,-13.9894,92.68619,2020-08-20 01:03:58.000111378,5.327,26.243,34.72656193895871,"ARGO float 1902052 on cycle 1 reported data on 2020-08-20 at location 14.0°S, 92.7°E. The profile measured temperatures from 5.3°C to 26.2°C and salinities around 34.7 PSU."
1902052,2,-13.96679,92.72383,2020-08-21 00:55:09.000079815,3.674,26.21,34.70749491525424,"ARGO float 1902052 on cycle 2 reported data on 2020-08-21 at location 14.0°S, 92.7°E. The profile measured temperatures from 3.7°C to 26.2°C and salinities around 34.7 PSU."
1902052,3,-13.93413,92.7615,2020-08-22 01:04:01.000113018,3.714,26.157,34.70361504854369,"ARGO float 1902052 on cycle 3 reported data on 2020-08-22 at location 13.9°S, 92.8°E. The profile measured temperatures from 3.7°C to 26.2°C and salinities around 34.7 PSU."
1902052,4,-13.92071,92.81359,2020-08-23 01:11:29.000123136,3.664,26.094,34.71007581227437,"ARGO float 1902052 on cycle 4 reported data on 2020-08-23 at location 13.9°S, 92.8°E. The profile measured temperatures from 3.7°C to 26.1°C and salinities around 34.7 PSU."
1902053,0,-13.00039,91.00029,2020-08-20 02:26:22.000252467,19.806,27.163,34.51226966292135,"ARGO float 1902053 on cycle 0 reported data on 2020-08-20 at location 13.0°S, 91.0°E. The profile measured temperatures from 19.8°C to 27.2°C and salinities around 34.5 PSU."
1902053,1,-13.00146,91.04034,2020-08-20 13:02:43.001397646,5.506,26.964,34.66382688766114,"ARGO float 1902053 on cycle 1 reported data on 2020-08-20 at location 13.0°S, 91.0°E. The profile measured temperatures from 5.5°C to 27.0°C and salinities around 34.7 PSU."
1902053,2,-12.97812,91.10198,2020-08-21 12:42:17.001348364,3.821,26.855,34.66324843161857,"ARGO float 1902053 on cycle 2 reported data on 2020-08-21 at location 13.0°S, 91.1°E. The profile measured temperatures from 3.8°C to 26.9°C and salinities around 34.7 PSU."
1902053,3,-12.99511,91.16065,2020-08-22 12:48:50.001356943,3.858,26.711,34.65156038415366,"ARGO float 1902053 on cycle 3 reported data on 2020-08-22 at location 13.0°S, 91.2°E. The profile measured temperatures from 3.9°C to 26.7°C and salinities around 34.7 PSU."
1902053,4,-12.9762,91.21026,2020-08-23 12:53:26.001364257,3.873,26.649,34.64737208182912,"ARGO float 1902053 on cycle 4 reported data on 2020-08-23 at location 13.0°S, 91.2°E. The profile measured temperatures from 3.9°C to 26.6°C and salinities around 34.6 PSU."
1902054,0,-14.99612,89.50037,2020-08-20 21:17:42.002277515,21.637,25.524,34.6189010989011,"ARGO float 1902054 on cycle 0 reported data on 2020-08-20 at location 15.0°S, 89.5°E. The profile measured temperatures from 21.6°C to 25.5°C and salinities around 34.6 PSU."
1902054,1,-14.98624,89.50109,2020-08-21 07:52:40.000826490,5.18,25.554,34.80672527472528,"ARGO float 1902054 on cycle 1 reported data on 2020-08-21 at location 15.0°S, 89.5°E. The profile measured temperatures from 5.2°C to 25.6°C and salinities around 34.8 PSU."
1902054,2,-14.94804,89.49407,2020-08-22 07:27:25.000790117,3.557,25.414,34.75553616504855,"ARGO float 1902054 on cycle 2 reported data on 2020-08-22 at location 14.9°S, 89.5°E. The profile measured temperatures from 3.6°C to 25.4°C and salinities around 34.8 PSU."
1902054,3,-14.9209,89.49962,2020-08-23 07:02:42.000753687,3.535,25.245,34.7795835946924,"ARGO float 1902054 on cycle 3 reported data on 2020-08-23 at location 14.9°S, 89.5°E. The profile measured temperatures from 3.5°C to 25.2°C and salinities around 34.8 PSU."
1902054,4,-14.88483,89.49547,2020-08-24 06:34:01.000693050,3.569,25.454,34.7581641025641,"ARGO float 1902054 on cycle 4 reported data on 2020-08-24 at location 14.9°S, 89.5°E. The profile measured temperatures from 3.6°C to 25.5°C and salinities around 34.8 PSU."
1902055,0,-17.00237,87.99642,2020-08-21 15:37:45.001662916,21.147,25.139,34.77351724137931,"ARGO float 1902055 on cycle 0 reported data on 2020-08-21 at location 17.0°S, 88.0°E. The profile measured temperatures from 21.1°C to 25.1°C and salinities around 34.8 PSU."
1902055,1,-17.01342,88.02629,2020-08-22 02:09:48.000227561,5.208,25.125,34.885046728971965,"ARGO float 1902055 on cycle 1 reported data on 2020-08-22 at location 17.0°S, 88.0°E. The profile measured temperatures from 5.2°C to 25.1°C and salinities around 34.9 PSU."
1902055,2,-17.03606,88.0692,2020-08-23 01:53:51.000184265,3.424,25.081,34.82204145728643,"ARGO float 1902055 on cycle 2 reported data on 2020-08-23 at location 17.0°S, 88.1°E. The profile measured temperatures from 3.4°C to 25.1°C and salinities around 34.8 PSU."
1902055,3,-17.05818,88.11318,2020-08-24 01:40:01.000165324,3.364,24.927,34.81812842892768,"ARGO float 1902055 on cycle 3 reported data on 2020-08-24 at location 17.1°S, 88.1°E. The profile measured temperatures from 3.4°C to 24.9°C and salinities around 34.8 PSU."
1902055,4,-17.06971,88.17292,2020-08-25 01:56:02.000188489,3.511,24.928,34.81496083743843,"ARGO float 1902055 on cycle 4 reported data on 2020-08-25 at location 17.1°S, 88.2°E. The profile measured temperatures from 3.5°C to 24.9°C and salinities around 34.8 PSU."
1902056,136,-7.254,69.514,2020-08-08 16:28:03.001757364,6.162,28.084,34.85486507936508,"ARGO float 1902056 on cycle 136 reported data on 2020-08-08 at location 7.3°S, 69.5°E. The profile measured temperatures from 6.2°C to 28.1°C and salinities around 34.9 PSU."
1902056,137,-7.101,69.21,2020-08-18 16:38:43.001771818,6.044,27.844,34.87015576923077,"ARGO float 1902056 on cycle 137 reported data on 2020-08-18 at location 7.1°S, 69.2°E. The profile measured temperatures from 6.0°C to 27.8°C and salinities around 34.9 PSU."
1902056,138,-7.021,68.975,2020-08-28 16:25:09.001752836,6.186,27.442,34.87237623762376,"ARGO float 1902056 on cycle 138 reported data on 2020-08-28 at location 7.0°S, 69.0°E. The profile measured temperatures from 6.2°C to 27.4°C and salinities around 34.9 PSU."
1902057,136,-6.077,56.993,2020-08-08 16:16:07.001739923,14.902,25.902,36.193970588235295,"ARGO float 1902057 on cycle 136 reported data on 2020-08-08 at location 6.1°S, 57.0°E. The profile measured temperatures from 14.9°C to 25.9°C and salinities around 36.2 PSU."
1902057,137,-6.703,55.563,2020-08-18 16:32:02.001762945,18.834,25.708,35.98251428571428,"ARGO float 1902057 on cycle 137 reported data on 2020-08-18 at location 6.7°S, 55.6°E. The profile measured temperatures from 18.8°C to 25.7°C and salinities around 36.0 PSU."
1902057,138,-6.931,54.249,2020-08-28 16:17:11.001741371,19.309,25.629,37.01725714285715,"ARGO float 1902057 on cycle 138 reported data on 2020-08-28 at location 6.9°S, 54.2°E. The profile measured temperatures from 19.3°C to 25.6°C and salinities around 37.0 PSU."
1902075,63,-50.038,119.178,2020-08-20 11:16:15.999999850,1.068,9.693,34.57704702194357,"ARGO float 1902075 on cycle 63 reported data on 2020-08-20 at location 50.0°S, 119.2°E. The profile measured temperatures from 1.1°C to 9.7°C and salinities around 34.6 PSU."
1902076,165,-51.275,83.579,2020-08-10 22:15:33.999999986,1.677,4.281,34.19968103448276,"ARGO float 1902076 on cycle 165 reported data on 2020-08-10 at location 51.3°S, 83.6°E. The profile measured temperatures from 1.7°C to 4.3°C and salinities around 34.2 PSU."
1902076,166,-52.463,85.047,2020-08-20 22:17:00.999999888,1.769,3.661,34.18284347826087,"ARGO float 1902076 on cycle 166 reported data on 2020-08-20 at location 52.5°S, 85.0°E. The profile measured temperatures from 1.8°C to 3.7°C and salinities around 34.2 PSU."
1902076,167,-52.713,86.012,2020-08-30 22:14:15.000000060,1.87,3.781,34.15889655172414,"ARGO float 1902076 on cycle 167 reported data on 2020-08-30 at location 52.7°S, 86.0°E. The profile measured temperatures from 1.9°C to 3.8°C and salinities around 34.2 PSU."
1902078,164,-58.253,58.016,2020-08-09 23:31:33.000000159,-1.265,1.992,25.0,"ARGO float 1902078 on cycle 164 reported data on 2020-08-09 at location 58.3°S, 58.0°E. The profile measured temperatures from -1.3°C to 2.0°C and salinities around 25.0 PSU."
1902078,165,-57.555,57.695,2020-08-19 23:25:28.999999931,-1.513,1.977,25.0,"ARGO float 1902078 on cycle 165 reported data on 2020-08-19 at location 57.6°S, 57.7°E. The profile measured temperatures from -1.5°C to 2.0°C and salinities around 25.0 PSU."
1902078,166,-57.773,59.411,2020-08-29 23:23:57.000000114,-1.422,1.975,25.0,"ARGO float 1902078 on cycle 166 reported data on 2020-08-29 at location 57.8°S, 59.4°E. The profile measured temperatures from -1.4°C to 2.0°C and salinities around 25.0 PSU."
1902189,82,-1.108,54.448,2020-08-07 19:24:42.002073103,2.776,25.364,34.94379720279721,"ARGO float 1902189 on cycle 82 reported data on 2020-08-07 at location 1.1°S, 54.4°E. The profile measured temperatures from 2.8°C to 25.4°C and salinities around 34.9 PSU."
1902189,83,-0.272,55.461,2020-08-17 20:14:44.002166020,2.733,27.366,34.951132788559754,"ARGO float 1902189 on cycle 83 reported data on 2020-08-17 at location 0.3°S, 55.5°E. The profile measured temperatures from 2.7°C to 27.4°C and salinities around 35.0 PSU."
1902189,84,-0.378,56.656,2020-08-27 19:32:09.002084870,2.797,27.208,34.96363173652695,"ARGO float 1902189 on cycle 84 reported data on 2020-08-27 at location 0.4°S, 56.7°E. The profile measured temperatures from 2.8°C to 27.2°C and salinities around 35.0 PSU."
1902190,83,-13.987,55.322,2020-08-04 20:05:24.002152981,2.582,25.846,34.77787703252032,"ARGO float 1902190 on cycle 83 reported data on 2020-08-04 at location 14.0°S, 55.3°E. The profile measured temperatures from 2.6°C to 25.8°C and salinities around 34.8 PSU."
1902190,84,-13.611,55.079,2020-08-14 19:44:12.002102378,2.429,25.628,34.78840840840841,"ARGO float 1902190 on cycle 84 reported data on 2020-08-14 at location 13.6°S, 55.1°E. The profile measured temperatures from 2.4°C to 25.6°C and salinities around 34.8 PSU."
1902190,85,-13.312,54.688,2020-08-24 19:56:30.002119938,2.476,25.985,34.76576146788991,"ARGO float 1902190 on cycle 85 reported data on 2020-08-24 at location 13.3°S, 54.7°E. The profile measured temperatures from 2.5°C to 26.0°C and salinities around 34.8 PSU."
1902191,83,-18.383,49.891,2020-08-03 19:51:23.002112606,2.623,24.094,34.836186559679035,"ARGO float 1902191 on cycle 83 reported data on 2020-08-03 at location 18.4°S, 49.9°E. The profile measured temperatures from 2.6°C to 24.1°C and salinities around 34.8 PSU."
1902191,84,-17.821,50.439,2020-08-13 18:23:50.001964353,2.467,23.999,34.812262000000004,"ARGO float 1902191 on cycle 84 reported data on 2020-08-13 at location 17.8°S, 50.4°E. The profile measured temperatures from 2.5°C to 24.0°C and salinities around 34.8 PSU."
1902191,85,-17.581,50.807,2020-08-23 19:39:36.002095073,2.47,24.08,34.819500501504514,"ARGO float 1902191 on cycle 85 reported data on 2020-08-23 at location 17.6°S, 50.8°E. The profile measured temperatures from 2.5°C to 24.1°C and salinities around 34.8 PSU."
1902192,84,-23.994,42.075,2020-08-02 19:18:20.002064592,2.768,22.728,34.891285571142284,"ARGO float 1902192 on cycle 84 reported data on 2020-08-02 at location 24.0°S, 42.1°E. The profile measured temperatures from 2.8°C to 22.7°C and salinities around 34.9 PSU."
1902192,85,-23.182,41.886,2020-08-12 19:56:37.002119686,2.715,22.855,34.866509127789044,"ARGO float 1902192 on cycle 85 reported data on 2020-08-12 at location 23.2°S, 41.9°E. The profile measured temperatures from 2.7°C to 22.9°C and salinities around 34.9 PSU."
1902192,86,-22.586,41.606,2020-08-22 19:08:24.002050055,2.73,22.683,34.87679479479479,"ARGO float 1902192 on cycle 86 reported data on 2020-08-22 at location 22.6°S, 41.6°E. The profile measured temperatures from 2.7°C to 22.7°C and salinities around 34.9 PSU."
1902193,81,-1.517,63.183,2020-08-01 19:04:53.002044105,2.71,29.787,34.94557530120482,"ARGO float 1902193 on cycle 81 reported data on 2020-08-01 at location 1.5°S, 63.2°E. The profile measured temperatures from 2.7°C to 29.8°C and salinities around 34.9 PSU."
1902193,82,-0.849,63.776,2020-08-11 18:01:30.001932744,2.666,29.445,34.944829341317366,"ARGO float 1902193 on cycle 82 reported data on 2020-08-11 at location 0.8°S, 63.8°E. The profile measured temperatures from 2.7°C to 29.4°C and salinities around 34.9 PSU."
1902193,83,-0.985,64.171,2020-08-21 19:20:41.002067379,2.743,29.815,34.94665665665666,"ARGO float 1902193 on cycle 83 reported data on 2020-08-21 at location 1.0°S, 64.2°E. The profile measured temperatures from 2.7°C to 29.8°C and salinities around 34.9 PSU."
1902193,84,-0.763,64.239,2020-08-31 18:10:58.001945448,2.717,29.182,34.94119180819181,"ARGO float 1902193 on cycle 84 reported data on 2020-08-31 at location 0.8°S, 64.2°E. The profile measured temperatures from 2.7°C to 29.2°C and salinities around 34.9 PSU."
1902194,81,4.283,65.533,2020-08-03 19:41:47.002098027,2.859,28.822,35.10081965552178,"ARGO float 1902194 on cycle 81 reported data on 2020-08-03 at location 4.3°N, 65.5°E. The profile measured temperatures from 2.9°C to 28.8°C and salinities around 35.1 PSU."
1902194,82,4.418,65.24,2020-08-13 18:47:16.001999445,2.921,28.999,35.0998622754491,"ARGO float 1902194 on cycle 82 reported data on 2020-08-13 at location 4.4°N, 65.2°E. The profile measured temperatures from 2.9°C to 29.0°C and salinities around 35.1 PSU."
1902194,83,4.664,64.766,2020-08-23 19:49:05.002109584,3.022,29.362,35.10550551654965,"ARGO float 1902194 on cycle 83 reported data on 2020-08-23 at location 4.7°N, 64.8°E. The profile measured temperatures from 3.0°C to 29.4°C and salinities around 35.1 PSU."
1902196,78,2.283,65.518,2020-08-05 18:27:37.001970262,2.869,29.716,35.00465287588295,"ARGO float 1902196 on cycle 78 reported data on 2020-08-05 at location 2.3°N, 65.5°E. The profile measured temperatures from 2.9°C to 29.7°C and salinities around 35.0 PSU."
1902196,79,2.261,65.802,2020-08-15 17:26:57.001861487,2.779,29.746,35.004957000000005,"ARGO float 1902196 on cycle 79 reported data on 2020-08-15 at location 2.3°N, 65.8°E. The profile measured temperatures from 2.8°C to 29.7°C and salinities around 35.0 PSU."
1902196,80,2.764,65.779,2020-08-25 18:30:43.001974774,2.85,30.049,35.02412106299212,"ARGO float 1902196 on cycle 80 reported data on 2020-08-25 at location 2.8°N, 65.8°E. The profile measured temperatures from 2.9°C to 30.0°C and salinities around 35.0 PSU."
1902198,78,2.267,81.326,2020-08-08 18:08:12.001942786,2.726,29.351,34.576958041958044,"ARGO float 1902198 on cycle 78 reported data on 2020-08-08 at location 2.3°N, 81.3°E. The profile measured temperatures from 2.7°C to 29.4°C and salinities around 34.6 PSU."
1902198,79,2.092,80.793,2020-08-18 18:53:02.002008030,2.834,30.05,32.99550151975684,"ARGO float 1902198 on cycle 79 reported data on 2020-08-18 at location 2.1°N, 80.8°E. The profile measured temperatures from 2.8°C to 30.1°C and salinities around 33.0 PSU."
1902198,80,2.26,79.955,2020-08-28 18:26:25.001968839,2.88,29.468,32.868570429570426,"ARGO float 1902198 on cycle 80 reported data on 2020-08-28 at location 2.3°N, 80.0°E. The profile measured temperatures from 2.9°C to 29.5°C and salinities around 32.9 PSU."
1902201,77,-13.419,66.856,2020-08-02 18:08:47.001942795,2.291,26.524,34.836425125628146,"ARGO float 1902201 on cycle 77 reported data on 2020-08-02 at location 13.4°S, 66.9°E. The profile measured temperatures from 2.3°C to 26.5°C and salinities around 34.8 PSU."
1902201,78,-13.444,66.999,2020-08-12 16:48:11.001786405,2.238,26.333,34.836901098901095,"ARGO float 1902201 on cycle 78 reported data on 2020-08-12 at location 13.4°S, 67.0°E. The profile measured temperatures from 2.2°C to 26.3°C and salinities around 34.8 PSU."
1902201,79,-13.683,67.284,2020-08-22 18:02:16.001934066,2.243,25.801,34.849821392532796,"ARGO float 1902201 on cycle 79 reported data on 2020-08-22 at location 13.7°S, 67.3°E. The profile measured temperatures from 2.2°C to 25.8°C and salinities around 34.8 PSU."
1902202,64,-3.926,50.676,2020-08-02 19:07:13.002048540,2.789,24.977,34.90018163672655,"ARGO float 1902202 on cycle 64 reported data on 2020-08-02 at location 3.9°S, 50.7°E. The profile measured temperatures from 2.8°C to 25.0°C and salinities around 34.9 PSU."
1902202,65,-5.364,49.802,2020-08-12 19:40:02.002096436,2.882,25.18,34.88826021934198,"ARGO float 1902202 on cycle 65 reported data on 2020-08-12 at location 5.4°S, 49.8°E. The profile measured temperatures from 2.9°C to 25.2°C and salinities around 34.9 PSU."
1902202,66,-6.159,48.729,2020-08-22 20:31:14.002190935,2.688,25.332,34.89216717635066,"ARGO float 1902202 on cycle 66 reported data on 2020-08-22 at location 6.2°S, 48.7°E. The profile measured temperatures from 2.7°C to 25.3°C and salinities around 34.9 PSU."
1902212,165,-43.45454,21.39115,2020-08-05 02:08:37.000226045,2.706,10.959,34.630424276169265,"ARGO float 1902212 on cycle 165 reported data on 2020-08-05 at location 43.5°S, 21.4°E. The profile measured temperatures from 2.7°C to 11.0°C and salinities around 34.6 PSU."
1902212,166,-43.50272,21.59111,2020-08-09 23:28:49.002508139,2.696,9.694,34.51157142857143,"ARGO float 1902212 on cycle 166 reported data on 2020-08-09 at location 43.5°S, 21.6°E. The profile measured temperatures from 2.7°C to 9.7°C and salinities around 34.5 PSU."
1902212,167,-43.53954,21.61119,2020-08-14 20:44:59.002209657,2.709,10.097,34.54357926829268,"ARGO float 1902212 on cycle 167 reported data on 2020-08-14 at location 43.5°S, 21.6°E. The profile measured temperatures from 2.7°C to 10.1°C and salinities around 34.5 PSU."
1902212,168,-43.49901,21.48336,2020-08-19 17:55:27.001903834,2.721,9.469,34.510190934844196,"ARGO float 1902212 on cycle 168 reported data on 2020-08-19 at location 43.5°S, 21.5°E. The profile measured temperatures from 2.7°C to 9.5°C and salinities around 34.5 PSU."
1902212,169,-43.32078,21.42867,2020-08-24 15:29:23.001651493,2.727,9.82,34.57229530916844,"ARGO float 1902212 on cycle 169 reported data on 2020-08-24 at location 43.3°S, 21.4°E. The profile measured temperatures from 2.7°C to 9.8°C and salinities around 34.6 PSU."
1902212,170,-43.24853,21.56933,2020-08-29 12:56:57.001368626,2.701,9.151,34.50490573318633,"ARGO float 1902212 on cycle 170 reported data on 2020-08-29 at location 43.2°S, 21.6°E. The profile measured temperatures from 2.7°C to 9.2°C and salinities around 34.5 PSU."
1902213,164,-46.20169,48.9682,2020-08-02 01:10:14.000121949,2.296,3.69,34.06586830497795,"ARGO float 1902213 on cycle 164 reported data on 2020-08-02 at location 46.2°S, 49.0°E. The profile measured temperatures from 2.3°C to 3.7°C and salinities around 34.1 PSU."
1902213,165,-46.24782,48.97097,2020-08-07 00:52:56.000075439,2.257,4.289,34.05301772616137,"ARGO float 1902213 on cycle 165 reported data on 2020-08-07 at location 46.2°S, 49.0°E. The profile measured temperatures from 2.3°C to 4.3°C and salinities around 34.1 PSU."
1902213,166,-46.36848,49.05695,2020-08-12 00:43:53.000062291,2.266,3.71,34.09135158150852,"ARGO float 1902213 on cycle 166 reported data on 2020-08-12 at location 46.4°S, 49.1°E. The profile measured temperatures from 2.3°C to 3.7°C and salinities around 34.1 PSU."
1902213,167,-46.44541,49.12197,2020-08-17 00:56:21.000081238,2.138,3.401,34.108343768458354,"ARGO float 1902213 on cycle 167 reported data on 2020-08-17 at location 46.4°S, 49.1°E. The profile measured temperatures from 2.1°C to 3.4°C and salinities around 34.1 PSU."
1902213,168,-46.46464,49.09078,2020-08-22 01:28:32.000147901,2.001,3.474,34.17698849913744,"ARGO float 1902213 on cycle 168 reported data on 2020-08-22 at location 46.5°S, 49.1°E. The profile measured temperatures from 2.0°C to 3.5°C and salinities around 34.2 PSU."
1902213,169,-46.51209,49.1078,2020-08-27 02:36:52.000266778,1.844,3.28,34.231221875,"ARGO float 1902213 on cycle 169 reported data on 2020-08-27 at location 46.5°S, 49.1°E. The profile measured temperatures from 1.8°C to 3.3°C and salinities around 34.2 PSU."
1902214,165,-42.91316,34.75197,2020-08-02 02:29:42.000256466,2.575,7.325,34.22549481157837,"ARGO float 1902214 on cycle 165 reported data on 2020-08-02 at location 42.9°S, 34.8°E. The profile measured temperatures from 2.6°C to 7.3°C and salinities around 34.2 PSU."
1902214,166,-42.83877,34.81309,2020-08-06 23:17:02.002492170,2.586,9.62,34.29586730424388,"ARGO float 1902214 on cycle 166 reported data on 2020-08-06 at location 42.8°S, 34.8°E. The profile measured temperatures from 2.6°C to 9.6°C and salinities around 34.3 PSU."
1902214,167,-42.76455,34.86227,2020-08-11 20:00:37.002145616,2.582,9.886,34.35802740462117,"ARGO float 1902214 on cycle 167 reported data on 2020-08-11 at location 42.8°S, 34.9°E. The profile measured temperatures from 2.6°C to 9.9°C and salinities around 34.4 PSU."
1902214,168,-42.70562,34.90999,2020-08-16 16:45:41.001781835,2.535,9.887,34.47557399577167,"ARGO float 1902214 on cycle 168 reported data on 2020-08-16 at location 42.7°S, 34.9°E. The profile measured temperatures from 2.5°C to 9.9°C and salinities around 34.5 PSU."
1902214,169,-42.62388,34.87981,2020-08-21 13:46:04.001461576,2.544,10.033,34.53134121122599,"ARGO float 1902214 on cycle 169 reported data on 2020-08-21 at location 42.6°S, 34.9°E. The profile measured temperatures from 2.5°C to 10.0°C and salinities around 34.5 PSU."
1902214,170,-42.54577,34.91354,2020-08-26 10:33:28.001120771,2.547,10.243,34.485871355060034,"ARGO float 1902214 on cycle 170 reported data on 2020-08-26 at location 42.5°S, 34.9°E. The profile measured temperatures from 2.5°C to 10.2°C and salinities around 34.5 PSU."
1902214,171,-42.48057,34.93666,2020-08-31 07:33:15.000799014,2.552,9.454,34.43127955182073,"ARGO float 1902214 on cycle 171 reported data on 2020-08-31 at location 42.5°S, 34.9°E. The profile measured temperatures from 2.6°C to 9.5°C and salinities around 34.4 PSU."
1902216,138,-45.38598,66.38725,2020-08-07 04:14:50.000449237,2.23,7.576,34.202537628586896,"ARGO float 1902216 on cycle 138 reported data on 2020-08-07 at location 45.4°S, 66.4°E. The profile measured temperatures from 2.2°C to 7.6°C and salinities around 34.2 PSU."
1902216,139,-45.38432,69.0099,2020-08-17 05:59:12.000622136,2.154,6.11,34.16171589688507,"ARGO float 1902216 on cycle 139 reported data on 2020-08-17 at location 45.4°S, 69.0°E. The profile measured temperatures from 2.2°C to 6.1°C and salinities around 34.2 PSU."
1902216,140,-45.41279,70.66309,2020-08-27 07:33:09.000798863,2.134,7.811,34.17946399535424,"ARGO float 1902216 on cycle 140 reported data on 2020-08-27 at location 45.4°S, 70.7°E. The profile measured temperatures from 2.1°C to 7.8°C and salinities around 34.2 PSU."
1902218,84,-45.20609,28.85627,2020-08-07 07:27:01.000790167,2.547,7.355,34.322023046655424,"ARGO float 1902218 on cycle 84 reported data on 2020-08-07 at location 45.2°S, 28.9°E. The profile measured temperatures from 2.5°C to 7.4°C and salinities around 34.3 PSU."
1902218,85,-45.27859,28.93791,2020-08-17 04:18:03.000455380,2.52,7.033,34.25672652838428,"ARGO float 1902218 on cycle 85 reported data on 2020-08-17 at location 45.3°S, 28.9°E. The profile measured temperatures from 2.5°C to 7.0°C and salinities around 34.3 PSU."
1902218,86,-45.98186,29.32872,2020-08-27 01:12:31.000124736,2.516,7.4,34.27424601487779,"ARGO float 1902218 on cycle 86 reported data on 2020-08-27 at location 46.0°S, 29.3°E. The profile measured temperatures from 2.5°C to 7.4°C and salinities around 34.3 PSU."
1902221,52,-41.207,39.28101,2020-08-10 10:38:52.001127985,2.619,12.478,34.73912327252626,"ARGO float 1902221 on cycle 52 reported data on 2020-08-10 at location 41.2°S, 39.3°E. The profile measured temperatures from 2.6°C to 12.5°C and salinities around 34.7 PSU."
1902221,53,-41.29572,39.86055,2020-08-20 10:08:54.001084560,2.618,11.718,34.710053145336225,"ARGO float 1902221 on cycle 53 reported data on 2020-08-20 at location 41.3°S, 39.9°E. The profile measured temperatures from 2.6°C to 11.7°C and salinities around 34.7 PSU."
1902221,54,-41.2211,40.78865,2020-08-30 09:26:34.001003149,2.563,9.674,34.39500903774588,"ARGO float 1902221 on cycle 54 reported data on 2020-08-30 at location 41.2°S, 40.8°E. The profile measured temperatures from 2.6°C to 9.7°C and salinities around 34.4 PSU."
1902222,52,-39.38151,51.63354,2020-08-07 09:45:26.001030767,2.73,15.648,35.112898727465534,"ARGO float 1902222 on cycle 52 reported data on 2020-08-07 at location 39.4°S, 51.6°E. The profile measured temperatures from 2.7°C to 15.6°C and salinities around 35.1 PSU."
1902222,53,-40.12577,54.20799,2020-08-17 07:06:21.000759612,2.721,14.673,35.09763460505105,"ARGO float 1902222 on cycle 53 reported data on 2020-08-17 at location 40.1°S, 54.2°E. The profile measured temperatures from 2.7°C to 14.7°C and salinities around 35.1 PSU."
1902222,54,-38.60276,53.94413,2020-08-27 04:01:11.000430667,2.761,14.762,35.10792815327302,"ARGO float 1902222 on cycle 54 reported data on 2020-08-27 at location 38.6°S, 53.9°E. The profile measured temperatures from 2.8°C to 14.8°C and salinities around 35.1 PSU."
1902223,52,-42.89129,45.90558,2020-08-08 05:50:14.000609215,2.249,6.218,34.15769791666667,"ARGO float 1902223 on cycle 52 reported data on 2020-08-08 at location 42.9°S, 45.9°E. The profile measured temperatures from 2.2°C to 6.2°C and salinities around 34.2 PSU."
1902223,53,-42.26192,48.44368,2020-08-18 03:40:15.000380031,2.229,9.717,34.21372148541114,"ARGO float 1902223 on cycle 53 reported data on 2020-08-18 at location 42.3°S, 48.4°E. The profile measured temperatures from 2.2°C to 9.7°C and salinities around 34.2 PSU."
1902223,54,-41.0757,50.57857,2020-08-28 01:12:04.000124718,2.288,6.897,34.208815897136176,"ARGO float 1902223 on cycle 54 reported data on 2020-08-28 at location 41.1°S, 50.6°E. The profile measured temperatures from 2.3°C to 6.9°C and salinities around 34.2 PSU."
1902224,52,-41.67265,44.41624,2020-08-08 04:20:31.000458226,2.607,12.041,34.72637295528899,"ARGO float 1902224 on cycle 52 reported data on 2020-08-08 at location 41.7°S, 44.4°E. The profile measured temperatures from 2.6°C to 12.0°C and salinities around 34.7 PSU."
1902224,53,-41.9992,45.42443,2020-08-18 01:54:57.000185553,2.608,12.039,34.76055715811966,"ARGO float 1902224 on cycle 53 reported data on 2020-08-18 at location 42.0°S, 45.4°E. The profile measured temperatures from 2.6°C to 12.0°C and salinities around 34.8 PSU."
1902224,54,-42.10043,46.82868,2020-08-27 23:12:31.002485083,2.484,10.096,34.44278038755138,"ARGO float 1902224 on cycle 54 reported data on 2020-08-27 at location 42.1°S, 46.8°E. The profile measured temperatures from 2.5°C to 10.1°C and salinities around 34.4 PSU."
1902226,50,-45.90733,34.9623,2020-08-02 03:36:43.000374165,2.518,6.09,34.134546989051096,"ARGO float 1902226 on cycle 50 reported data on 2020-08-02 at location 45.9°S, 35.0°E. The profile measured temperatures from 2.5°C to 6.1°C and salinities around 34.1 PSU."
1902226,51,-45.8684,34.37032,2020-08-12 04:07:15.000439370,2.6,6.49,34.140847938144326,"ARGO float 1902226 on cycle 51 reported data on 2020-08-12 at location 45.9°S, 34.4°E. The profile measured temperatures from 2.6°C to 6.5°C and salinities around 34.1 PSU."
1902226,52,-45.82908,34.23469,2020-08-22 03:23:39.000355284,2.436,6.055,34.179967038809146,"ARGO float 1902226 on cycle 52 reported data on 2020-08-22 at location 45.8°S, 34.2°E. The profile measured temperatures from 2.4°C to 6.1°C and salinities around 34.2 PSU."
1902249,0,-18.99515,86.4968,2020-08-22 08:50:28.000930896,21.579,22.879,35.464827586206894,"ARGO float 1902249 on cycle 0 reported data on 2020-08-22 at location 19.0°S, 86.5°E. The profile measured temperatures from 21.6°C to 22.9°C and salinities around 35.5 PSU."
1902249,1,-19.01223,86.49807,2020-08-22 19:30:12.002082042,5.101,22.927,35.01339252336449,"ARGO float 1902249 on cycle 1 reported data on 2020-08-22 at location 19.0°S, 86.5°E. The profile measured temperatures from 5.1°C to 22.9°C and salinities around 35.0 PSU."
1902249,2,-19.03035,86.52079,2020-08-23 19:34:55.002087842,3.62,22.983,34.89764720812183,"ARGO float 1902249 on cycle 2 reported data on 2020-08-23 at location 19.0°S, 86.5°E. The profile measured temperatures from 3.6°C to 23.0°C and salinities around 34.9 PSU."
1902249,3,-19.06039,86.54135,2020-08-24 20:01:41.002147064,3.474,23.039,34.92184468339307,"ARGO float 1902249 on cycle 3 reported data on 2020-08-24 at location 19.1°S, 86.5°E. The profile measured temperatures from 3.5°C to 23.0°C and salinities around 34.9 PSU."
1902249,4,-19.08436,86.54412,2020-08-25 20:37:56.002199413,3.43,23.033,34.92544982206406,"ARGO float 1902249 on cycle 4 reported data on 2020-08-25 at location 19.1°S, 86.5°E. The profile measured temperatures from 3.4°C to 23.0°C and salinities around 34.9 PSU."
1902250,0,-21.00162,85.00209,2020-08-23 01:05:32.000114492,20.379,22.11,35.477563829787236,"ARGO float 1902250 on cycle 0 reported data on 2020-08-23 at location 21.0°S, 85.0°E. The profile measured temperatures from 20.4°C to 22.1°C and salinities around 35.5 PSU."
1902250,1,-21.04196,85.01439,2020-08-23 11:36:09.001232375,4.859,22.208,35.053835849056604,"ARGO float 1902250 on cycle 1 reported data on 2020-08-23 at location 21.0°S, 85.0°E. The profile measured temperatures from 4.9°C to 22.2°C and salinities around 35.1 PSU."
1902250,2,-21.099,85.01148,2020-08-24 11:21:04.001210674,3.426,22.084,34.90338403041825,"ARGO float 1902250 on cycle 2 reported data on 2020-08-24 at location 21.1°S, 85.0°E. The profile measured temperatures from 3.4°C to 22.1°C and salinities around 34.9 PSU."
1902250,3,-21.14283,85.02209,2020-08-25 11:31:29.001225077,3.359,22.595,34.93281284185493,"ARGO float 1902250 on cycle 3 reported data on 2020-08-25 at location 21.1°S, 85.0°E. The profile measured temperatures from 3.4°C to 22.6°C and salinities around 34.9 PSU."
1902250,4,-21.21126,85.05213,2020-08-26 11:44:03.001244167,3.41,22.64,34.94332182254197,"ARGO float 1902250 on cycle 4 reported data on 2020-08-26 at location 21.2°S, 85.1°E. The profile measured temperatures from 3.4°C to 22.6°C and salinities around 34.9 PSU."
1902251,0,-22.98817,83.50179,2020-08-23 17:10:19.001838472,18.405,21.372,35.63164406779661,"ARGO float 1902251 on cycle 0 reported data on 2020-08-23 at location 23.0°S, 83.5°E. The profile measured temperatures from 18.4°C to 21.4°C and salinities around 35.6 PSU."
1902251,1,-22.9771,83.50232,2020-08-24 03:38:54.000377128,5.059,21.274,35.062843575418995,"ARGO float 1902251 on cycle 1 reported data on 2020-08-24 at location 23.0°S, 83.5°E. The profile measured temperatures from 5.1°C to 21.3°C and salinities around 35.1 PSU."
1902251,2,-22.91043,83.48389,2020-08-25 03:17:12.000346537,3.439,21.596,34.94283292978208,"ARGO float 1902251 on cycle 2 reported data on 2020-08-25 at location 22.9°S, 83.5°E. The profile measured temperatures from 3.4°C to 21.6°C and salinities around 34.9 PSU."
1902251,3,-22.85721,83.46346,2020-08-26 02:55:44.000294396,3.452,21.639,34.94307310012063,"ARGO float 1902251 on cycle 3 reported data on 2020-08-26 at location 22.9°S, 83.5°E. The profile measured temperatures from 3.5°C to 21.6°C and salinities around 34.9 PSU."
1902251,4,-22.82245,83.44152,2020-08-27 03:00:03.000321941,3.411,21.548,34.94167193195626,"ARGO float 1902251 on cycle 4 reported data on 2020-08-27 at location 22.8°S, 83.4°E. The profile measured temperatures from 3.4°C to 21.5°C and salinities around 34.9 PSU."
1902252,0,-24.9922,81.9982,2020-08-24 08:55:57.000938018,19.264,19.873,35.74812,"ARGO float 1902252 on cycle 0 reported data on 2020-08-24 at location 25.0°S, 82.0°E. The profile measured temperatures from 19.3°C to 19.9°C and salinities around 35.7 PSU."
1902252,1,-24.99084,81.99797,2020-08-24 19:26:18.002076057,4.707,19.473,35.04741774491682,"ARGO float 1902252 on cycle 1 reported data on 2020-08-24 at location 25.0°S, 82.0°E. The profile measured temperatures from 4.7°C to 19.5°C and salinities around 35.0 PSU."
1902252,2,-24.99309,82.01106,2020-08-25 19:06:41.002047034,3.199,19.726,34.9062403486924,"ARGO float 1902252 on cycle 2 reported data on 2020-08-25 at location 25.0°S, 82.0°E. The profile measured temperatures from 3.2°C to 19.7°C and salinities around 34.9 PSU."
1902252,3,-24.9915,82.02468,2020-08-26 18:42:15.001992256,3.163,20.347,34.92277563329312,"ARGO float 1902252 on cycle 3 reported data on 2020-08-26 at location 25.0°S, 82.0°E. The profile measured temperatures from 3.2°C to 20.3°C and salinities around 34.9 PSU."
1902252,4,-24.99799,82.04624,2020-08-27 18:15:46.001953048,3.153,20.504,34.9242715137068,"ARGO float 1902252 on cycle 4 reported data on 2020-08-27 at location 25.0°S, 82.0°E. The profile measured temperatures from 3.2°C to 20.5°C and salinities around 34.9 PSU."
1902253,0,-27.00025,80.50353,2020-08-24 23:38:46.002522903,18.576,19.709,35.50064655172414,"ARGO float 1902253 on cycle 0 reported data on 2020-08-24 at location 27.0°S, 80.5°E. The profile measured temperatures from 18.6°C to 19.7°C and salinities around 35.5 PSU."
1902253,1,-27.00545,80.50794,2020-08-25 10:08:14.001084634,5.515,20.232,35.10831203007519,"ARGO float 1902253 on cycle 1 reported data on 2020-08-25 at location 27.0°S, 80.5°E. The profile measured temperatures from 5.5°C to 20.2°C and salinities around 35.1 PSU."
1902253,2,-27.03168,80.50404,2020-08-26 09:36:02.001017736,3.334,20.388,34.92178822055138,"ARGO float 1902253 on cycle 2 reported data on 2020-08-26 at location 27.0°S, 80.5°E. The profile measured temperatures from 3.3°C to 20.4°C and salinities around 34.9 PSU."
1902253,3,-27.06327,80.49814,2020-08-27 09:24:44.001000380,3.345,20.953,34.94035873015873,"ARGO float 1902253 on cycle 3 reported data on 2020-08-27 at location 27.1°S, 80.5°E. The profile measured temperatures from 3.3°C to 21.0°C and salinities around 34.9 PSU."
1902253,4,-27.09712,80.49281,2020-08-28 09:18:10.000991566,3.338,20.19,34.95722399020808,"ARGO float 1902253 on cycle 4 reported data on 2020-08-28 at location 27.1°S, 80.5°E. The profile measured temperatures from 3.3°C to 20.2°C and salinities around 35.0 PSU."
1902254,0,-28.9948,78.99499,2020-08-25 14:02:56.001504831,16.25,18.867,35.08132608695652,"ARGO float 1902254 on cycle 0 reported data on 2020-08-25 at location 29.0°S, 79.0°E. The profile measured temperatures from 16.2°C to 18.9°C and salinities around 35.1 PSU."
1902254,1,-29.01068,78.98048,2020-08-26 00:34:19.000049436,4.903,19.175,35.00100185873606,"ARGO float 1902254 on cycle 1 reported data on 2020-08-26 at location 29.0°S, 79.0°E. The profile measured temperatures from 4.9°C to 19.2°C and salinities around 35.0 PSU."
1902254,2,-29.03452,78.93875,2020-08-27 00:24:06.000035016,3.361,18.889,34.85128373266078,"ARGO float 1902254 on cycle 2 reported data on 2020-08-27 at location 29.0°S, 78.9°E. The profile measured temperatures from 3.4°C to 18.9°C and salinities around 34.9 PSU."
1902254,3,-29.07161,78.90054,2020-08-28 00:34:19.000049436,3.306,18.734,34.89471778846154,"ARGO float 1902254 on cycle 3 reported data on 2020-08-28 at location 29.1°S, 78.9°E. The profile measured temperatures from 3.3°C to 18.7°C and salinities around 34.9 PSU."
1902254,4,-29.0961,78.86842,2020-08-29 00:42:54.000061070,3.303,18.79,34.885091676718936,"ARGO float 1902254 on cycle 4 reported data on 2020-08-29 at location 29.1°S, 78.9°E. The profile measured temperatures from 3.3°C to 18.8°C and salinities around 34.9 PSU."
1902255,0,-31.0037,77.50596,2020-08-26 04:24:34.000463799,16.046,17.598,35.05832291666667,"ARGO float 1902255 on cycle 0 reported data on 2020-08-26 at location 31.0°S, 77.5°E. The profile measured temperatures from 16.0°C to 17.6°C and salinities around 35.1 PSU."
1902255,1,-31.03563,77.51235,2020-08-26 14:52:27.001577608,5.751,17.666,35.024748592870544,"ARGO float 1902255 on cycle 1 reported data on 2020-08-26 at location 31.0°S, 77.5°E. The profile measured temperatures from 5.8°C to 17.7°C and salinities around 35.0 PSU."
1902255,2,-31.06731,77.55137,2020-08-27 14:23:16.001535419,3.263,18.105,34.85484837092732,"ARGO float 1902255 on cycle 2 reported data on 2020-08-27 at location 31.1°S, 77.6°E. The profile measured temperatures from 3.3°C to 18.1°C and salinities around 34.9 PSU."
1902255,3,-31.10214,77.59183,2020-08-28 13:58:04.001479008,3.267,18.134,34.85672590738423,"ARGO float 1902255 on cycle 3 reported data on 2020-08-28 at location 31.1°S, 77.6°E. The profile measured temperatures from 3.3°C to 18.1°C and salinities around 34.9 PSU."
1902255,4,-31.14794,77.63068,2020-08-29 13:59:29.001480331,3.293,18.091,34.88081493268054,"ARGO float 1902255 on cycle 4 reported data on 2020-08-29 at location 31.1°S, 77.6°E. The profile measured temperatures from 3.3°C to 18.1°C and salinities around 34.9 PSU."
1902256,0,-32.50101,77.49343,2020-08-26 18:43:01.001993586,15.788,17.168,35.38040206185567,"ARGO float 1902256 on cycle 0 reported data on 2020-08-26 at location 32.5°S, 77.5°E. The profile measured temperatures from 15.8°C to 17.2°C and salinities around 35.4 PSU."
1902256,1,-32.53915,77.45304,2020-08-27 05:33:11.000584442,4.471,17.042,34.960857142857144,"ARGO float 1902256 on cycle 1 reported data on 2020-08-27 at location 32.5°S, 77.5°E. The profile measured temperatures from 4.5°C to 17.0°C and salinities around 35.0 PSU."
1902256,2,-32.57505,77.41052,2020-08-28 05:07:45.000546447,3.75,16.735,34.89395052473763,"ARGO float 1902256 on cycle 2 reported data on 2020-08-28 at location 32.6°S, 77.4°E. The profile measured temperatures from 3.8°C to 16.7°C and salinities around 34.9 PSU."
1902256,3,-32.58242,77.34528,2020-08-29 04:41:42.000488479,3.724,17.13,34.88751051051051,"ARGO float 1902256 on cycle 3 reported data on 2020-08-29 at location 32.6°S, 77.3°E. The profile measured temperatures from 3.7°C to 17.1°C and salinities around 34.9 PSU."
1902256,4,-32.59249,77.26099,2020-08-30 04:09:09.000442131,3.707,16.623,34.88417410714286,"ARGO float 1902256 on cycle 4 reported data on 2020-08-30 at location 32.6°S, 77.3°E. The profile measured temperatures from 3.7°C to 16.6°C and salinities around 34.9 PSU."
1902257,0,-33.99803,79.75604,2020-08-27 13:26:41.001432360,13.397,15.366,35.21382352941176,"ARGO float 1902257 on cycle 0 reported data on 2020-08-27 at location 34.0°S, 79.8°E. The profile measured temperatures from 13.4°C to 15.4°C and salinities around 35.2 PSU."
1902257,1,-34.00994,79.80557,2020-08-27 23:47:13.002535815,6.337,15.357,34.97487617260788,"ARGO float 1902257 on cycle 1 reported data on 2020-08-27 at location 34.0°S, 79.8°E. The profile measured temperatures from 6.3°C to 15.4°C and salinities around 35.0 PSU."
1902257,2,-33.99858,79.85799,2020-08-28 23:32:48.002514031,3.129,14.415,34.775593516209476,"ARGO float 1902257 on cycle 2 reported data on 2020-08-28 at location 34.0°S, 79.9°E. The profile measured temperatures from 3.1°C to 14.4°C and salinities around 34.8 PSU."
1902257,3,-33.96484,79.90121,2020-08-29 23:29:25.002509637,3.138,14.63,34.789460575719644,"ARGO float 1902257 on cycle 3 reported data on 2020-08-29 at location 34.0°S, 79.9°E. The profile measured temperatures from 3.1°C to 14.6°C and salinities around 34.8 PSU."
1902257,4,-33.92631,79.95939,2020-08-30 23:47:28.002535857,3.165,14.49,34.805494571773224,"ARGO float 1902257 on cycle 4 reported data on 2020-08-30 at location 33.9°S, 80.0°E. The profile measured temperatures from 3.2°C to 14.5°C and salinities around 34.8 PSU."
1902258,0,-36.00019,82.99901,2020-08-28 12:04:47.001293256,13.683,13.697,35.22954054054054,"ARGO float 1902258 on cycle 0 reported data on 2020-08-28 at location 36.0°S, 83.0°E. The profile measured temperatures from 13.7°C to 13.7°C and salinities around 35.2 PSU."
1902258,1,-35.98761,83.01436,2020-08-28 22:32:30.002406930,5.799,13.61,34.87803219696969,"ARGO float 1902258 on cycle 1 reported data on 2020-08-28 at location 36.0°S, 83.0°E. The profile measured temperatures from 5.8°C to 13.6°C and salinities around 34.9 PSU."
1902258,2,-35.9816,83.02588,2020-08-29 22:24:52.002395112,3.197,13.469,34.73906829268293,"ARGO float 1902258 on cycle 2 reported data on 2020-08-29 at location 36.0°S, 83.0°E. The profile measured temperatures from 3.2°C to 13.5°C and salinities around 34.7 PSU."
1902258,3,-35.97166,83.03331,2020-08-30 22:02:44.002363159,3.171,13.502,34.74640894800484,"ARGO float 1902258 on cycle 3 reported data on 2020-08-30 at location 36.0°S, 83.0°E. The profile measured temperatures from 3.2°C to 13.5°C and salinities around 34.7 PSU."
1902258,4,-35.95972,83.04285,2020-08-31 21:52:14.002328735,3.199,13.488,34.75089258809234,"ARGO float 1902258 on cycle 4 reported data on 2020-08-31 at location 36.0°S, 83.0°E. The profile measured temperatures from 3.2°C to 13.5°C and salinities around 34.8 PSU."
1902259,0,-41.40452,82.40424,2020-08-31 00:50:10.000072466,11.602,11.633,34.97761855670103,"ARGO float 1902259 on cycle 0 reported data on 2020-08-31 at location 41.4°S, 82.4°E. The profile measured temperatures from 11.6°C to 11.6°C and salinities around 35.0 PSU."
1902259,1,-41.40218,82.4094,2020-08-31 11:20:07.001209294,5.305,11.663,34.79072180451128,"ARGO float 1902259 on cycle 1 reported data on 2020-08-31 at location 41.4°S, 82.4°E. The profile measured temperatures from 5.3°C to 11.7°C and salinities around 34.8 PSU."
1902330,57,-58.819,61.36,2020-08-07 11:46:47.999999997,0.301,2.256,34.597637931034484,"ARGO float 1902330 on cycle 57 reported data on 2020-08-07 at location 58.8°S, 61.4°E. The profile measured temperatures from 0.3°C to 2.3°C and salinities around 34.6 PSU."
1902330,58,-59.578,60.492,2020-08-17 10:58:51.000000110,0.026,2.28,34.604202,"ARGO float 1902330 on cycle 58 reported data on 2020-08-17 at location 59.6°S, 60.5°E. The profile measured temperatures from 0.0°C to 2.3°C and salinities around 34.6 PSU."
1902330,59,-59.164,60.788,2020-08-27 11:49:20.999999925,-0.47,2.171,34.6099648241206,"ARGO float 1902330 on cycle 59 reported data on 2020-08-27 at location 59.2°S, 60.8°E. The profile measured temperatures from -0.5°C to 2.2°C and salinities around 34.6 PSU."
1902331,56,-58.459,63.543,2020-08-01 04:28:38.999999922,-0.53,1.998,34.6164055666004,"ARGO float 1902331 on cycle 56 reported data on 2020-08-01 at location 58.5°S, 63.5°E. The profile measured temperatures from -0.5°C to 2.0°C and salinities around 34.6 PSU."
1902331,57,-58.531,63.918,2020-08-11 03:45:49.000000135,-0.733,2.004,34.621885999999996,"ARGO float 1902331 on cycle 57 reported data on 2020-08-11 at location 58.5°S, 63.9°E. The profile measured temperatures from -0.7°C to 2.0°C and salinities around 34.6 PSU."
1902331,58,-58.805,64.376,2020-08-21 04:10:53.999999912,-0.863,1.967,34.61341728922092,"ARGO float 1902331 on cycle 58 reported data on 2020-08-21 at location 58.8°S, 64.4°E. The profile measured temperatures from -0.9°C to 2.0°C and salinities around 34.6 PSU."
1902331,59,-59.171,65.089,2020-08-31 04:13:28.000000076,-1.001,1.991,34.61196220633299,"ARGO float 1902331 on cycle 59 reported data on 2020-08-31 at location 59.2°S, 65.1°E. The profile measured temperatures from -1.0°C to 2.0°C and salinities around 34.6 PSU."
1902332,76,-12.356,79.587,2020-08-03 20:30:05.999999938,2.6919,26.6169,34.76519977728285,"ARGO float 1902332 on cycle 76 reported data on 2020-08-03 at location 12.4°S, 79.6°E. The profile measured temperatures from 2.7°C to 26.6°C and salinities around 34.8 PSU."
1902332,77,-12.418,79.685,2020-08-08 02:12:16.999999928,2.573,26.265,34.76032333333333,"ARGO float 1902332 on cycle 77 reported data on 2020-08-08 at location 12.4°S, 79.7°E. The profile measured temperatures from 2.6°C to 26.3°C and salinities around 34.8 PSU."
1902332,78,-12.48,79.805,2020-08-12 09:57:51.000000128,2.6781,26.365,34.76817305122494,"ARGO float 1902332 on cycle 78 reported data on 2020-08-12 at location 12.5°S, 79.8°E. The profile measured temperatures from 2.7°C to 26.4°C and salinities around 34.8 PSU."
1902332,79,-12.559,79.965,2020-08-16 15:36:31.000000147,2.5683,26.3088,34.768404000000004,"ARGO float 1902332 on cycle 79 reported data on 2020-08-16 at location 12.6°S, 80.0°E. The profile measured temperatures from 2.6°C to 26.3°C and salinities around 34.8 PSU."
1902332,80,-12.594,80.142,2020-08-20 23:17:28.999999944,2.6689,26.129,34.78469844097996,"ARGO float 1902332 on cycle 80 reported data on 2020-08-20 at location 12.6°S, 80.1°E. The profile measured temperatures from 2.7°C to 26.1°C and salinities around 34.8 PSU."
1902332,81,-12.585,80.312,2020-08-25 05:27:25.999999934,2.5524,26.0382,34.79684666666667,"ARGO float 1902332 on cycle 81 reported data on 2020-08-25 at location 12.6°S, 80.3°E. The profile measured temperatures from 2.6°C to 26.0°C and salinities around 34.8 PSU."
1902332,82,-12.597,80.45,2020-08-29 13:33:30.000000055,2.7443,25.9389,34.80679799554566,"ARGO float 1902332 on cycle 82 reported data on 2020-08-29 at location 12.6°S, 80.5°E. The profile measured temperatures from 2.7°C to 25.9°C and salinities around 34.8 PSU."
1902333,36,-20.052,81.518,2020-08-01 04:46:43.999999898,1.3654,24.1216,34.83021563146998,"ARGO float 1902333 on cycle 36 reported data on 2020-08-01 at location 20.1°S, 81.5°E. The profile measured temperatures from 1.4°C to 24.1°C and salinities around 34.8 PSU."
1902333,37,-19.961,81.164,2020-08-10 08:50:56.000000137,1.3744,24.0622,34.81070226521945,"ARGO float 1902333 on cycle 37 reported data on 2020-08-10 at location 20.0°S, 81.2°E. The profile measured temperatures from 1.4°C to 24.1°C and salinities around 34.8 PSU."
1902333,38,-19.858,80.795,2020-08-19 13:10:21.000000054,1.3691,23.716,34.80188491277699,"ARGO float 1902333 on cycle 38 reported data on 2020-08-19 at location 19.9°S, 80.8°E. The profile measured temperatures from 1.4°C to 23.7°C and salinities around 34.8 PSU."
1902333,39,-19.755,80.388,2020-08-28 17:34:42.999999936,1.3786,23.4329,34.80969976426214,"ARGO float 1902333 on cycle 39 reported data on 2020-08-28 at location 19.8°S, 80.4°E. The profile measured temperatures from 1.4°C to 23.4°C and salinities around 34.8 PSU."
1902334,23,-18.854,67.364,2020-08-01 13:01:54.999999958,2.276,24.285,34.825669000000005,"ARGO float 1902334 on cycle 23 reported data on 2020-08-01 at location 18.9°S, 67.4°E. The profile measured temperatures from 2.3°C to 24.3°C and salinities around 34.8 PSU."
1902334,24,-19.097,67.612,2020-08-11 13:54:28.999999843,2.335,23.918,34.83049341438703,"ARGO float 1902334 on cycle 24 reported data on 2020-08-11 at location 19.1°S, 67.6°E. The profile measured temperatures from 2.3°C to 23.9°C and salinities around 34.8 PSU."
1902334,25,-19.539,67.672,2020-08-21 13:30:00.999999915,2.378,23.398,34.83188911088911,"ARGO float 1902334 on cycle 25 reported data on 2020-08-21 at location 19.5°S, 67.7°E. The profile measured temperatures from 2.4°C to 23.4°C and salinities around 34.8 PSU."
1902334,26,-19.882,67.721,2020-08-31 13:50:04.000000130,2.584,23.567,34.84478093306288,"ARGO float 1902334 on cycle 26 reported data on 2020-08-31 at location 19.9°S, 67.7°E. The profile measured temperatures from 2.6°C to 23.6°C and salinities around 34.8 PSU."
1902335,32,-31.322,56.268,2020-08-09 13:40:59.000000033,0.9658,18.8496,34.78446764150944,"ARGO float 1902335 on cycle 32 reported data on 2020-08-09 at location 31.3°S, 56.3°E. The profile measured temperatures from 1.0°C to 18.8°C and salinities around 34.8 PSU."
1902335,33,-31.453,56.359,2020-08-18 14:58:52.000000132,1.0124,17.6533,34.76617319842053,"ARGO float 1902335 on cycle 33 reported data on 2020-08-18 at location 31.5°S, 56.4°E. The profile measured temperatures from 1.0°C to 17.7°C and salinities around 34.8 PSU."
1902335,34,-31.587,56.451,2020-08-27 14:33:00.999999984,1.1344,17.1114,34.768692707802145,"ARGO float 1902335 on cycle 34 reported data on 2020-08-27 at location 31.6°S, 56.5°E. The profile measured temperatures from 1.1°C to 17.1°C and salinities around 34.8 PSU."
1902336,21,-33.962,49.118,2020-08-07 08:28:01.999999868,2.6612,17.6027,34.85320774577954,"ARGO float 1902336 on cycle 21 reported data on 2020-08-07 at location 34.0°S, 49.1°E. The profile measured temperatures from 2.7°C to 17.6°C and salinities around 34.9 PSU."
1902336,22,-34.826,49.873,2020-08-17 07:22:46.999999989,2.7463,17.0693,34.86797070506454,"ARGO float 1902336 on cycle 22 reported data on 2020-08-17 at location 34.8°S, 49.9°E. The profile measured temperatures from 2.7°C to 17.1°C and salinities around 34.9 PSU."
1902336,23,-34.793,50.666,2020-08-27 06:13:43.999999944,2.7076,16.8478,34.88765946215139,"ARGO float 1902336 on cycle 23 reported data on 2020-08-27 at location 34.8°S, 50.7°E. The profile measured temperatures from 2.7°C to 16.8°C and salinities around 34.9 PSU."
1902337,22,-40.872,67.217,2020-08-02 00:42:26.000000147,2.6286,13.4333,34.72620646766169,"ARGO float 1902337 on cycle 22 reported data on 2020-08-02 at location 40.9°S, 67.2°E. The profile measured temperatures from 2.6°C to 13.4°C and salinities around 34.7 PSU."
1902337,23,-40.646,67.579,2020-08-11 23:37:29.000000084,2.6264,13.033,34.720604170804364,"ARGO float 1902337 on cycle 23 reported data on 2020-08-11 at location 40.6°S, 67.6°E. The profile measured temperatures from 2.6°C to 13.0°C and salinities around 34.7 PSU."
1902337,24,-40.19,68.003,2020-08-21 22:41:03.999999940,2.618,12.7436,34.698448361469715,"ARGO float 1902337 on cycle 24 reported data on 2020-08-21 at location 40.2°S, 68.0°E. The profile measured temperatures from 2.6°C to 12.7°C and salinities around 34.7 PSU."
1902337,25,-39.83,68.108,2020-08-31 21:08:15.999999961,2.6304,12.6369,34.71405590863953,"ARGO float 1902337 on cycle 25 reported data on 2020-08-31 at location 39.8°S, 68.1°E. The profile measured temperatures from 2.6°C to 12.6°C and salinities around 34.7 PSU."
1902338,22,-40.478,46.524,2020-08-01 19:10:33.000000029,2.52,13.115,34.60330707070707,"ARGO float 1902338 on cycle 22 reported data on 2020-08-01 at location 40.5°S, 46.5°E. The profile measured temperatures from 2.5°C to 13.1°C and salinities around 34.6 PSU."
1902338,23,-40.673,46.638,2020-08-11 18:58:30.000000129,2.628,13.093,34.628514,"ARGO float 1902338 on cycle 23 reported data on 2020-08-11 at location 40.7°S, 46.6°E. The profile measured temperatures from 2.6°C to 13.1°C and salinities around 34.6 PSU."
1902338,24,-41.274,46.79,2020-08-21 19:09:43.999999894,2.595,13.14,34.634540867810294,"ARGO float 1902338 on cycle 24 reported data on 2020-08-21 at location 41.3°S, 46.8°E. The profile measured temperatures from 2.6°C to 13.1°C and salinities around 34.6 PSU."
1902338,25,-41.511,47.276,2020-08-31 18:32:03.000000048,2.538,12.717,34.63355988023952,"ARGO float 1902338 on cycle 25 reported data on 2020-08-31 at location 41.5°S, 47.3°E. The profile measured temperatures from 2.5°C to 12.7°C and salinities around 34.6 PSU."
2901337,316,16.386,70.197,2020-08-10 11:54:03.999999764,3.393,28.189,35.718,"ARGO float 2901337 on cycle 316 reported data on 2020-08-10 at location 16.4°N, 70.2°E. The profile measured temperatures from 3.4°C to 28.2°C and salinities around 35.7 PSU."
2901337,317,16.457,70.115,2020-08-20 10:18:52.000002262,3.155,27.862,35.68866101694915,"ARGO float 2901337 on cycle 317 reported data on 2020-08-20 at location 16.5°N, 70.1°E. The profile measured temperatures from 3.2°C to 27.9°C and salinities around 35.7 PSU."
2901337,318,16.323,70.266,2020-08-30 11:56:53.000008463,3.42,28.155,35.75155172413793,"ARGO float 2901337 on cycle 318 reported data on 2020-08-30 at location 16.3°N, 70.3°E. The profile measured temperatures from 3.4°C to 28.2°C and salinities around 35.8 PSU."
2901338,315,14.968,67.17,2020-08-01 12:29:20.999983545,3.088,28.313,35.717491525423725,"ARGO float 2901338 on cycle 315 reported data on 2020-08-01 at location 15.0°N, 67.2°E. The profile measured temperatures from 3.1°C to 28.3°C and salinities around 35.7 PSU."
2901338,316,15.228,67.521,2020-08-11 14:02:34.999977353,3.405,27.644,35.73643103448276,"ARGO float 2901338 on cycle 316 reported data on 2020-08-11 at location 15.2°N, 67.5°E. The profile measured temperatures from 3.4°C to 27.6°C and salinities around 35.7 PSU."
2901338,317,15.248,67.89,2020-08-21 12:33:11.999977824,3.181,27.593,35.717016949152544,"ARGO float 2901338 on cycle 317 reported data on 2020-08-21 at location 15.2°N, 67.9°E. The profile measured temperatures from 3.2°C to 27.6°C and salinities around 35.7 PSU."
2901338,318,15.116,68.137,2020-08-31 13:53:57.000010908,3.493,27.614,35.71422413793104,"ARGO float 2901338 on cycle 318 reported data on 2020-08-31 at location 15.1°N, 68.1°E. The profile measured temperatures from 3.5°C to 27.6°C and salinities around 35.7 PSU."
2901339,315,11.317,70.073,2020-08-01 23:08:26.999999283,3.343,28.365,35.555551724137935,"ARGO float 2901339 on cycle 315 reported data on 2020-08-01 at location 11.3°N, 70.1°E. The profile measured temperatures from 3.3°C to 28.4°C and salinities around 35.6 PSU."
2901339,316,11.539,70.231,2020-08-11 23:17:40.000017284,3.347,28.069,35.517327586206896,"ARGO float 2901339 on cycle 316 reported data on 2020-08-11 at location 11.5°N, 70.2°E. The profile measured temperatures from 3.3°C to 28.1°C and salinities around 35.5 PSU."
2901339,317,11.49,70.291,2020-08-21 21:55:08.999995886,3.036,28.326,35.536983050847454,"ARGO float 2901339 on cycle 317 reported data on 2020-08-21 at location 11.5°N, 70.3°E. The profile measured temperatures from 3.0°C to 28.3°C and salinities around 35.5 PSU."
2901339,318,11.222,70.169,2020-08-31 23:18:33.000011441,3.413,28.589,35.56748275862069,"ARGO float 2901339 on cycle 318 reported data on 2020-08-31 at location 11.2°N, 70.2°E. The profile measured temperatures from 3.4°C to 28.6°C and salinities around 35.6 PSU."
2901341,313,-23.591,48.509,2020-08-06 08:25:23.000000419,2.457,23.169,35.125796610169495,"ARGO float 2901341 on cycle 313 reported data on 2020-08-06 at location 23.6°S, 48.5°E. The profile measured temperatures from 2.5°C to 23.2°C and salinities around 35.1 PSU."
2901341,314,-24.485,47.788,2020-08-16 08:17:04.000011388,2.425,23.669,35.08691525423729,"ARGO float 2901341 on cycle 314 reported data on 2020-08-16 at location 24.5°S, 47.8°E. The profile measured temperatures from 2.4°C to 23.7°C and salinities around 35.1 PSU."
2901341,315,-25.8,47.124,2020-08-26 08:24:51.000013056,2.52,23.263,35.10410169491525,"ARGO float 2901341 on cycle 315 reported data on 2020-08-26 at location 25.8°S, 47.1°E. The profile measured temperatures from 2.5°C to 23.3°C and salinities around 35.1 PSU."
2901343,312,-30.449,68.142,2020-08-01 00:36:05.999999641,2.445,18.032,35.181862068965515,"ARGO float 2901343 on cycle 312 reported data on 2020-08-01 at location 30.4°S, 68.1°E. The profile measured temperatures from 2.4°C to 18.0°C and salinities around 35.2 PSU."
2901343,313,-29.909,68.458,2020-08-11 00:27:46.000016035,2.435,17.451,35.19931034482759,"ARGO float 2901343 on cycle 313 reported data on 2020-08-11 at location 29.9°S, 68.5°E. The profile measured temperatures from 2.4°C to 17.5°C and salinities around 35.2 PSU."
2901343,314,-29.515,69.173,2020-08-21 00:30:54.999996724,2.383,17.772,35.170500000000004,"ARGO float 2901343 on cycle 314 reported data on 2020-08-21 at location 29.5°S, 69.2°E. The profile measured temperatures from 2.4°C to 17.8°C and salinities around 35.2 PSU."
2901343,315,-29.397,69.63,2020-08-31 00:28:42.999988497,2.396,17.134,35.120620689655176,"ARGO float 2901343 on cycle 315 reported data on 2020-08-31 at location 29.4°S, 69.6°E. The profile measured temperatures from 2.4°C to 17.1°C and salinities around 35.1 PSU."
2901344,312,-33.967,85.056,2020-08-02 17:54:39.000011083,2.461,14.332,34.953677966101694,"ARGO float 2901344 on cycle 312 reported data on 2020-08-02 at location 34.0°S, 85.1°E. The profile measured temperatures from 2.5°C to 14.3°C and salinities around 35.0 PSU."
2901344,313,-33.652,85.857,2020-08-12 19:34:49.999996122,2.567,14.306,34.93744827586207,"ARGO float 2901344 on cycle 313 reported data on 2020-08-12 at location 33.7°S, 85.9°E. The profile measured temperatures from 2.6°C to 14.3°C and salinities around 34.9 PSU."
2901344,314,-34.094,86.289,2020-08-22 17:59:00.999998148,2.5,14.466,34.97598275862069,"ARGO float 2901344 on cycle 314 reported data on 2020-08-22 at location 34.1°S, 86.3°E. The profile measured temperatures from 2.5°C to 14.5°C and salinities around 35.0 PSU."
2901345,312,-36.992,130.018,2020-08-05 10:54:22.999990584,2.369,12.939,34.8044406779661,"ARGO float 2901345 on cycle 312 reported data on 2020-08-05 at location 37.0°S, 130.0°E. The profile measured temperatures from 2.4°C to 12.9°C and salinities around 34.8 PSU."
2901345,313,-36.988,129.591,2020-08-15 12:33:28.000011738,2.455,13.153,34.81953448275862,"ARGO float 2901345 on cycle 313 reported data on 2020-08-15 at location 37.0°S, 129.6°E. The profile measured temperatures from 2.5°C to 13.2°C and salinities around 34.8 PSU."
2901345,314,-36.964,129.251,2020-08-25 10:56:01.999976637,2.375,12.911,34.80805172413793,"ARGO float 2901345 on cycle 314 reported data on 2020-08-25 at location 37.0°S, 129.3°E. The profile measured temperatures from 2.4°C to 12.9°C and salinities around 34.8 PSU."
2901512,320,10.155,61.373,2020-08-08 02:07:14.999997541,4.048,27.055,36.51644594594595,"ARGO float 2901512 on cycle 320 reported data on 2020-08-08 at location 10.2°N, 61.4°E. The profile measured temperatures from 4.0°C to 27.1°C and salinities around 36.5 PSU."
2901512,321,10.274,61.444,2020-08-18 03:24:54.000003484,4.308,26.984,36.505575342465754,"ARGO float 2901512 on cycle 321 reported data on 2020-08-18 at location 10.3°N, 61.4°E. The profile measured temperatures from 4.3°C to 27.0°C and salinities around 36.5 PSU."
2901512,322,10.669,61.373,2020-08-28 01:55:59.999997541,4.13,27.445,36.461243243243246,"ARGO float 2901512 on cycle 322 reported data on 2020-08-28 at location 10.7°N, 61.4°E. The profile measured temperatures from 4.1°C to 27.4°C and salinities around 36.5 PSU."
2901522,269,-0.835,68.088,2020-08-06 12:48:03.999997751,2.635,29.732,35.026770270270276,"ARGO float 2901522 on cycle 269 reported data on 2020-08-06 at location 0.8°S, 68.1°E. The profile measured temperatures from 2.6°C to 29.7°C and salinities around 35.0 PSU."
2901522,270,-0.967,68.132,2020-08-16 13:39:29.999996196,3.199,29.774,35.03339726027397,"ARGO float 2901522 on cycle 270 reported data on 2020-08-16 at location 1.0°S, 68.1°E. The profile measured temperatures from 3.2°C to 29.8°C and salinities around 35.0 PSU."
2901522,271,-0.477,67.733,2020-08-26 13:37:30.999997925,2.881,29.296,35.04316216216216,"ARGO float 2901522 on cycle 271 reported data on 2020-08-26 at location 0.5°S, 67.7°E. The profile measured temperatures from 2.9°C to 29.3°C and salinities around 35.0 PSU."
2901849,322,3.439,60.162,2020-08-03 18:11:50.000011327,2.842,27.676,35.19156338028169,"ARGO float 2901849 on cycle 322 reported data on 2020-08-03 at location 3.4°N, 60.2°E. The profile measured temperatures from 2.8°C to 27.7°C and salinities around 35.2 PSU."
2901849,323,2.99,60.533,2020-08-13 20:03:23.999993205,2.869,28.783,35.30578571428572,"ARGO float 2901849 on cycle 323 reported data on 2020-08-13 at location 3.0°N, 60.5°E. The profile measured temperatures from 2.9°C to 28.8°C and salinities around 35.3 PSU."
2901849,324,2.849,61.111,2020-08-23 18:25:13.000001013,2.76,28.79,35.1871690140845,"ARGO float 2901849 on cycle 324 reported data on 2020-08-23 at location 2.8°N, 61.1°E. The profile measured temperatures from 2.8°C to 28.8°C and salinities around 35.2 PSU."
2901851,322,8.433,66.691,2020-08-04 10:56:58.999989327,2.937,28.64,35.44214084507042,"ARGO float 2901851 on cycle 322 reported data on 2020-08-04 at location 8.4°N, 66.7°E. The profile measured temperatures from 2.9°C to 28.6°C and salinities around 35.4 PSU."
2901851,323,8.149,66.475,2020-08-14 13:14:12.999986707,2.984,28.484,35.48685714285714,"ARGO float 2901851 on cycle 323 reported data on 2020-08-14 at location 8.1°N, 66.5°E. The profile measured temperatures from 3.0°C to 28.5°C and salinities around 35.5 PSU."
2901851,324,8.002,66.137,2020-08-24 10:52:46.999988261,2.926,29.034,35.49050704225352,"ARGO float 2901851 on cycle 324 reported data on 2020-08-24 at location 8.0°N, 66.1°E. The profile measured temperatures from 2.9°C to 29.0°C and salinities around 35.5 PSU."
2901852,256,3.512,63.222,2020-08-02 07:46:18.000006078,2.86,29.627,35.04656012024048,"ARGO float 2901852 on cycle 256 reported data on 2020-08-02 at location 3.5°N, 63.2°E. The profile measured temperatures from 2.9°C to 29.6°C and salinities around 35.0 PSU."
2901852,257,3.258,63.378,2020-08-12 03:33:23.999993205,2.98,28.992,35.07081300813008,"ARGO float 2901852 on cycle 257 reported data on 2020-08-12 at location 3.3°N, 63.4°E. The profile measured temperatures from 3.0°C to 29.0°C and salinities around 35.1 PSU."
2901852,258,3.438,63.281,2020-08-21 21:57:35.000008646,2.885,29.707,35.068596192384774,"ARGO float 2901852 on cycle 258 reported data on 2020-08-21 at location 3.4°N, 63.3°E. The profile measured temperatures from 2.9°C to 29.7°C and salinities around 35.1 PSU."
2901852,259,3.552,63.327,2020-08-31 17:46:45.000007152,2.887,30.531,35.07796352583586,"ARGO float 2901852 on cycle 259 reported data on 2020-08-31 at location 3.6°N, 63.3°E. The profile measured temperatures from 2.9°C to 30.5°C and salinities around 35.1 PSU."
2901853,256,11.583,60.592,2020-08-01 12:35:14.000000061,3.131,26.785,35.29718578680203,"ARGO float 2901853 on cycle 256 reported data on 2020-08-01 at location 11.6°N, 60.6°E. The profile measured temperatures from 3.1°C to 26.8°C and salinities around 35.3 PSU."
2901853,257,11.43,60.312,2020-08-11 10:04:39.999996724,3.17,25.975,35.290416918429,"ARGO float 2901853 on cycle 257 reported data on 2020-08-11 at location 11.4°N, 60.3°E. The profile measured temperatures from 3.2°C to 26.0°C and salinities around 35.3 PSU."
2901853,258,11.093,59.972,2020-08-21 04:54:07.999991475,3.166,26.342,35.29215747241725,"ARGO float 2901853 on cycle 258 reported data on 2020-08-21 at location 11.1°N, 60.0°E. The profile measured temperatures from 3.2°C to 26.3°C and salinities around 35.3 PSU."
2901853,259,10.758,59.62,2020-08-31 00:35:50.000005956,2.96,25.931,35.28377277277277,"ARGO float 2901853 on cycle 259 reported data on 2020-08-31 at location 10.8°N, 59.6°E. The profile measured temperatures from 3.0°C to 25.9°C and salinities around 35.3 PSU."
2901854,256,0.722,65.298,2020-08-01 23:56:02.999998034,2.779,29.939,34.98371140262361,"ARGO float 2901854 on cycle 256 reported data on 2020-08-01 at location 0.7°N, 65.3°E. The profile measured temperatures from 2.8°C to 29.9°C and salinities around 35.0 PSU."
2901854,257,0.602,65.821,2020-08-11 18:40:34.999988969,2.701,29.753,34.971847695390785,"ARGO float 2901854 on cycle 257 reported data on 2020-08-11 at location 0.6°N, 65.8°E. The profile measured temperatures from 2.7°C to 29.8°C and salinities around 35.0 PSU."
2901854,258,0.609,65.525,2020-08-21 14:57:04.999983606,3.03,29.932,34.979044354838706,"ARGO float 2901854 on cycle 258 reported data on 2020-08-21 at location 0.6°N, 65.5°E. The profile measured temperatures from 3.0°C to 29.9°C and salinities around 35.0 PSU."
2901855,256,5.602,58.672,2020-08-02 20:56:57.999981344,2.841,27.673,35.14685211267605,"ARGO float 2901855 on cycle 256 reported data on 2020-08-02 at location 5.6°N, 58.7°E. The profile measured temperatures from 2.8°C to 27.7°C and salinities around 35.1 PSU."
2901855,257,6.278,58.551,2020-08-12 17:01:54.999993144,3.005,26.443,35.13392269076306,"ARGO float 2901855 on cycle 257 reported data on 2020-08-12 at location 6.3°N, 58.6°E. The profile measured temperatures from 3.0°C to 26.4°C and salinities around 35.1 PSU."
2901855,258,6.366,58.237,2020-08-22 12:28:18.000003397,2.959,27.289,35.14868204613841,"ARGO float 2901855 on cycle 258 reported data on 2020-08-22 at location 6.4°N, 58.2°E. The profile measured temperatures from 3.0°C to 27.3°C and salinities around 35.1 PSU."
2901856,256,13.499,69.534,2020-08-02 23:41:12.999997440,3.057,28.408,35.29861183550652,"ARGO float 2901856 on cycle 256 reported data on 2020-08-02 at location 13.5°N, 69.5°E. The profile measured temperatures from 3.1°C to 28.4°C and salinities around 35.3 PSU."
2901856,257,13.297,69.498,2020-08-12 19:25:55.000001187,3.034,28.039,35.28995358224016,"ARGO float 2901856 on cycle 257 reported data on 2020-08-12 at location 13.3°N, 69.5°E. The profile measured temperatures from 3.0°C to 28.0°C and salinities around 35.3 PSU."
2901856,258,13.262,69.577,2020-08-22 14:57:24.999995825,3.077,28.111,35.29996586345382,"ARGO float 2901856 on cycle 258 reported data on 2020-08-22 at location 13.3°N, 69.6°E. The profile measured temperatures from 3.1°C to 28.1°C and salinities around 35.3 PSU."
2901857,256,10.999,65.245,2020-08-03 23:11:15.000013415,2.931,28.093,35.27118875502008,"ARGO float 2901857 on cycle 256 reported data on 2020-08-03 at location 11.0°N, 65.2°E. The profile measured temperatures from 2.9°C to 28.1°C and salinities around 35.3 PSU."
2901857,257,11.246,65.266,2020-08-13 19:25:40.999996663,2.995,27.633,35.26659453993933,"ARGO float 2901857 on cycle 257 reported data on 2020-08-13 at location 11.2°N, 65.3°E. The profile measured temperatures from 3.0°C to 27.6°C and salinities around 35.3 PSU."
2901857,258,11.51,65.365,2020-08-23 16:46:36.999983493,3.05,27.49,35.25513627254509,"ARGO float 2901857 on cycle 258 reported data on 2020-08-23 at location 11.5°N, 65.4°E. The profile measured temperatures from 3.0°C to 27.5°C and salinities around 35.3 PSU."
2901858,251,13.668,71.485,2020-08-02 15:22:59.000003633,3.923,28.553,35.49320588235294,"ARGO float 2901858 on cycle 251 reported data on 2020-08-02 at location 13.7°N, 71.5°E. The profile measured temperatures from 3.9°C to 28.6°C and salinities around 35.5 PSU."
2901858,252,13.453,71.645,2020-08-12 15:12:20.000009537,3.932,28.276,35.53053731343283,"ARGO float 2901858 on cycle 252 reported data on 2020-08-12 at location 13.5°N, 71.6°E. The profile measured temperatures from 3.9°C to 28.3°C and salinities around 35.5 PSU."
2901858,253,13.074,71.694,2020-08-22 15:10:08.000001310,4.067,28.309,35.51962686567164,"ARGO float 2901858 on cycle 253 reported data on 2020-08-22 at location 13.1°N, 71.7°E. The profile measured temperatures from 4.1°C to 28.3°C and salinities around 35.5 PSU."
2901859,257,13.727,52.13,2020-08-10 17:33:17.999998925,3.188,26.401,35.487913654618474,"ARGO float 2901859 on cycle 257 reported data on 2020-08-10 at location 13.7°N, 52.1°E. The profile measured temperatures from 3.2°C to 26.4°C and salinities around 35.5 PSU."
2901859,258,14.514,52.938,2020-08-20 12:54:30.000006262,3.608,27.013,35.49766377440347,"ARGO float 2901859 on cycle 258 reported data on 2020-08-20 at location 14.5°N, 52.9°E. The profile measured temperatures from 3.6°C to 27.0°C and salinities around 35.5 PSU."
2901859,259,14.628,52.83,2020-08-30 08:23:30.000009834,3.676,25.365,35.53474788135593,"ARGO float 2901859 on cycle 259 reported data on 2020-08-30 at location 14.6°N, 52.8°E. The profile measured temperatures from 3.7°C to 25.4°C and salinities around 35.5 PSU."
2901860,257,15.445,54.637,2020-08-09 20:13:10.999987720,3.134,26.385,35.38595490981964,"ARGO float 2901860 on cycle 257 reported data on 2020-08-09 at location 15.4°N, 54.6°E. The profile measured temperatures from 3.1°C to 26.4°C and salinities around 35.4 PSU."
2901860,258,14.887,54.526,2020-08-19 14:30:00.999981161,3.135,24.034,35.35136746987952,"ARGO float 2901860 on cycle 258 reported data on 2020-08-19 at location 14.9°N, 54.5°E. The profile measured temperatures from 3.1°C to 24.0°C and salinities around 35.4 PSU."
2901860,259,14.009,54.822,2020-08-29 10:24:01.000016035,3.098,25.558,35.39666499498495,"ARGO float 2901860 on cycle 259 reported data on 2020-08-29 at location 14.0°N, 54.8°E. The profile measured temperatures from 3.1°C to 25.6°C and salinities around 35.4 PSU."
2901861,100,-0.6845,79.1893,2020-08-04 17:00:02.000002559,2.792,29.636,34.912055271238486,"ARGO float 2901861 on cycle 100 reported data on 2020-08-04 at location 0.7°S, 79.2°E. The profile measured temperatures from 2.8°C to 29.6°C and salinities around 34.9 PSU."
2901861,101,-0.8489,78.1704,2020-08-14 16:50:53.999997676,2.791,29.922,34.91444155844156,"ARGO float 2901861 on cycle 101 reported data on 2020-08-14 at location 0.8°S, 78.2°E. The profile measured temperatures from 2.8°C to 29.9°C and salinities around 34.9 PSU."
2901861,102,-0.8364,77.2707,2020-08-24 17:13:57.000019851,2.765,29.999,34.9217301425662,"ARGO float 2901861 on cycle 102 reported data on 2020-08-24 at location 0.8°S, 77.3°E. The profile measured temperatures from 2.8°C to 30.0°C and salinities around 34.9 PSU."
2901862,102,-3.949,83.406,2020-08-06 17:55:52.000017467,2.634,29.259,34.87080680680681,"ARGO float 2901862 on cycle 102 reported data on 2020-08-06 at location 3.9°S, 83.4°E. The profile measured temperatures from 2.6°C to 29.3°C and salinities around 34.9 PSU."
2901862,103,-3.772,83.338,2020-08-16 13:41:15.000000000,2.608,29.336,34.86948230535894,"ARGO float 2901862 on cycle 103 reported data on 2020-08-16 at location 3.8°S, 83.3°E. The profile measured temperatures from 2.6°C to 29.3°C and salinities around 34.9 PSU."
2901862,104,-3.75,83.808,2020-08-26 09:00:06.000007685,2.646,29.751,34.86554454454454,"ARGO float 2901862 on cycle 104 reported data on 2020-08-26 at location 3.8°S, 83.8°E. The profile measured temperatures from 2.6°C to 29.8°C and salinities around 34.9 PSU."
2901892,220,7.596,88.374,2020-08-01 09:27:54.000002816,2.6865,29.032,34.901094630872485,"ARGO float 2901892 on cycle 220 reported data on 2020-08-01 at location 7.6°N, 88.4°E. The profile measured temperatures from 2.7°C to 29.0°C and salinities around 34.9 PSU."
2901892,221,8.205,88.868,2020-08-11 09:34:51.999998689,2.7031,28.991,34.91776387959867,"ARGO float 2901892 on cycle 221 reported data on 2020-08-11 at location 8.2°N, 88.9°E. The profile measured temperatures from 2.7°C to 29.0°C and salinities around 34.9 PSU."
2901892,222,8.489,89.192,2020-08-21 09:25:26.999995488,2.8406,29.286,34.872401006711414,"ARGO float 2901892 on cycle 222 reported data on 2020-08-21 at location 8.5°N, 89.2°E. The profile measured temperatures from 2.8°C to 29.3°C and salinities around 34.9 PSU."
2901892,223,8.15,89.261,2020-08-31 09:33:45.000000000,2.6489,29.592,34.89716789297658,"ARGO float 2901892 on cycle 223 reported data on 2020-08-31 at location 8.2°N, 89.3°E. The profile measured temperatures from 2.6°C to 29.6°C and salinities around 34.9 PSU."
2901894,221,6.495,89.41,2020-08-06 09:33:41.999996157,2.9057,28.99,34.912893333333336,"ARGO float 2901894 on cycle 221 reported data on 2020-08-06 at location 6.5°N, 89.4°E. The profile measured temperatures from 2.9°C to 29.0°C and salinities around 34.9 PSU."
2901894,222,5.954,89.511,2020-08-16 09:40:29.999995973,2.9946,29.57,34.829437999999996,"ARGO float 2901894 on cycle 222 reported data on 2020-08-16 at location 6.0°N, 89.5°E. The profile measured temperatures from 3.0°C to 29.6°C and salinities around 34.8 PSU."
2901894,223,5.36,89.374,2020-08-26 09:38:39.000004607,2.8536,29.817,34.82706610738255,"ARGO float 2901894 on cycle 223 reported data on 2020-08-26 at location 5.4°N, 89.4°E. The profile measured temperatures from 2.9°C to 29.8°C and salinities around 34.8 PSU."
2901895,223,7.537,89.109,2020-08-06 08:35:10.999999567,2.7063,29.048,34.909602666666665,"ARGO float 2901895 on cycle 223 reported data on 2020-08-06 at location 7.5°N, 89.1°E. The profile measured temperatures from 2.7°C to 29.0°C and salinities around 34.9 PSU."
2901895,224,7.673,89.684,2020-08-16 08:54:57.999998554,2.8724,29.195,34.880470903010035,"ARGO float 2901895 on cycle 224 reported data on 2020-08-16 at location 7.7°N, 89.7°E. The profile measured temperatures from 2.9°C to 29.2°C and salinities around 34.9 PSU."
2901895,225,7.067,89.663,2020-08-26 08:22:00.999999716,2.7645,29.539,34.911035785953175,"ARGO float 2901895 on cycle 225 reported data on 2020-08-26 at location 7.1°N, 89.7°E. The profile measured temperatures from 2.8°C to 29.5°C and salinities around 34.9 PSU."
2901896,224,3.8105,86.4119,2020-08-01 05:21:03.999997082,6.3356,29.007,34.835138972809666,"ARGO float 2901896 on cycle 224 reported data on 2020-08-01 at location 3.8°N, 86.4°E. The profile measured temperatures from 6.3°C to 29.0°C and salinities around 34.8 PSU."
2901896,225,4.2637,86.4588,2020-08-11 05:22:49.000000877,6.5717,28.579,34.88338670694864,"ARGO float 2901896 on cycle 225 reported data on 2020-08-11 at location 4.3°N, 86.5°E. The profile measured temperatures from 6.6°C to 28.6°C and salinities around 34.9 PSU."
2901896,226,4.4369,86.6619,2020-08-21 05:20:54.000001026,6.8544,29.422,34.82917168674699,"ARGO float 2901896 on cycle 226 reported data on 2020-08-21 at location 4.4°N, 86.7°E. The profile measured temperatures from 6.9°C to 29.4°C and salinities around 34.8 PSU."
2901896,227,3.8235,86.3426,2020-08-31 05:04:42.000002633,6.7429,28.879,34.9009667673716,"ARGO float 2901896 on cycle 227 reported data on 2020-08-31 at location 3.8°N, 86.3°E. The profile measured temperatures from 6.7°C to 28.9°C and salinities around 34.9 PSU."
2901897,224,3.9763,74.819,2020-08-06 05:42:34.999995231,2.6478,29.062,35.11576217765043,"ARGO float 2901897 on cycle 224 reported data on 2020-08-06 at location 4.0°N, 74.8°E. The profile measured temperatures from 2.6°C to 29.1°C and salinities around 35.1 PSU."
2901897,225,4.3422,74.4664,2020-08-15 05:44:56.999999506,2.6625,29.98,35.17500859598854,"ARGO float 2901897 on cycle 225 reported data on 2020-08-15 at location 4.3°N, 74.5°E. The profile measured temperatures from 2.7°C to 30.0°C and salinities around 35.2 PSU."
2901897,226,4.7425,74.2391,2020-08-24 05:38:14.000002742,2.7341,30.095,35.18958739255014,"ARGO float 2901897 on cycle 226 reported data on 2020-08-24 at location 4.7°N, 74.2°E. The profile measured temperatures from 2.7°C to 30.1°C and salinities around 35.2 PSU."
2901898,222,9.7969,89.5046,2020-08-06 08:17:15.999996589,2.8018,29.094,34.79564,"ARGO float 2901898 on cycle 222 reported data on 2020-08-06 at location 9.8°N, 89.5°E. The profile measured temperatures from 2.8°C to 29.1°C and salinities around 34.8 PSU."
2901898,223,10.3489,89.6204,2020-08-16 07:28:27.000001519,2.74,29.079,34.712005681818184,"ARGO float 2901898 on cycle 223 reported data on 2020-08-16 at location 10.3°N, 89.6°E. The profile measured temperatures from 2.7°C to 29.1°C and salinities around 34.7 PSU."
2901898,224,10.9219,90.1272,2020-08-26 08:19:01.999994960,2.9406,29.526,34.69385714285714,"ARGO float 2901898 on cycle 224 reported data on 2020-08-26 at location 10.9°N, 90.1°E. The profile measured temperatures from 2.9°C to 29.5°C and salinities around 34.7 PSU."
2901902,101,-38.6165,36.5883,2020-08-06 12:15:25.000001864,2.895,17.355,35.13631481481481,"ARGO float 2901902 on cycle 101 reported data on 2020-08-06 at location 38.6°S, 36.6°E. The profile measured temperatures from 2.9°C to 17.4°C and salinities around 35.1 PSU."
2901902,102,-38.2029,37.5689,2020-08-16 09:56:53.999999689,2.912,17.299,35.158166666666666,"ARGO float 2901902 on cycle 102 reported data on 2020-08-16 at location 38.2°S, 37.6°E. The profile measured temperatures from 2.9°C to 17.3°C and salinities around 35.2 PSU."
2901902,103,-37.6537,37.5276,2020-08-26 12:07:12.000000406,2.951,17.293,35.16155555555556,"ARGO float 2901902 on cycle 103 reported data on 2020-08-26 at location 37.7°S, 37.5°E. The profile measured temperatures from 3.0°C to 17.3°C and salinities around 35.2 PSU."
2901905,102,-29.6493,32.3034,2020-08-08 00:17:01.999998764,3.222,21.769,35.19390566037736,"ARGO float 2901905 on cycle 102 reported data on 2020-08-08 at location 29.6°S, 32.3°E. The profile measured temperatures from 3.2°C to 21.8°C and salinities around 35.2 PSU."
2901905,103,-32.5024,29.1716,2020-08-17 22:51:15.999999048,2.689,20.734,35.05887719298246,"ARGO float 2901905 on cycle 103 reported data on 2020-08-17 at location 32.5°S, 29.2°E. The profile measured temperatures from 2.7°C to 20.7°C and salinities around 35.1 PSU."
2901905,104,-34.7114,26.2086,2020-08-27 23:06:41.000000912,2.636,20.785,35.140491228070175,"ARGO float 2901905 on cycle 104 reported data on 2020-08-27 at location 34.7°S, 26.2°E. The profile measured temperatures from 2.6°C to 20.8°C and salinities around 35.1 PSU."
2902118,235,11.995188333333331,68.76477,2020-08-04 11:25:59.999999949,3.097,28.396,35.49758333333333,"ARGO float 2902118 on cycle 235 reported data on 2020-08-04 at location 12.0°N, 68.8°E. The profile measured temperatures from 3.1°C to 28.4°C and salinities around 35.5 PSU."
2902118,236,11.954546666666667,68.61919333333333,2020-08-14 11:33:59.999999944,3.05,28.144,35.49749305555556,"ARGO float 2902118 on cycle 236 reported data on 2020-08-14 at location 12.0°N, 68.6°E. The profile measured temperatures from 3.0°C to 28.1°C and salinities around 35.5 PSU."
2902118,237,11.996896666666666,68.51381833333333,2020-08-24 11:30:00.000000106,3.148,28.382,35.52740277777778,"ARGO float 2902118 on cycle 237 reported data on 2020-08-24 at location 12.0°N, 68.5°E. The profile measured temperatures from 3.1°C to 28.4°C and salinities around 35.5 PSU."
2902120,235,14.963731666666666,66.79858166666666,2020-08-05 11:27:00.000000144,3.065,28.078,35.64035416666667,"ARGO float 2902120 on cycle 235 reported data on 2020-08-05 at location 15.0°N, 66.8°E. The profile measured temperatures from 3.1°C to 28.1°C and salinities around 35.6 PSU."
2902120,236,15.298973333333333,67.17414166666667,2020-08-15 11:25:59.999999949,3.188,27.451,35.64118439716312,"ARGO float 2902120 on cycle 236 reported data on 2020-08-15 at location 15.3°N, 67.2°E. The profile measured temperatures from 3.2°C to 27.5°C and salinities around 35.6 PSU."
2902120,237,15.457295,67.63349666666667,2020-08-25 11:28:59.999999911,3.163,27.493,35.630265734265734,"ARGO float 2902120 on cycle 237 reported data on 2020-08-25 at location 15.5°N, 67.6°E. The profile measured temperatures from 3.2°C to 27.5°C and salinities around 35.6 PSU."
2902137,220,-1.149,85.803,2020-08-05 12:06:39.000008401,2.861,29.626,34.875241379310346,"ARGO float 2902137 on cycle 220 reported data on 2020-08-05 at location 1.1°S, 85.8°E. The profile measured temperatures from 2.9°C to 29.6°C and salinities around 34.9 PSU."
2902137,221,-1.619,85.83,2020-08-15 10:39:15.000007152,2.644,30.077,34.943000000000005,"ARGO float 2902137 on cycle 221 reported data on 2020-08-15 at location 1.6°S, 85.8°E. The profile measured temperatures from 2.6°C to 30.1°C and salinities around 34.9 PSU."
2902137,222,-1.344,85.673,2020-08-25 12:04:02.000015083,2.876,30.108,34.940305084745766,"ARGO float 2902137 on cycle 222 reported data on 2020-08-25 at location 1.3°S, 85.7°E. The profile measured temperatures from 2.9°C to 30.1°C and salinities around 34.9 PSU."
2902156,212,2.573,80.142,2020-08-05 00:53:51.000016629,2.7825,29.208,35.068275577557756,"ARGO float 2902156 on cycle 212 reported data on 2020-08-05 at location 2.6°N, 80.1°E. The profile measured temperatures from 2.8°C to 29.2°C and salinities around 35.1 PSU."
2902156,213,3.169,81.246,2020-08-14 20:50:27.000010017,3.2573,29.0756,35.10155463576159,"ARGO float 2902156 on cycle 213 reported data on 2020-08-14 at location 3.2°N, 81.2°E. The profile measured temperatures from 3.3°C to 29.1°C and salinities around 35.1 PSU."
2902170,202,-60.33972632749644,133.52473815901558,2020-08-04 05:58:59.999999805,0.45,2.39,34.45779207920792,"ARGO float 2902170 on cycle 202 reported data on 2020-08-04 at location 60.3°S, 133.5°E. The profile measured temperatures from 0.5°C to 2.4°C and salinities around 34.5 PSU."
2902170,203,-60.26453556756756,133.77149508108107,2020-08-14 05:55:59.999999842,0.155,2.362,34.444009803921574,"ARGO float 2902170 on cycle 203 reported data on 2020-08-14 at location 60.3°S, 133.8°E. The profile measured temperatures from 0.2°C to 2.4°C and salinities around 34.4 PSU."
2902170,204,-60.090622545518215,133.66340385204856,2020-08-24 06:00:59.999999883,0.148,2.357,34.45242718446602,"ARGO float 2902170 on cycle 204 reported data on 2020-08-24 at location 60.1°S, 133.7°E. The profile measured temperatures from 0.1°C to 2.4°C and salinities around 34.5 PSU."
2902172,202,-58.988,136.43,2020-08-09 08:34:33.999989030,1.013,2.416,34.311086206896555,"ARGO float 2902172 on cycle 202 reported data on 2020-08-09 at location 59.0°S, 136.4°E. The profile measured temperatures from 1.0°C to 2.4°C and salinities around 34.3 PSU."
2902172,203,-59.431,137.088,2020-08-19 08:17:28.999996480,0.523,2.427,34.041830508474575,"ARGO float 2902172 on cycle 203 reported data on 2020-08-19 at location 59.4°S, 137.1°E. The profile measured temperatures from 0.5°C to 2.4°C and salinities around 34.0 PSU."
2902172,204,-59.566,137.158,2020-08-29 09:00:29.999998209,0.237,2.446,34.32437931034483,"ARGO float 2902172 on cycle 204 reported data on 2020-08-29 at location 59.6°S, 137.2°E. The profile measured temperatures from 0.2°C to 2.4°C and salinities around 34.3 PSU."
2902174,379,14.304,72.761,2020-08-02 22:36:01.000013353,4.241,28.8922,35.29542260668973,"ARGO float 2902174 on cycle 379 reported data on 2020-08-02 at location 14.3°N, 72.8°E. The profile measured temperatures from 4.2°C to 28.9°C and salinities around 35.3 PSU."
2902174,380,14.405,72.79,2020-08-12 22:23:17.000013292,5.16,28.236,35.33102067307692,"ARGO float 2902174 on cycle 380 reported data on 2020-08-12 at location 14.4°N, 72.8°E. The profile measured temperatures from 5.2°C to 28.2°C and salinities around 35.3 PSU."
2902174,381,14.398,72.799,2020-08-22 22:12:07.999980750,5.277,28.063,35.36305908529049,"ARGO float 2902174 on cycle 381 reported data on 2020-08-22 at location 14.4°N, 72.8°E. The profile measured temperatures from 5.3°C to 28.1°C and salinities around 35.4 PSU."
2902181,184,-1.596,85.299,2020-08-10 09:28:32.000007930,2.8572,30.057,35.03017185185185,"ARGO float 2902181 on cycle 184 reported data on 2020-08-10 at location 1.6°S, 85.3°E. The profile measured temperatures from 2.9°C to 30.1°C and salinities around 35.0 PSU."
2902181,185,-2.13,86.299,2020-08-20 03:47:13.999997379,2.9245,30.049,35.03746037037037,"ARGO float 2902181 on cycle 185 reported data on 2020-08-20 at location 2.1°S, 86.3°E. The profile measured temperatures from 2.9°C to 30.0°C and salinities around 35.0 PSU."
2902181,186,-1.565,86.282,2020-08-29 23:45:54.999996724,2.8234,29.438,34.996908518518524,"ARGO float 2902181 on cycle 186 reported data on 2020-08-29 at location 1.6°S, 86.3°E. The profile measured temperatures from 2.8°C to 29.4°C and salinities around 35.0 PSU."
2902182,180,-0.756,85.848,2020-08-06 12:54:16.000001729,2.787,29.594,34.98344793103448,"ARGO float 2902182 on cycle 180 reported data on 2020-08-06 at location 0.8°S, 85.8°E. The profile measured temperatures from 2.8°C to 29.6°C and salinities around 35.0 PSU."
2902182,181,-1.182,85.13,2020-08-16 07:21:44.999989274,2.6662,29.841,35.0108323024055,"ARGO float 2902182 on cycle 181 reported data on 2020-08-16 at location 1.2°S, 85.1°E. The profile measured temperatures from 2.7°C to 29.8°C and salinities around 35.0 PSU."
2902182,182,-1.364,84.696,2020-08-26 03:05:24.000012873,2.7558,29.762,35.02481615120275,"ARGO float 2902182 on cycle 182 reported data on 2020-08-26 at location 1.4°S, 84.7°E. The profile measured temperatures from 2.8°C to 29.8°C and salinities around 35.0 PSU."
2902183,179,-4.638,89.991,2020-08-01 17:56:17.000002559,2.8075,29.352,34.891526804123714,"ARGO float 2902183 on cycle 179 reported data on 2020-08-01 at location 4.6°S, 90.0°E. The profile measured temperatures from 2.8°C to 29.4°C and salinities around 34.9 PSU."
2902183,180,-4.563,89.936,2020-08-11 13:19:21.000005904,2.6612,29.685,34.93239315068493,"ARGO float 2902183 on cycle 180 reported data on 2020-08-11 at location 4.6°S, 89.9°E. The profile measured temperatures from 2.7°C to 29.7°C and salinities around 34.9 PSU."
2902183,181,-4.287,89.887,2020-08-21 09:28:16.000014244,2.8074,29.719,34.93616724137931,"ARGO float 2902183 on cycle 181 reported data on 2020-08-21 at location 4.3°S, 89.9°E. The profile measured temperatures from 2.8°C to 29.7°C and salinities around 34.9 PSU."
2902183,182,-4.053,89.931,2020-08-31 04:06:02.999989091,2.6868,29.41,34.96542508591065,"ARGO float 2902183 on cycle 182 reported data on 2020-08-31 at location 4.1°S, 89.9°E. The profile measured temperatures from 2.7°C to 29.4°C and salinities around 35.0 PSU."
2902184,176,-18.234,69.967,2020-08-07 12:02:42.000006436,2.813,24.313,35.102,"ARGO float 2902184 on cycle 176 reported data on 2020-08-07 at location 18.2°S, 70.0°E. The profile measured temperatures from 2.8°C to 24.3°C and salinities around 35.1 PSU."
2902184,177,-18.003,69.657,2020-08-17 12:15:41.000005607,2.391,24.511,35.093677966101694,"ARGO float 2902184 on cycle 177 reported data on 2020-08-17 at location 18.0°S, 69.7°E. The profile measured temperatures from 2.4°C to 24.5°C and salinities around 35.1 PSU."
2902184,178,-17.611,69.425,2020-08-27 11:39:23.999985161,2.504,24.726,35.07494736842105,"ARGO float 2902184 on cycle 178 reported data on 2020-08-27 at location 17.6°S, 69.4°E. The profile measured temperatures from 2.5°C to 24.7°C and salinities around 35.1 PSU."
2902185,175,-16.491,67.081,2020-08-01 03:50:40.000006559,2.339,25.53,34.98689830508474,"ARGO float 2902185 on cycle 175 reported data on 2020-08-01 at location 16.5°S, 67.1°E. The profile measured temperatures from 2.3°C to 25.5°C and salinities around 35.0 PSU."
2902185,176,-16.427,66.812,2020-08-11 04:11:24.000018236,2.559,25.188,35.02453448275862,"ARGO float 2902185 on cycle 176 reported data on 2020-08-11 at location 16.4°S, 66.8°E. The profile measured temperatures from 2.6°C to 25.2°C and salinities around 35.0 PSU."
2902185,177,-16.65,66.568,2020-08-21 05:07:14.999987484,2.514,24.696,35.00141379310345,"ARGO float 2902185 on cycle 177 reported data on 2020-08-21 at location 16.6°S, 66.6°E. The profile measured temperatures from 2.5°C to 24.7°C and salinities around 35.0 PSU."
2902185,178,-17.067,66.437,2020-08-31 03:09:41.999981405,2.281,24.645,35.0575593220339,"ARGO float 2902185 on cycle 178 reported data on 2020-08-31 at location 17.1°S, 66.4°E. The profile measured temperatures from 2.3°C to 24.6°C and salinities around 35.1 PSU."
2902186,179,-5.959,68.031,2020-08-08 23:04:26.000019013,2.631,28.452,35.00544646840149,"ARGO float 2902186 on cycle 179 reported data on 2020-08-08 at location 6.0°S, 68.0°E. The profile measured temperatures from 2.6°C to 28.5°C and salinities around 35.0 PSU."
2902186,180,-5.552,67.592,2020-08-18 19:19:47.999980148,2.818,28.775,35.033957462686566,"ARGO float 2902186 on cycle 180 reported data on 2020-08-18 at location 5.6°S, 67.6°E. The profile measured temperatures from 2.8°C to 28.8°C and salinities around 35.0 PSU."
2902186,181,-5.182,67.034,2020-08-28 14:14:17.999986410,2.6275,28.467,35.03190296296296,"ARGO float 2902186 on cycle 181 reported data on 2020-08-28 at location 5.2°S, 67.0°E. The profile measured temperatures from 2.6°C to 28.5°C and salinities around 35.0 PSU."
2902187,178,-7.425,42.642,2020-08-01 11:10:20.999984445,2.8023,25.75,34.987194158075596,"ARGO float 2902187 on cycle 178 reported data on 2020-08-01 at location 7.4°S, 42.6°E. The profile measured temperatures from 2.8°C to 25.8°C and salinities around 35.0 PSU."
2902187,179,-7.252,43.492,2020-08-11 07:16:00.000009834,2.6953,24.756,34.99117206896552,"ARGO float 2902187 on cycle 179 reported data on 2020-08-11 at location 7.3°S, 43.5°E. The profile measured temperatures from 2.7°C to 24.8°C and salinities around 35.0 PSU."
2902187,180,-7.278,43.78,2020-08-21 01:51:11.999980506,2.4987,24.994,34.975003780068725,"ARGO float 2902187 on cycle 180 reported data on 2020-08-21 at location 7.3°S, 43.8°E. The profile measured temperatures from 2.5°C to 25.0°C and salinities around 35.0 PSU."
2902187,181,-8.008,44.188,2020-08-30 21:58:41.000012751,2.689,25.284,34.97718034482758,"ARGO float 2902187 on cycle 181 reported data on 2020-08-30 at location 8.0°S, 44.2°E. The profile measured temperatures from 2.7°C to 25.3°C and salinities around 35.0 PSU."
2902199,214,14.52,66.694,2020-08-09 01:44:25.000015493,3.067,27.756,35.467561476147615,"ARGO float 2902199 on cycle 214 reported data on 2020-08-09 at location 14.5°N, 66.7°E. The profile measured temperatures from 3.1°C to 27.8°C and salinities around 35.5 PSU."
2902199,215,14.95,66.762,2020-08-18 21:09:16.000001729,3.082,27.2963,35.48752286228623,"ARGO float 2902199 on cycle 215 reported data on 2020-08-18 at location 14.9°N, 66.8°E. The profile measured temperatures from 3.1°C to 27.3°C and salinities around 35.5 PSU."
2902199,216,15.237,67.026,2020-08-28 17:27:21.999998689,3.068,27.445,35.50428096947935,"ARGO float 2902199 on cycle 216 reported data on 2020-08-28 at location 15.2°N, 67.0°E. The profile measured temperatures from 3.1°C to 27.4°C and salinities around 35.5 PSU."
2902200,162,12.485,63.693,2020-08-02 23:52:25.000013712,3.045,27.942,35.78896551724137,"ARGO float 2902200 on cycle 162 reported data on 2020-08-02 at location 12.5°N, 63.7°E. The profile measured temperatures from 3.0°C to 27.9°C and salinities around 35.8 PSU."
2902200,163,12.26,63.668,2020-08-13 00:20:16.000002620,3.257,27.35,36.43570689655173,"ARGO float 2902200 on cycle 163 reported data on 2020-08-13 at location 12.3°N, 63.7°E. The profile measured temperatures from 3.3°C to 27.4°C and salinities around 36.4 PSU."
2902200,164,12.076,63.587,2020-08-23 01:05:46.000000838,3.227,26.789,34.031120689655175,"ARGO float 2902200 on cycle 164 reported data on 2020-08-23 at location 12.1°N, 63.6°E. The profile measured temperatures from 3.2°C to 26.8°C and salinities around 34.0 PSU."
2902201,162,16.863,61.924,2020-08-03 13:22:40.000012812,3.17,27.537,35.922254237288136,"ARGO float 2902201 on cycle 162 reported data on 2020-08-03 at location 16.9°N, 61.9°E. The profile measured temperatures from 3.2°C to 27.5°C and salinities around 35.9 PSU."
2902201,163,17.043,62.305,2020-08-13 13:15:17.000001668,3.453,27.376,35.9772372881356,"ARGO float 2902201 on cycle 163 reported data on 2020-08-13 at location 17.0°N, 62.3°E. The profile measured temperatures from 3.5°C to 27.4°C and salinities around 36.0 PSU."
2902201,164,17.197,62.59,2020-08-23 12:57:33.000019493,3.199,26.834,35.93666101694915,"ARGO float 2902201 on cycle 164 reported data on 2020-08-23 at location 17.2°N, 62.6°E. The profile measured temperatures from 3.2°C to 26.8°C and salinities around 35.9 PSU."
2902202,298,16.025,66.674,2020-08-10 22:07:28.000010847,3.0685,27.724,35.43192300089847,"ARGO float 2902202 on cycle 298 reported data on 2020-08-10 at location 16.0°N, 66.7°E. The profile measured temperatures from 3.1°C to 27.7°C and salinities around 35.4 PSU."
2902202,299,15.893,66.753,2020-08-20 23:05:13.000005484,3.172,27.263,35.41385691056911,"ARGO float 2902202 on cycle 299 reported data on 2020-08-20 at location 15.9°N, 66.8°E. The profile measured temperatures from 3.2°C to 27.3°C and salinities around 35.4 PSU."
2902202,300,15.908,66.992,2020-08-30 21:56:59.000002742,3.0732,27.3437,35.41208642086331,"ARGO float 2902202 on cycle 300 reported data on 2020-08-30 at location 15.9°N, 67.0°E. The profile measured temperatures from 3.1°C to 27.3°C and salinities around 35.4 PSU."
2902205,255,16.85,66.552,2020-08-10 21:49:00.999980270,3.0938,27.706,38.04060853548967,"ARGO float 2902205 on cycle 255 reported data on 2020-08-10 at location 16.9°N, 66.6°E. The profile measured temperatures from 3.1°C to 27.7°C and salinities around 38.0 PSU."
2902205,256,16.849,66.623,2020-08-20 23:07:39.000018236,3.164,27.1746,38.03166272563177,"ARGO float 2902205 on cycle 256 reported data on 2020-08-20 at location 16.8°N, 66.6°E. The profile measured temperatures from 3.2°C to 27.2°C and salinities around 38.0 PSU."
2902205,257,16.891,66.611,2020-08-30 21:45:10.999980567,3.111,27.4367,37.99648894878706,"ARGO float 2902205 on cycle 257 reported data on 2020-08-30 at location 16.9°N, 66.6°E. The profile measured temperatures from 3.1°C to 27.4°C and salinities around 38.0 PSU."
2902209,144,9.258,51.39,2020-08-02 15:31:08.000006672,7.2942,24.295,34.50668219178082,"ARGO float 2902209 on cycle 144 reported data on 2020-08-02 at location 9.3°N, 51.4°E. The profile measured temperatures from 7.3°C to 24.3°C and salinities around 34.5 PSU."
2902209,145,8.583,50.672,2020-08-12 10:04:09.000003930,3.0813,25.9272,34.33721016393442,"ARGO float 2902209 on cycle 145 reported data on 2020-08-12 at location 8.6°N, 50.7°E. The profile measured temperatures from 3.1°C to 25.9°C and salinities around 34.3 PSU."
2902209,146,7.999,50.371,2020-08-22 04:00:34.999997912,7.1814,26.471,34.27336542372881,"ARGO float 2902209 on cycle 146 reported data on 2020-08-22 at location 8.0°N, 50.4°E. The profile measured temperatures from 7.2°C to 26.5°C and salinities around 34.3 PSU."
2902209,147,7.035,50.059,2020-08-31 22:24:28.999984864,6.7466,25.776,34.064788474576275,"ARGO float 2902209 on cycle 147 reported data on 2020-08-31 at location 7.0°N, 50.1°E. The profile measured temperatures from 6.7°C to 25.8°C and salinities around 34.1 PSU."
2902210,192,19.132,67.631,2020-08-10 21:50:04.999995231,3.2249,28.261,35.448789772727274,"ARGO float 2902210 on cycle 192 reported data on 2020-08-10 at location 19.1°N, 67.6°E. The profile measured temperatures from 3.2°C to 28.3°C and salinities around 35.4 PSU."
2902210,194,18.94,68.343,2020-08-30 21:33:34.000019432,3.22,27.817,35.408262903225804,"ARGO float 2902210 on cycle 194 reported data on 2020-08-30 at location 18.9°N, 68.3°E. The profile measured temperatures from 3.2°C to 27.8°C and salinities around 35.4 PSU."
2902211,179,18.345,68.043,2020-08-10 21:55:39.999988672,3.1878,28.2673,35.54655700757576,"ARGO float 2902211 on cycle 179 reported data on 2020-08-10 at location 18.3°N, 68.0°E. The profile measured temperatures from 3.2°C to 28.3°C and salinities around 35.5 PSU."
2902212,137,0.51,86.55,2020-08-09 10:54:50.999999641,2.821,29.679,34.86972413793104,"ARGO float 2902212 on cycle 137 reported data on 2020-08-09 at location 0.5°N, 86.5°E. The profile measured temperatures from 2.8°C to 29.7°C and salinities around 34.9 PSU."
2902212,138,0.641,85.534,2020-08-19 10:42:15.999990995,2.701,30.089,34.92630508474576,"ARGO float 2902212 on cycle 138 reported data on 2020-08-19 at location 0.6°N, 85.5°E. The profile measured temperatures from 2.7°C to 30.1°C and salinities around 34.9 PSU."
2902212,139,0.671,84.583,2020-08-29 11:40:13.999995589,2.968,29.781,34.92294827586207,"ARGO float 2902212 on cycle 139 reported data on 2020-08-29 at location 0.7°N, 84.6°E. The profile measured temperatures from 3.0°C to 29.8°C and salinities around 34.9 PSU."
2902213,136,-15.381,77.545,2020-08-01 16:46:19.000000655,2.721,26.092,34.911189655172414,"ARGO float 2902213 on cycle 136 reported data on 2020-08-01 at location 15.4°S, 77.5°E. The profile measured temperatures from 2.7°C to 26.1°C and salinities around 34.9 PSU."
2902213,137,-15.279,77.308,2020-08-11 14:57:52.000010314,2.567,25.783,34.93177966101695,"ARGO float 2902213 on cycle 137 reported data on 2020-08-11 at location 15.3°S, 77.3°E. The profile measured temperatures from 2.6°C to 25.8°C and salinities around 34.9 PSU."
2902213,138,-15.143,77.035,2020-08-21 17:19:06.999987956,2.697,25.308,34.96043103448276,"ARGO float 2902213 on cycle 138 reported data on 2020-08-21 at location 15.1°S, 77.0°E. The profile measured temperatures from 2.7°C to 25.3°C and salinities around 35.0 PSU."
2902213,139,-14.998,76.767,2020-08-31 15:29:12.999986707,2.514,25.104,34.968677966101694,"ARGO float 2902213 on cycle 139 reported data on 2020-08-31 at location 15.0°S, 76.8°E. The profile measured temperatures from 2.5°C to 25.1°C and salinities around 35.0 PSU."
2902214,136,-12.402,68.079,2020-08-08 23:57:12.999980453,2.512,26.464,34.86691525423729,"ARGO float 2902214 on cycle 136 reported data on 2020-08-08 at location 12.4°S, 68.1°E. The profile measured temperatures from 2.5°C to 26.5°C and salinities around 34.9 PSU."
2902214,137,-12.401,68.385,2020-08-19 00:59:45.999982060,2.779,26.28,34.898254237288135,"ARGO float 2902214 on cycle 137 reported data on 2020-08-19 at location 12.4°S, 68.4°E. The profile measured temperatures from 2.8°C to 26.3°C and salinities around 34.9 PSU."
2902214,138,-12.255,68.835,2020-08-29 00:43:45.000004471,2.586,25.854,34.88571186440678,"ARGO float 2902214 on cycle 138 reported data on 2020-08-29 at location 12.3°S, 68.8°E. The profile measured temperatures from 2.6°C to 25.9°C and salinities around 34.9 PSU."
2902215,137,-2.099,83.446,2020-08-07 02:37:29.000005423,2.897,29.393,34.984482451253484,"ARGO float 2902215 on cycle 137 reported data on 2020-08-07 at location 2.1°S, 83.4°E. The profile measured temperatures from 2.9°C to 29.4°C and salinities around 35.0 PSU."
2902215,138,-2.195,84.261,2020-08-16 21:09:13.000018000,2.6491,29.714,34.975516066481994,"ARGO float 2902215 on cycle 138 reported data on 2020-08-16 at location 2.2°S, 84.3°E. The profile measured temperatures from 2.6°C to 29.7°C and salinities around 35.0 PSU."
2902215,139,-2.37,85.566,2020-08-26 17:04:54.999982418,2.7123,29.829,34.980450415512465,"ARGO float 2902215 on cycle 139 reported data on 2020-08-26 at location 2.4°S, 85.6°E. The profile measured temperatures from 2.7°C to 29.8°C and salinities around 35.0 PSU."
2902216,136,3.872,89.283,2020-08-02 11:38:07.000000480,2.7096,29.207,34.88321002785516,"ARGO float 2902216 on cycle 136 reported data on 2020-08-02 at location 3.9°N, 89.3°E. The profile measured temperatures from 2.7°C to 29.2°C and salinities around 34.9 PSU."
2902216,137,3.448,89.157,2020-08-12 08:31:58.999984864,2.7568,29.079,34.88405207756232,"ARGO float 2902216 on cycle 137 reported data on 2020-08-12 at location 3.4°N, 89.2°E. The profile measured temperatures from 2.8°C to 29.1°C and salinities around 34.9 PSU."
2902216,138,2.819,88.856,2020-08-22 04:20:22.999991475,2.6607,29.745,34.91417019498607,"ARGO float 2902216 on cycle 138 reported data on 2020-08-22 at location 2.8°N, 88.9°E. The profile measured temperatures from 2.7°C to 29.7°C and salinities around 34.9 PSU."
2902222,130,-55.163,113.182,2020-08-03 07:35:55.000005659,1.447,2.441,34.30429310344828,"ARGO float 2902222 on cycle 130 reported data on 2020-08-03 at location 55.2°S, 113.2°E. The profile measured temperatures from 1.4°C to 2.4°C and salinities around 34.3 PSU."
2902222,131,-55.934,112.877,2020-08-13 05:47:39.999990462,1.342,2.357,34.31333898305085,"ARGO float 2902222 on cycle 131 reported data on 2020-08-13 at location 55.9°S, 112.9°E. The profile measured temperatures from 1.3°C to 2.4°C and salinities around 34.3 PSU."
2902222,132,-57.03,114.669,2020-08-23 07:09:40.000019074,1.457,2.437,34.29312068965517,"ARGO float 2902222 on cycle 132 reported data on 2020-08-23 at location 57.0°S, 114.7°E. The profile measured temperatures from 1.5°C to 2.4°C and salinities around 34.3 PSU."
2902224,128,-55.947,138.679,2020-08-10 18:11:45.999992785,1.6,2.64,34.27506779661017,"ARGO float 2902224 on cycle 128 reported data on 2020-08-10 at location 55.9°S, 138.7°E. The profile measured temperatures from 1.6°C to 2.6°C and salinities around 34.3 PSU."
2902224,129,-55.859,138.912,2020-08-20 19:07:49.000017642,1.705,2.766,34.25937288135594,"ARGO float 2902224 on cycle 129 reported data on 2020-08-20 at location 55.9°S, 138.9°E. The profile measured temperatures from 1.7°C to 2.8°C and salinities around 34.3 PSU."
2902224,130,-55.773,139.146,2020-08-30 18:54:55.999985929,1.615,2.781,34.283915254237286,"ARGO float 2902224 on cycle 130 reported data on 2020-08-30 at location 55.8°S, 139.1°E. The profile measured temperatures from 1.6°C to 2.8°C and salinities around 34.3 PSU."
2902225,127,-51.174,75.089,2020-08-01 12:57:48.000018594,1.819,2.264,34.10517948717949,"ARGO float 2902225 on cycle 127 reported data on 2020-08-01 at location 51.2°S, 75.1°E. The profile measured temperatures from 1.8°C to 2.3°C and salinities around 34.1 PSU."
2902225,128,-51.197,75.05,2020-08-11 19:01:02.000012401,1.948,2.272,34.37773333333334,"ARGO float 2902225 on cycle 128 reported data on 2020-08-11 at location 51.2°S, 75.0°E. The profile measured temperatures from 1.9°C to 2.3°C and salinities around 34.4 PSU."
2902225,130,-51.209,75.074,2020-08-31 12:40:03.999996183,1.288,2.267,34.09632352941177,"ARGO float 2902225 on cycle 130 reported data on 2020-08-31 at location 51.2°S, 75.1°E. The profile measured temperatures from 1.3°C to 2.3°C and salinities around 34.1 PSU."
2902228,128,-57.416,107.387,2020-08-10 03:04:12.000001074,0.386,2.121,34.38265517241379,"ARGO float 2902228 on cycle 128 reported data on 2020-08-10 at location 57.4°S, 107.4°E. The profile measured temperatures from 0.4°C to 2.1°C and salinities around 34.4 PSU."
2902228,129,-57.859,107.329,2020-08-20 02:04:06.000006794,0.112,2.131,34.40045762711864,"ARGO float 2902228 on cycle 129 reported data on 2020-08-20 at location 57.9°S, 107.3°E. The profile measured temperatures from 0.1°C to 2.1°C and salinities around 34.4 PSU."
2902228,130,-58.402,106.95,2020-08-30 03:42:40.999989510,-0.04,2.116,34.368033898305086,"ARGO float 2902228 on cycle 130 reported data on 2020-08-30 at location 58.4°S, 107.0°E. The profile measured temperatures from -0.0°C to 2.1°C and salinities around 34.4 PSU."
2902230,323,13.483333333333333,87.38333333333334,2020-08-05 04:19:05.000012218,2.799,29.409,34.36377902621723,"ARGO float 2902230 on cycle 323 reported data on 2020-08-05 at location 13.5°N, 87.4°E. The profile measured temperatures from 2.8°C to 29.4°C and salinities around 34.4 PSU."
2902230,324,13.316666666666666,87.4,2020-08-10 04:27:33.999987248,2.719,29.44,34.41737918215613,"ARGO float 2902230 on cycle 324 reported data on 2020-08-10 at location 13.3°N, 87.4°E. The profile measured temperatures from 2.7°C to 29.4°C and salinities around 34.4 PSU."
2902230,325,13.233333333333333,87.4,2020-08-15 04:33:49.999999703,2.716,29.152,34.345374531835205,"ARGO float 2902230 on cycle 325 reported data on 2020-08-15 at location 13.2°N, 87.4°E. The profile measured temperatures from 2.7°C to 29.2°C and salinities around 34.3 PSU."
2902230,326,13.166666666666666,87.38333333333334,2020-08-20 04:14:22.000018358,2.73,29.158,34.337304832713755,"ARGO float 2902230 on cycle 326 reported data on 2020-08-20 at location 13.2°N, 87.4°E. The profile measured temperatures from 2.7°C to 29.2°C and salinities around 34.3 PSU."
2902230,327,13.1,87.31666666666666,2020-08-25 04:12:34.000000655,2.748,29.196,34.42614126394052,"ARGO float 2902230 on cycle 327 reported data on 2020-08-25 at location 13.1°N, 87.3°E. The profile measured temperatures from 2.7°C to 29.2°C and salinities around 34.4 PSU."
2902230,328,13.166666666666666,87.21666666666667,2020-08-30 04:18:54.999985991,2.729,29.604,34.45341851851852,"ARGO float 2902230 on cycle 328 reported data on 2020-08-30 at location 13.2°N, 87.2°E. The profile measured temperatures from 2.7°C to 29.6°C and salinities around 34.5 PSU."
2902232,321,10.016666666666667,87.35,2020-08-01 04:07:00.000001790,2.759,29.488,40.70203041825095,"ARGO float 2902232 on cycle 321 reported data on 2020-08-01 at location 10.0°N, 87.3°E. The profile measured temperatures from 2.8°C to 29.5°C and salinities around 40.7 PSU."
2902232,322,10.0,87.16666666666667,2020-08-06 04:11:58.999989327,2.634,29.16,40.387097014925374,"ARGO float 2902232 on cycle 322 reported data on 2020-08-06 at location 10.0°N, 87.2°E. The profile measured temperatures from 2.6°C to 29.2°C and salinities around 40.4 PSU."
2902232,323,10.016666666666667,86.95,2020-08-11 04:03:45.000013415,2.586,29.193,40.48635661764706,"ARGO float 2902232 on cycle 323 reported data on 2020-08-11 at location 10.0°N, 87.0°E. The profile measured temperatures from 2.6°C to 29.2°C and salinities around 40.5 PSU."
2902232,324,10.1,86.65,2020-08-16 04:09:07.999991475,2.648,29.203,40.41595910780669,"ARGO float 2902232 on cycle 324 reported data on 2020-08-16 at location 10.1°N, 86.7°E. The profile measured temperatures from 2.6°C to 29.2°C and salinities around 40.4 PSU."
2902232,325,10.183333333333334,86.36666666666666,2020-08-21 04:12:34.999995231,2.692,29.22,40.35421886792452,"ARGO float 2902232 on cycle 325 reported data on 2020-08-21 at location 10.2°N, 86.4°E. The profile measured temperatures from 2.7°C to 29.2°C and salinities around 40.4 PSU."
2902232,326,10.216666666666669,86.16666666666667,2020-08-26 03:58:03.000017703,2.616,29.335,40.4036059479554,"ARGO float 2902232 on cycle 326 reported data on 2020-08-26 at location 10.2°N, 86.2°E. The profile measured temperatures from 2.6°C to 29.3°C and salinities around 40.4 PSU."
2902232,327,10.25,86.03333333333333,2020-08-31 04:07:24.999986890,2.652,29.781,40.516794573643416,"ARGO float 2902232 on cycle 327 reported data on 2020-08-31 at location 10.2°N, 86.0°E. The profile measured temperatures from 2.7°C to 29.8°C and salinities around 40.5 PSU."
2902233,321,15.983333333333333,88.25,2020-08-01 04:25:18.999995292,2.907,29.931,35.30761254612546,"ARGO float 2902233 on cycle 321 reported data on 2020-08-01 at location 16.0°N, 88.2°E. The profile measured temperatures from 2.9°C to 29.9°C and salinities around 35.3 PSU."
2902233,322,15.716666666666669,88.01666666666667,2020-08-06 04:13:55.000003877,3.091,29.383,35.27708301886792,"ARGO float 2902233 on cycle 322 reported data on 2020-08-06 at location 15.7°N, 88.0°E. The profile measured temperatures from 3.1°C to 29.4°C and salinities around 35.3 PSU."
2902233,323,15.483333333333333,87.75,2020-08-11 04:13:55.000003877,2.807,29.354,35.42633955223881,"ARGO float 2902233 on cycle 323 reported data on 2020-08-11 at location 15.5°N, 87.8°E. The profile measured temperatures from 2.8°C to 29.4°C and salinities around 35.4 PSU."
2902233,324,15.283333333333331,87.5,2020-08-16 04:14:27.999985816,2.896,28.964,35.39989453125,"ARGO float 2902233 on cycle 324 reported data on 2020-08-16 at location 15.3°N, 87.5°E. The profile measured temperatures from 2.9°C to 29.0°C and salinities around 35.4 PSU."
2902233,325,15.083333333333334,87.3,2020-08-21 04:09:27.000009118,2.784,28.761,35.30725093632959,"ARGO float 2902233 on cycle 325 reported data on 2020-08-21 at location 15.1°N, 87.3°E. The profile measured temperatures from 2.8°C to 28.8°C and salinities around 35.3 PSU."
2902233,326,14.883333333333333,87.08333333333333,2020-08-26 04:22:49.000004235,2.811,28.82,35.41966914498141,"ARGO float 2902233 on cycle 326 reported data on 2020-08-26 at location 14.9°N, 87.1°E. The profile measured temperatures from 2.8°C to 28.8°C and salinities around 35.4 PSU."
2902233,327,14.8,86.91666666666667,2020-08-31 04:08:00.999992785,2.8,29.163,35.3969138576779,"ARGO float 2902233 on cycle 327 reported data on 2020-08-31 at location 14.8°N, 86.9°E. The profile measured temperatures from 2.8°C to 29.2°C and salinities around 35.4 PSU."
2902234,321,13.866666666666667,81.38333333333334,2020-08-01 04:31:55.000019965,2.689,30.074,34.66538661710037,"ARGO float 2902234 on cycle 321 reported data on 2020-08-01 at location 13.9°N, 81.4°E. The profile measured temperatures from 2.7°C to 30.1°C and salinities around 34.7 PSU."
2902234,322,14.1,80.88333333333334,2020-08-06 04:35:19.999994340,2.729,29.549,34.65637827715356,"ARGO float 2902234 on cycle 322 reported data on 2020-08-06 at location 14.1°N, 80.9°E. The profile measured temperatures from 2.7°C to 29.5°C and salinities around 34.7 PSU."
2902234,323,13.7,80.8,2020-08-11 04:26:34.999985397,2.726,29.214,34.750750929368024,"ARGO float 2902234 on cycle 323 reported data on 2020-08-11 at location 13.7°N, 80.8°E. The profile measured temperatures from 2.7°C to 29.2°C and salinities around 34.8 PSU."
2902234,324,13.466666666666669,81.1,2020-08-16 04:27:18.999988139,2.914,29.124,34.80450751879699,"ARGO float 2902234 on cycle 324 reported data on 2020-08-16 at location 13.5°N, 81.1°E. The profile measured temperatures from 2.9°C to 29.1°C and salinities around 34.8 PSU."
2902234,325,13.7,82.11666666666666,2020-08-21 04:33:51.999988855,3.059,29.123,34.757386363636364,"ARGO float 2902234 on cycle 325 reported data on 2020-08-21 at location 13.7°N, 82.1°E. The profile measured temperatures from 3.1°C to 29.1°C and salinities around 34.8 PSU."
2902234,326,12.95,82.33333333333333,2020-08-26 04:26:54.999997615,2.999,29.349,34.69268656716417,"ARGO float 2902234 on cycle 326 reported data on 2020-08-26 at location 12.9°N, 82.3°E. The profile measured temperatures from 3.0°C to 29.3°C and salinities around 34.7 PSU."
2902234,327,12.383333333333333,81.63333333333334,2020-08-31 04:15:53.000007572,2.846,29.142,34.811003703703705,"ARGO float 2902234 on cycle 327 reported data on 2020-08-31 at location 12.4°N, 81.6°E. The profile measured temperatures from 2.8°C to 29.1°C and salinities around 34.8 PSU."
2902235,321,12.066666666666666,91.73333333333332,2020-08-01 04:16:14.000014367,2.773,29.407,34.534992592592594,"ARGO float 2902235 on cycle 321 reported data on 2020-08-01 at location 12.1°N, 91.7°E. The profile measured temperatures from 2.8°C to 29.4°C and salinities around 34.5 PSU."
2902235,322,12.283333333333331,91.78333333333332,2020-08-06 04:10:42.999999222,2.815,29.048,34.49204182509506,"ARGO float 2902235 on cycle 322 reported data on 2020-08-06 at location 12.3°N, 91.8°E. The profile measured temperatures from 2.8°C to 29.0°C and salinities around 34.5 PSU."
2902235,323,12.683333333333334,91.88333333333334,2020-08-11 04:12:12.999993860,2.886,29.048,34.467988593155894,"ARGO float 2902235 on cycle 323 reported data on 2020-08-11 at location 12.7°N, 91.9°E. The profile measured temperatures from 2.9°C to 29.0°C and salinities around 34.5 PSU."
2902235,324,12.916666666666666,91.9,2020-08-16 04:08:34.000014960,2.885,28.913,34.41521933085502,"ARGO float 2902235 on cycle 324 reported data on 2020-08-16 at location 12.9°N, 91.9°E. The profile measured temperatures from 2.9°C to 28.9°C and salinities around 34.4 PSU."
2902235,325,13.133333333333333,91.9,2020-08-21 04:15:04.999986287,2.705,28.971,34.41633712121212,"ARGO float 2902235 on cycle 325 reported data on 2020-08-21 at location 13.1°N, 91.9°E. The profile measured temperatures from 2.7°C to 29.0°C and salinities around 34.4 PSU."
2902235,326,13.066666666666666,91.86666666666666,2020-08-26 04:06:24.999990462,2.834,29.154,34.350932584269664,"ARGO float 2902235 on cycle 326 reported data on 2020-08-26 at location 13.1°N, 91.9°E. The profile measured temperatures from 2.8°C to 29.2°C and salinities around 34.4 PSU."
2902235,327,12.883333333333333,91.83333333333331,2020-08-31 04:04:12.999982235,2.873,29.868,34.40744486692015,"ARGO float 2902235 on cycle 327 reported data on 2020-08-31 at location 12.9°N, 91.8°E. The profile measured temperatures from 2.9°C to 29.9°C and salinities around 34.4 PSU."
2902236,228,17.45,85.9,2020-08-02 01:11:04.000006017,2.761,30.258,34.70521359223301,"ARGO float 2902236 on cycle 228 reported data on 2020-08-02 at location 17.4°N, 85.9°E. The profile measured temperatures from 2.8°C to 30.3°C and salinities around 34.7 PSU."
2902236,229,17.366666666666667,85.75,2020-08-07 01:13:55.999998454,2.767,29.527,34.71134951456311,"ARGO float 2902236 on cycle 229 reported data on 2020-08-07 at location 17.4°N, 85.8°E. The profile measured temperatures from 2.8°C to 29.5°C and salinities around 34.7 PSU."
2902236,230,17.3,85.65,2020-08-12 01:02:38.000014725,2.763,29.144,34.740184466019414,"ARGO float 2902236 on cycle 230 reported data on 2020-08-12 at location 17.3°N, 85.7°E. The profile measured temperatures from 2.8°C to 29.1°C and salinities around 34.7 PSU."
2902236,231,17.35,85.55,2020-08-17 01:05:04.999981816,2.794,28.148,34.788294117647055,"ARGO float 2902236 on cycle 231 reported data on 2020-08-17 at location 17.4°N, 85.5°E. The profile measured temperatures from 2.8°C to 28.1°C and salinities around 34.8 PSU."
2902236,232,17.366666666666667,85.56666666666666,2020-08-22 01:16:30.000008043,2.75,28.304,34.76160576923077,"ARGO float 2902236 on cycle 232 reported data on 2020-08-22 at location 17.4°N, 85.6°E. The profile measured temperatures from 2.8°C to 28.3°C and salinities around 34.8 PSU."
2902236,233,17.366666666666667,85.53333333333333,2020-08-27 01:05:48.999984558,2.858,29.094,34.75544660194175,"ARGO float 2902236 on cycle 233 reported data on 2020-08-27 at location 17.4°N, 85.5°E. The profile measured temperatures from 2.9°C to 29.1°C and salinities around 34.8 PSU."
2902238,204,0.1647383333333333,81.25230333333333,2020-08-10 17:22:59.999999995,2.637,29.688,34.94814739884393,"ARGO float 2902238 on cycle 204 reported data on 2020-08-10 at location 0.2°N, 81.3°E. The profile measured temperatures from 2.6°C to 29.7°C and salinities around 34.9 PSU."
2902238,205,0.0886333333333333,79.98083,2020-08-20 17:30:59.999999981,2.857,29.984,34.978043478260865,"ARGO float 2902238 on cycle 205 reported data on 2020-08-20 at location 0.1°N, 80.0°E. The profile measured temperatures from 2.9°C to 30.0°C and salinities around 35.0 PSU."
2902238,206,0.2101366666666666,79.338455,2020-08-30 17:30:00.000000106,2.768,29.355,35.01771884057971,"ARGO float 2902238 on cycle 206 reported data on 2020-08-30 at location 0.2°N, 79.3°E. The profile measured temperatures from 2.8°C to 29.4°C and salinities around 35.0 PSU."
2902239,202,2.61892,87.38179666666667,2020-08-02 17:30:59.999999981,2.864,28.989,34.82442898550725,"ARGO float 2902239 on cycle 202 reported data on 2020-08-02 at location 2.6°N, 87.4°E. The profile measured temperatures from 2.9°C to 29.0°C and salinities around 34.8 PSU."
2902239,203,3.090386666666667,87.06591666666667,2020-08-12 17:20:59.999999916,2.833,28.935,34.83059420289855,"ARGO float 2902239 on cycle 203 reported data on 2020-08-12 at location 3.1°N, 87.1°E. The profile measured temperatures from 2.8°C to 28.9°C and salinities around 34.8 PSU."
2902239,204,2.632715,86.914255,2020-08-22 17:20:59.999999916,2.699,29.52,34.86838728323699,"ARGO float 2902239 on cycle 204 reported data on 2020-08-22 at location 2.6°N, 86.9°E. The profile measured temperatures from 2.7°C to 29.5°C and salinities around 34.9 PSU."
2902240,204,-0.39151,83.09931666666667,2020-08-01 17:23:59.999999870,2.841,29.425,34.87985549132948,"ARGO float 2902240 on cycle 204 reported data on 2020-08-01 at location 0.4°S, 83.1°E. The profile measured temperatures from 2.8°C to 29.4°C and salinities around 34.9 PSU."
2902240,205,-0.135625,81.37221166666667,2020-08-11 17:22:59.999999995,2.819,29.632,34.954431884057975,"ARGO float 2902240 on cycle 205 reported data on 2020-08-11 at location 0.1°S, 81.4°E. The profile measured temperatures from 2.8°C to 29.6°C and salinities around 35.0 PSU."
2902240,206,-0.416075,80.15216833333334,2020-08-21 17:28:00.000000027,2.871,30.242,34.96729565217392,"ARGO float 2902240 on cycle 206 reported data on 2020-08-21 at location 0.4°S, 80.2°E. The profile measured temperatures from 2.9°C to 30.2°C and salinities around 35.0 PSU."
2902240,207,-0.6413983333333333,79.57760666666667,2020-08-31 17:23:59.999999870,2.771,29.752,35.0026463768116,"ARGO float 2902240 on cycle 207 reported data on 2020-08-31 at location 0.6°S, 79.6°E. The profile measured temperatures from 2.8°C to 29.8°C and salinities around 35.0 PSU."
2902241,202,-5.148258333333334,88.174685,2020-08-01 17:30:00.000000106,2.54,29.211,34.968736994219654,"ARGO float 2902241 on cycle 202 reported data on 2020-08-01 at location 5.1°S, 88.2°E. The profile measured temperatures from 2.5°C to 29.2°C and salinities around 35.0 PSU."
2902241,203,-5.812038333333334,88.85781333333334,2020-08-11 17:38:00.000000101,2.682,29.374,34.86711014492754,"ARGO float 2902241 on cycle 203 reported data on 2020-08-11 at location 5.8°S, 88.9°E. The profile measured temperatures from 2.7°C to 29.4°C and salinities around 34.9 PSU."
2902241,204,-5.993153333333334,89.68731833333334,2020-08-21 17:30:59.999999981,2.771,29.37,34.832527536231886,"ARGO float 2902241 on cycle 204 reported data on 2020-08-21 at location 6.0°S, 89.7°E. The profile measured temperatures from 2.8°C to 29.4°C and salinities around 34.8 PSU."
2902241,205,-5.879438333333333,90.15764333333334,2020-08-31 17:28:00.000000027,2.827,28.645,34.7780838150289,"ARGO float 2902241 on cycle 205 reported data on 2020-08-31 at location 5.9°S, 90.2°E. The profile measured temperatures from 2.8°C to 28.6°C and salinities around 34.8 PSU."
2902242,200,-5.016243333333334,84.80075166666667,2020-08-01 17:30:59.999999981,2.622,29.221,35.028371014492755,"ARGO float 2902242 on cycle 200 reported data on 2020-08-01 at location 5.0°S, 84.8°E. The profile measured temperatures from 2.6°C to 29.2°C and salinities around 35.0 PSU."
2902242,201,-4.702035,84.85835833333333,2020-08-11 17:27:00.000000144,2.589,29.62,35.04640751445087,"ARGO float 2902242 on cycle 201 reported data on 2020-08-11 at location 4.7°S, 84.9°E. The profile measured temperatures from 2.6°C to 29.6°C and salinities around 35.0 PSU."
2902242,202,-4.87366,85.27491166666667,2020-08-21 17:25:00.000000073,2.699,29.939,35.03754492753623,"ARGO float 2902242 on cycle 202 reported data on 2020-08-21 at location 4.9°S, 85.3°E. The profile measured temperatures from 2.7°C to 29.9°C and salinities around 35.0 PSU."
2902242,203,-5.176408333333334,86.04269833333333,2020-08-31 17:33:00.000000060,2.68,29.027,34.92119942196532,"ARGO float 2902242 on cycle 203 reported data on 2020-08-31 at location 5.2°S, 86.0°E. The profile measured temperatures from 2.7°C to 29.0°C and salinities around 34.9 PSU."
2902243,201,0.8341016666666667,87.19515,2020-08-09 17:35:00.000000139,2.697,29.57,34.89028323699422,"ARGO float 2902243 on cycle 201 reported data on 2020-08-09 at location 0.8°N, 87.2°E. The profile measured temperatures from 2.7°C to 29.6°C and salinities around 34.9 PSU."
2902243,202,0.7457216666666666,86.34067666666667,2020-08-19 17:30:00.000000106,2.568,30.17,34.94787283236994,"ARGO float 2902243 on cycle 202 reported data on 2020-08-19 at location 0.7°N, 86.3°E. The profile measured temperatures from 2.6°C to 30.2°C and salinities around 34.9 PSU."
2902243,203,0.745075,85.84704666666667,2020-08-29 17:28:00.000000027,2.831,29.889,34.92656231884058,"ARGO float 2902243 on cycle 203 reported data on 2020-08-29 at location 0.7°N, 85.8°E. The profile measured temperatures from 2.8°C to 29.9°C and salinities around 34.9 PSU."
2902244,201,0.790785,75.72909,2020-08-09 17:30:00.000000106,2.848,29.682,35.02595942028986,"ARGO float 2902244 on cycle 201 reported data on 2020-08-09 at location 0.8°N, 75.7°E. The profile measured temperatures from 2.8°C to 29.7°C and salinities around 35.0 PSU."
2902244,202,2.156988333333333,75.64709166666667,2020-08-19 17:22:59.999999995,3.019,30.342,35.06023988439306,"ARGO float 2902244 on cycle 202 reported data on 2020-08-19 at location 2.2°N, 75.6°E. The profile measured temperatures from 3.0°C to 30.3°C and salinities around 35.1 PSU."
2902244,203,2.1819816666666667,75.27818333333333,2020-08-29 17:27:00.000000144,2.849,29.861,35.07934782608696,"ARGO float 2902244 on cycle 203 reported data on 2020-08-29 at location 2.2°N, 75.3°E. The profile measured temperatures from 2.8°C to 29.9°C and salinities around 35.1 PSU."
2902245,202,2.4642166666666667,90.01570166666667,2020-08-09 17:33:00.000000060,2.762,29.064,34.818428985507246,"ARGO float 2902245 on cycle 202 reported data on 2020-08-09 at location 2.5°N, 90.0°E. The profile measured temperatures from 2.8°C to 29.1°C and salinities around 34.8 PSU."
2902245,203,2.2144316666666666,89.95667333333333,2020-08-19 17:23:59.999999870,2.783,30.383,34.83871098265896,"ARGO float 2902245 on cycle 203 reported data on 2020-08-19 at location 2.2°N, 90.0°E. The profile measured temperatures from 2.8°C to 30.4°C and salinities around 34.8 PSU."
2902245,204,2.703818333333333,90.25148,2020-08-29 17:23:59.999999870,2.728,30.098,34.77983188405797,"ARGO float 2902245 on cycle 204 reported data on 2020-08-29 at location 2.7°N, 90.3°E. The profile measured temperatures from 2.7°C to 30.1°C and salinities around 34.8 PSU."
2902246,96,-48.485,138.214,2020-08-07 05:47:00.000006262,2.405,9.834,34.46148514851485,"ARGO float 2902246 on cycle 96 reported data on 2020-08-07 at location 48.5°S, 138.2°E. The profile measured temperatures from 2.4°C to 9.8°C and salinities around 34.5 PSU."
2902246,97,-47.964,139.223,2020-08-17 05:55:00.000017878,2.096,14.824,34.44715,"ARGO float 2902246 on cycle 97 reported data on 2020-08-17 at location 48.0°S, 139.2°E. The profile measured temperatures from 2.1°C to 14.8°C and salinities around 34.4 PSU."
2902246,98,-47.837,139.392,2020-08-27 05:52:59.999984803,2.494,9.617,34.45293,"ARGO float 2902246 on cycle 98 reported data on 2020-08-27 at location 47.8°S, 139.4°E. The profile measured temperatures from 2.5°C to 9.6°C and salinities around 34.5 PSU."
2902248,95,-63.275,131.347,2020-08-02 06:03:59.999985694,-1.764,2.108,34.55027450980392,"ARGO float 2902248 on cycle 95 reported data on 2020-08-02 at location 63.3°S, 131.3°E. The profile measured temperatures from -1.8°C to 2.1°C and salinities around 34.6 PSU."
2902248,96,-62.514,133.598,2020-08-12 06:04:59.999982121,-1.823,2.068,34.54882352941176,"ARGO float 2902248 on cycle 96 reported data on 2020-08-12 at location 62.5°S, 133.6°E. The profile measured temperatures from -1.8°C to 2.1°C and salinities around 34.5 PSU."
2902248,97,-62.477,134.286,2020-08-22 07:41:15.000000000,-1.839,2.014,34.5242380952381,"ARGO float 2902248 on cycle 97 reported data on 2020-08-22 at location 62.5°S, 134.3°E. The profile measured temperatures from -1.8°C to 2.0°C and salinities around 34.5 PSU."
2902250,92,-39.862,97.581,2020-08-04 05:53:59.999981222,2.417,12.747,34.73540404040404,"ARGO float 2902250 on cycle 92 reported data on 2020-08-04 at location 39.9°S, 97.6°E. The profile measured temperatures from 2.4°C to 12.7°C and salinities around 34.7 PSU."
2902250,93,-39.887,96.952,2020-08-14 05:48:59.999999109,2.435,12.442,34.73783,"ARGO float 2902250 on cycle 93 reported data on 2020-08-14 at location 39.9°S, 97.0°E. The profile measured temperatures from 2.4°C to 12.4°C and salinities around 34.7 PSU."
2902250,94,-40.72,96.765,2020-08-24 06:00:59.999996427,2.521,11.526,34.65269791666667,"ARGO float 2902250 on cycle 94 reported data on 2020-08-24 at location 40.7°S, 96.8°E. The profile measured temperatures from 2.5°C to 11.5°C and salinities around 34.7 PSU."
2902254,115,12.698,70.117,2020-08-07 07:59:00.000016987,3.023,28.201,29.853099999999998,"ARGO float 2902254 on cycle 115 reported data on 2020-08-07 at location 12.7°N, 70.1°E. The profile measured temperatures from 3.0°C to 28.2°C and salinities around 29.9 PSU."
2902254,116,12.857,70.425,2020-08-17 07:56:59.999983903,3.132,28.057,29.735138613861384,"ARGO float 2902254 on cycle 116 reported data on 2020-08-17 at location 12.9°N, 70.4°E. The profile measured temperatures from 3.1°C to 28.1°C and salinities around 29.7 PSU."
2902254,117,12.75,70.608,2020-08-27 07:55:59.999987484,3.142,28.588,29.82387128712871,"ARGO float 2902254 on cycle 117 reported data on 2020-08-27 at location 12.8°N, 70.6°E. The profile measured temperatures from 3.1°C to 28.6°C and salinities around 29.8 PSU."
2902255,0,12.159,62.632,2020-08-26 17:06:13.999996480,17.933,26.662,35.965196428571424,"ARGO float 2902255 on cycle 0 reported data on 2020-08-26 at location 12.2°N, 62.6°E. The profile measured temperatures from 17.9°C to 26.7°C and salinities around 36.0 PSU."
2902255,198,12.626,61.852,2020-08-03 08:03:59.999999109,3.212,27.334,35.494824742268044,"ARGO float 2902255 on cycle 198 reported data on 2020-08-03 at location 12.6°N, 61.9°E. The profile measured temperatures from 3.2°C to 27.3°C and salinities around 35.5 PSU."
2902255,199,12.505,62.122,2020-08-13 08:13:00.000007152,3.178,26.572,35.463752475247524,"ARGO float 2902255 on cycle 199 reported data on 2020-08-13 at location 12.5°N, 62.1°E. The profile measured temperatures from 3.2°C to 26.6°C and salinities around 35.5 PSU."
2902255,256,12.057,62.767,2020-08-27 00:42:04.999983606,17.933,26.662,35.965196428571424,"ARGO float 2902255 on cycle 256 reported data on 2020-08-27 at location 12.1°N, 62.8°E. The profile measured temperatures from 17.9°C to 26.7°C and salinities around 36.0 PSU."
2902255,257,12.294,62.264,2020-08-24 12:18:00.000016096,18.223,26.669,35.9608125,"ARGO float 2902255 on cycle 257 reported data on 2020-08-24 at location 12.3°N, 62.3°E. The profile measured temperatures from 18.2°C to 26.7°C and salinities around 36.0 PSU."
2902255,258,12.229,62.476,2020-08-25 15:46:08.999987842,17.933,26.662,35.95381481481482,"ARGO float 2902255 on cycle 258 reported data on 2020-08-25 at location 12.2°N, 62.5°E. The profile measured temperatures from 17.9°C to 26.7°C and salinities around 36.0 PSU."
2902255,259,12.137,62.653,2020-08-26 18:52:54.999998506,18.735,26.626,35.975793103448275,"ARGO float 2902255 on cycle 259 reported data on 2020-08-26 at location 12.1°N, 62.7°E. The profile measured temperatures from 18.7°C to 26.6°C and salinities around 36.0 PSU."
2902256,198,16.024,65.454,2020-08-03 08:12:00.000010725,3.067,28.089,35.60123762376237,"ARGO float 2902256 on cycle 198 reported data on 2020-08-03 at location 16.0°N, 65.5°E. The profile measured temperatures from 3.1°C to 28.1°C and salinities around 35.6 PSU."
2902256,199,16.159,65.499,2020-08-13 08:14:00.000003572,3.177,27.504,35.580128712871286,"ARGO float 2902256 on cycle 199 reported data on 2020-08-13 at location 16.2°N, 65.5°E. The profile measured temperatures from 3.2°C to 27.5°C and salinities around 35.6 PSU."
2902256,200,16.303,65.632,2020-08-23 08:17:59.999989274,3.117,26.87,35.558392156862745,"ARGO float 2902256 on cycle 200 reported data on 2020-08-23 at location 16.3°N, 65.6°E. The profile measured temperatures from 3.1°C to 26.9°C and salinities around 35.6 PSU."
2902259,91,12.979,65.345,2020-08-05 00:13:11.000014541,3.05,28.011,35.52883333333333,"ARGO float 2902259 on cycle 91 reported data on 2020-08-05 at location 13.0°N, 65.3°E. The profile measured temperatures from 3.0°C to 28.0°C and salinities around 35.5 PSU."
2902259,92,12.844,65.63,2020-08-15 00:20:01.999998096,3.123,27.628,35.51532673267327,"ARGO float 2902259 on cycle 92 reported data on 2020-08-15 at location 12.8°N, 65.6°E. The profile measured temperatures from 3.1°C to 27.6°C and salinities around 35.5 PSU."
2902259,93,12.935,65.983,2020-08-25 00:06:06.999980803,3.052,27.388,35.54487628865979,"ARGO float 2902259 on cycle 93 reported data on 2020-08-25 at location 12.9°N, 66.0°E. The profile measured temperatures from 3.1°C to 27.4°C and salinities around 35.5 PSU."
2902260,91,12.681,71.503,2020-08-05 00:13:21.000000532,3.319,28.293,35.384608247422676,"ARGO float 2902260 on cycle 91 reported data on 2020-08-05 at location 12.7°N, 71.5°E. The profile measured temperatures from 3.3°C to 28.3°C and salinities around 35.4 PSU."
2902260,92,12.441,71.63,2020-08-14 18:13:59.999990165,4.796,28.245,35.43939759036145,"ARGO float 2902260 on cycle 92 reported data on 2020-08-14 at location 12.4°N, 71.6°E. The profile measured temperatures from 4.8°C to 28.2°C and salinities around 35.4 PSU."
2902260,93,12.442,71.597,2020-08-24 18:15:59.999983012,4.837,28.513,35.45364705882353,"ARGO float 2902260 on cycle 93 reported data on 2020-08-24 at location 12.4°N, 71.6°E. The profile measured temperatures from 4.8°C to 28.5°C and salinities around 35.5 PSU."
2902261,91,13.781,70.719,2020-08-05 00:12:48.000018594,2.989,28.492,35.428950495049506,"ARGO float 2902261 on cycle 91 reported data on 2020-08-05 at location 13.8°N, 70.7°E. The profile measured temperatures from 3.0°C to 28.5°C and salinities around 35.4 PSU."
2902261,92,13.899,70.777,2020-08-14 17:50:24.999980628,2.915,28.14,35.48317821782178,"ARGO float 2902261 on cycle 92 reported data on 2020-08-14 at location 13.9°N, 70.8°E. The profile measured temperatures from 2.9°C to 28.1°C and salinities around 35.5 PSU."
2902261,93,13.994,70.82,2020-08-24 18:03:02.000018655,3.045,28.245,35.49378217821782,"ARGO float 2902261 on cycle 93 reported data on 2020-08-24 at location 14.0°N, 70.8°E. The profile measured temperatures from 3.0°C to 28.2°C and salinities around 35.5 PSU."
2902262,91,10.785,60.526,2020-08-05 17:56:37.000014786,2.886,26.609,35.34163106796117,"ARGO float 2902262 on cycle 91 reported data on 2020-08-05 at location 10.8°N, 60.5°E. The profile measured temperatures from 2.9°C to 26.6°C and salinities around 35.3 PSU."
2902262,92,10.642,60.577,2020-08-15 17:51:28.999995589,2.902,26.192,35.32764948453608,"ARGO float 2902262 on cycle 92 reported data on 2020-08-15 at location 10.6°N, 60.6°E. The profile measured temperatures from 2.9°C to 26.2°C and salinities around 35.3 PSU."
2902262,93,10.655,60.427,2020-08-25 17:45:02.000002559,2.891,26.3,35.39157291666667,"ARGO float 2902262 on cycle 93 reported data on 2020-08-25 at location 10.7°N, 60.4°E. The profile measured temperatures from 2.9°C to 26.3°C and salinities around 35.4 PSU."
2902263,183,16.058043333333334,64.729475,2020-08-01 17:22:59.999999995,3.244,28.167,35.97225722543352,"ARGO float 2902263 on cycle 183 reported data on 2020-08-01 at location 16.1°N, 64.7°E. The profile measured temperatures from 3.2°C to 28.2°C and salinities around 36.0 PSU."
2902263,184,15.95171,64.60657166666667,2020-08-11 17:22:00.000000111,3.154,27.285,35.95708985507246,"ARGO float 2902263 on cycle 184 reported data on 2020-08-11 at location 16.0°N, 64.6°E. The profile measured temperatures from 3.2°C to 27.3°C and salinities around 36.0 PSU."
2902263,185,15.920595,64.47690333333334,2020-08-21 17:28:00.000000027,3.129,26.979,35.94571098265896,"ARGO float 2902263 on cycle 185 reported data on 2020-08-21 at location 15.9°N, 64.5°E. The profile measured temperatures from 3.1°C to 27.0°C and salinities around 35.9 PSU."
2902263,186,15.845781666666667,64.34889666666666,2020-08-31 17:25:00.000000073,3.134,27.064,35.98997101449276,"ARGO float 2902263 on cycle 186 reported data on 2020-08-31 at location 15.8°N, 64.3°E. The profile measured temperatures from 3.1°C to 27.1°C and salinities around 36.0 PSU."
2902264,169,11.273468333333334,88.77876833333333,2020-08-02 17:28:00.000000027,2.733,29.537,34.53569942196532,"ARGO float 2902264 on cycle 169 reported data on 2020-08-02 at location 11.3°N, 88.8°E. The profile measured temperatures from 2.7°C to 29.5°C and salinities around 34.5 PSU."
2902264,170,10.911265,88.47944,2020-08-12 17:22:59.999999995,2.788,29.186,34.67656521739131,"ARGO float 2902264 on cycle 170 reported data on 2020-08-12 at location 10.9°N, 88.5°E. The profile measured temperatures from 2.8°C to 29.2°C and salinities around 34.7 PSU."
2902264,171,10.801451666666669,88.46837,2020-08-22 17:22:00.000000111,2.774,29.205,34.79478901734104,"ARGO float 2902264 on cycle 171 reported data on 2020-08-22 at location 10.8°N, 88.5°E. The profile measured temperatures from 2.8°C to 29.2°C and salinities around 34.8 PSU."
2902265,56,16.152,71.401,2020-08-09 15:01:51.000001432,3.116,28.286,35.42357281553398,"ARGO float 2902265 on cycle 56 reported data on 2020-08-09 at location 16.2°N, 71.4°E. The profile measured temperatures from 3.1°C to 28.3°C and salinities around 35.4 PSU."
2902265,57,15.926,71.607,2020-08-19 14:04:59.999995528,3.085,28.137,35.40463366336633,"ARGO float 2902265 on cycle 57 reported data on 2020-08-19 at location 15.9°N, 71.6°E. The profile measured temperatures from 3.1°C to 28.1°C and salinities around 35.4 PSU."
2902265,58,15.961,71.353,2020-08-29 14:04:59.999995528,2.995,28.232,35.40925242718446,"ARGO float 2902265 on cycle 58 reported data on 2020-08-29 at location 16.0°N, 71.4°E. The profile measured temperatures from 3.0°C to 28.2°C and salinities around 35.4 PSU."
2902266,56,12.153,66.948,2020-08-08 13:52:00.000001790,2.93,27.982,38.462435643564355,"ARGO float 2902266 on cycle 56 reported data on 2020-08-08 at location 12.2°N, 66.9°E. The profile measured temperatures from 2.9°C to 28.0°C and salinities around 38.5 PSU."
2902266,57,12.103,67.216,2020-08-18 14:03:59.999999109,3.089,27.81,23.58829702970297,"ARGO float 2902266 on cycle 57 reported data on 2020-08-18 at location 12.1°N, 67.2°E. The profile measured temperatures from 3.1°C to 27.8°C and salinities around 23.6 PSU."
2902266,58,11.932,67.394,2020-08-28 13:56:59.999983903,3.159,28.102,37.29221782178218,"ARGO float 2902266 on cycle 58 reported data on 2020-08-28 at location 11.9°N, 67.4°E. The profile measured temperatures from 3.2°C to 28.1°C and salinities around 37.3 PSU."
2902267,56,17.227,59.211,2020-08-03 13:53:59.999994637,3.214,27.382,35.5409801980198,"ARGO float 2902267 on cycle 56 reported data on 2020-08-03 at location 17.2°N, 59.2°E. The profile measured temperatures from 3.2°C to 27.4°C and salinities around 35.5 PSU."
2902267,57,17.221,59.904,2020-08-13 13:50:00.000008943,3.186,27.01,35.5847,"ARGO float 2902267 on cycle 57 reported data on 2020-08-13 at location 17.2°N, 59.9°E. The profile measured temperatures from 3.2°C to 27.0°C and salinities around 35.6 PSU."
2902267,58,17.1,60.684,2020-08-23 14:32:28.999983073,3.24,25.929,35.538591836734696,"ARGO float 2902267 on cycle 58 reported data on 2020-08-23 at location 17.1°N, 60.7°E. The profile measured temperatures from 3.2°C to 25.9°C and salinities around 35.5 PSU."
2902268,56,16.548,63.625,2020-08-04 13:54:59.999991056,3.149,27.487,36.01323762376238,"ARGO float 2902268 on cycle 56 reported data on 2020-08-04 at location 16.5°N, 63.6°E. The profile measured temperatures from 3.1°C to 27.5°C and salinities around 36.0 PSU."
2902268,57,16.321,63.605,2020-08-14 14:03:59.999999109,3.222,27.091,36.29486274509804,"ARGO float 2902268 on cycle 57 reported data on 2020-08-14 at location 16.3°N, 63.6°E. The profile measured temperatures from 3.2°C to 27.1°C and salinities around 36.3 PSU."
2902268,58,16.218,63.489,2020-08-24 14:44:49.999987187,3.255,26.871,36.28743298969072,"ARGO float 2902268 on cycle 58 reported data on 2020-08-24 at location 16.2°N, 63.5°E. The profile measured temperatures from 3.3°C to 26.9°C and salinities around 36.3 PSU."
2902269,56,15.948,62.495,2020-08-05 13:52:00.000001790,3.253,27.105,36.035357142857144,"ARGO float 2902269 on cycle 56 reported data on 2020-08-05 at location 15.9°N, 62.5°E. The profile measured temperatures from 3.3°C to 27.1°C and salinities around 36.0 PSU."
2902270,56,13.632267,65.514847,2020-08-01 18:18:15.000015196,3.0044,28.2014,35.347701240458015,"ARGO float 2902270 on cycle 56 reported data on 2020-08-01 at location 13.6°N, 65.5°E. The profile measured temperatures from 3.0°C to 28.2°C and salinities around 35.3 PSU."
2902270,57,13.491348,65.498383,2020-08-11 18:05:51.999981702,3.0589,27.5495,35.405846516853934,"ARGO float 2902270 on cycle 57 reported data on 2020-08-11 at location 13.5°N, 65.5°E. The profile measured temperatures from 3.1°C to 27.5°C and salinities around 35.4 PSU."
2902270,58,13.458141,65.484871,2020-08-21 18:00:14.999999109,2.9903,27.3295,35.352576666666664,"ARGO float 2902270 on cycle 58 reported data on 2020-08-21 at location 13.5°N, 65.5°E. The profile measured temperatures from 3.0°C to 27.3°C and salinities around 35.4 PSU."
2902270,59,13.469898,65.533051,2020-08-31 18:07:14.000019729,3.1008,27.273,35.34196325358852,"ARGO float 2902270 on cycle 59 reported data on 2020-08-31 at location 13.5°N, 65.5°E. The profile measured temperatures from 3.1°C to 27.3°C and salinities around 35.3 PSU."
2902272,48,17.421488,66.947609,2020-08-17 08:30:57.999993860,3.1895,27.4022,35.403783301707776,"ARGO float 2902272 on cycle 48 reported data on 2020-08-17 at location 17.4°N, 66.9°E. The profile measured temperatures from 3.2°C to 27.4°C and salinities around 35.4 PSU."
2902272,49,17.528784,66.770676,2020-08-27 08:16:57.000009118,3.1383,27.3707,35.401711787072244,"ARGO float 2902272 on cycle 49 reported data on 2020-08-27 at location 17.5°N, 66.8°E. The profile measured temperatures from 3.1°C to 27.4°C and salinities around 35.4 PSU."
2902273,49,18.192383,69.608711,2020-08-27 17:09:08.000018297,3.1454,28.2652,35.41759867046533,"ARGO float 2902273 on cycle 49 reported data on 2020-08-27 at location 18.2°N, 69.6°E. The profile measured temperatures from 3.1°C to 28.3°C and salinities around 35.4 PSU."
2902274,47,18.069668,64.652611,2020-08-08 00:07:48.999990820,3.2259,28.0804,34.585331303520455,"ARGO float 2902274 on cycle 47 reported data on 2020-08-08 at location 18.1°N, 64.7°E. The profile measured temperatures from 3.2°C to 28.1°C and salinities around 34.6 PSU."
2902274,48,18.038118,64.664444,2020-08-18 00:14:25.000015493,3.1766,27.1013,33.64076857142857,"ARGO float 2902274 on cycle 48 reported data on 2020-08-18 at location 18.0°N, 64.7°E. The profile measured temperatures from 3.2°C to 27.1°C and salinities around 33.6 PSU."
2902274,49,17.874466,64.629013,2020-08-28 00:13:13.999998270,3.1881,27.0052,32.41169790476191,"ARGO float 2902274 on cycle 49 reported data on 2020-08-28 at location 17.9°N, 64.6°E. The profile measured temperatures from 3.2°C to 27.0°C and salinities around 32.4 PSU."
2902275,88,21.467146,65.304321,2020-08-07 18:50:28.999985755,3.1566,29.9084,35.49321560418649,"ARGO float 2902275 on cycle 88 reported data on 2020-08-07 at location 21.5°N, 65.3°E. The profile measured temperatures from 3.2°C to 29.9°C and salinities around 35.5 PSU."
2902275,92,21.799328,65.232925,2020-08-30 18:53:58.000018891,3.1514,29.2771,35.509818242597895,"ARGO float 2902275 on cycle 92 reported data on 2020-08-30 at location 21.8°N, 65.2°E. The profile measured temperatures from 3.2°C to 29.3°C and salinities around 35.5 PSU."
2902276,46,20.794531,66.58036,2020-08-06 18:07:29.000018838,3.3537,29.7485,35.490105223171895,"ARGO float 2902276 on cycle 46 reported data on 2020-08-06 at location 20.8°N, 66.6°E. The profile measured temperatures from 3.4°C to 29.7°C and salinities around 35.5 PSU."
2902277,45,19.483629,67.153419,2020-08-04 14:55:19.999989868,3.1096,29.6937,35.45212926136364,"ARGO float 2902277 on cycle 45 reported data on 2020-08-04 at location 19.5°N, 67.2°E. The profile measured temperatures from 3.1°C to 29.7°C and salinities around 35.5 PSU."
2902277,46,19.613132,67.153809,2020-08-14 14:49:42.000012698,3.24,28.2944,35.454583206831124,"ARGO float 2902277 on cycle 46 reported data on 2020-08-14 at location 19.6°N, 67.2°E. The profile measured temperatures from 3.2°C to 28.3°C and salinities around 35.5 PSU."
2902277,47,19.79941,67.311203,2020-08-24 14:19:04.999998812,3.2776,27.9779,35.4567844402277,"ARGO float 2902277 on cycle 47 reported data on 2020-08-24 at location 19.8°N, 67.3°E. The profile measured temperatures from 3.3°C to 28.0°C and salinities around 35.5 PSU."
2902278,87,15.869,92.184,2020-08-02 14:27:45.999989213,2.592,29.75,34.51095098039216,"ARGO float 2902278 on cycle 87 reported data on 2020-08-02 at location 15.9°N, 92.2°E. The profile measured temperatures from 2.6°C to 29.8°C and salinities around 34.5 PSU."
2902278,88,15.992,92.311,2020-08-07 14:44:15.000016096,2.595,29.454,34.58549019607843,"ARGO float 2902278 on cycle 88 reported data on 2020-08-07 at location 16.0°N, 92.3°E. The profile measured temperatures from 2.6°C to 29.5°C and salinities around 34.6 PSU."
2902278,89,16.195,92.382,2020-08-12 13:53:59.999994637,2.687,29.512,34.60190196078432,"ARGO float 2902278 on cycle 89 reported data on 2020-08-12 at location 16.2°N, 92.4°E. The profile measured temperatures from 2.7°C to 29.5°C and salinities around 34.6 PSU."
2902278,90,16.458,92.358,2020-08-17 14:50:05.000008646,2.642,29.323,34.591776699029126,"ARGO float 2902278 on cycle 90 reported data on 2020-08-17 at location 16.5°N, 92.4°E. The profile measured temperatures from 2.6°C to 29.3°C and salinities around 34.6 PSU."
2902278,91,16.624,92.343,2020-08-22 14:00:00.000013415,2.631,29.165,34.59980582524272,"ARGO float 2902278 on cycle 91 reported data on 2020-08-22 at location 16.6°N, 92.3°E. The profile measured temperatures from 2.6°C to 29.2°C and salinities around 34.6 PSU."
2902278,92,16.717,92.378,2020-08-27 14:43:21.999981702,2.721,29.101,34.561696078431375,"ARGO float 2902278 on cycle 92 reported data on 2020-08-27 at location 16.7°N, 92.4°E. The profile measured temperatures from 2.7°C to 29.1°C and salinities around 34.6 PSU."
2902279,87,15.892,92.096,2020-08-02 14:06:53.999980689,2.616,29.894,34.50756862745098,"ARGO float 2902279 on cycle 87 reported data on 2020-08-02 at location 15.9°N, 92.1°E. The profile measured temperatures from 2.6°C to 29.9°C and salinities around 34.5 PSU."
2902279,88,15.944,92.08,2020-08-07 14:03:59.999999109,2.612,29.397,34.56507843137255,"ARGO float 2902279 on cycle 88 reported data on 2020-08-07 at location 15.9°N, 92.1°E. The profile measured temperatures from 2.6°C to 29.4°C and salinities around 34.6 PSU."
2902279,89,16.105,92.176,2020-08-12 13:57:59.999980331,2.66,29.393,34.58229702970297,"ARGO float 2902279 on cycle 89 reported data on 2020-08-12 at location 16.1°N, 92.2°E. The profile measured temperatures from 2.7°C to 29.4°C and salinities around 34.6 PSU."
2902279,90,16.343,92.216,2020-08-17 14:50:20.000007746,2.839,29.342,34.57253535353535,"ARGO float 2902279 on cycle 90 reported data on 2020-08-17 at location 16.3°N, 92.2°E. The profile measured temperatures from 2.8°C to 29.3°C and salinities around 34.6 PSU."
2902279,91,16.594,92.155,2020-08-22 11:37:59.999998209,2.742,29.129,34.5950505050505,"ARGO float 2902279 on cycle 91 reported data on 2020-08-22 at location 16.6°N, 92.2°E. The profile measured temperatures from 2.7°C to 29.1°C and salinities around 34.6 PSU."
2902279,92,16.736,92.16,2020-08-27 13:57:59.999980331,2.734,28.978,34.550594059405945,"ARGO float 2902279 on cycle 92 reported data on 2020-08-27 at location 16.7°N, 92.2°E. The profile measured temperatures from 2.7°C to 29.0°C and salinities around 34.6 PSU."
2902280,87,14.37,91.17,2020-08-03 14:39:51.999994218,2.747,29.415,34.559474747474745,"ARGO float 2902280 on cycle 87 reported data on 2020-08-03 at location 14.4°N, 91.2°E. The profile measured temperatures from 2.7°C to 29.4°C and salinities around 34.6 PSU."
2902280,88,14.174,91.17,2020-08-08 13:57:59.999980331,2.736,29.135,34.54890099009901,"ARGO float 2902280 on cycle 88 reported data on 2020-08-08 at location 14.2°N, 91.2°E. The profile measured temperatures from 2.7°C to 29.1°C and salinities around 34.5 PSU."
2902280,89,14.175,91.293,2020-08-13 14:25:42.000018061,2.623,29.215,34.55052941176471,"ARGO float 2902280 on cycle 89 reported data on 2020-08-13 at location 14.2°N, 91.3°E. The profile measured temperatures from 2.6°C to 29.2°C and salinities around 34.6 PSU."
2902280,90,14.259,91.434,2020-08-18 14:29:23.999980689,2.754,29.025,34.56771717171717,"ARGO float 2902280 on cycle 90 reported data on 2020-08-18 at location 14.3°N, 91.4°E. The profile measured temperatures from 2.8°C to 29.0°C and salinities around 34.6 PSU."
2902280,91,14.415,91.563,2020-08-23 13:52:59.999998209,2.814,29.056,34.55996039603961,"ARGO float 2902280 on cycle 91 reported data on 2020-08-23 at location 14.4°N, 91.6°E. The profile measured temperatures from 2.8°C to 29.1°C and salinities around 34.6 PSU."
2902280,92,14.524,91.662,2020-08-28 13:57:59.999980331,2.679,29.268,34.580941747572815,"ARGO float 2902280 on cycle 92 reported data on 2020-08-28 at location 14.5°N, 91.7°E. The profile measured temperatures from 2.7°C to 29.3°C and salinities around 34.6 PSU."
2902282,87,18.753,89.925,2020-08-03 15:07:44.000017939,2.801,30.295,34.54312,"ARGO float 2902282 on cycle 87 reported data on 2020-08-03 at location 18.8°N, 89.9°E. The profile measured temperatures from 2.8°C to 30.3°C and salinities around 34.5 PSU."
2902282,88,18.516,89.927,2020-08-08 14:37:10.999982357,2.587,30.031,34.46626213592233,"ARGO float 2902282 on cycle 88 reported data on 2020-08-08 at location 18.5°N, 89.9°E. The profile measured temperatures from 2.6°C to 30.0°C and salinities around 34.5 PSU."
2902282,89,18.448,89.88,2020-08-13 14:33:40.000000296,2.545,29.868,34.513601941747574,"ARGO float 2902282 on cycle 89 reported data on 2020-08-13 at location 18.4°N, 89.9°E. The profile measured temperatures from 2.5°C to 29.9°C and salinities around 34.5 PSU."
2902282,90,18.498,89.76,2020-08-18 15:17:09.000011083,2.569,29.601,34.56166666666667,"ARGO float 2902282 on cycle 90 reported data on 2020-08-18 at location 18.5°N, 89.8°E. The profile measured temperatures from 2.6°C to 29.6°C and salinities around 34.6 PSU."
2902282,91,18.453,89.691,2020-08-23 15:13:23.999984261,2.689,29.355,34.0619393939394,"ARGO float 2902282 on cycle 91 reported data on 2020-08-23 at location 18.5°N, 89.7°E. The profile measured temperatures from 2.7°C to 29.4°C and salinities around 34.1 PSU."
2902282,92,18.321,89.855,2020-08-28 14:58:24.999992253,2.478,29.183,34.60647368421052,"ARGO float 2902282 on cycle 92 reported data on 2020-08-28 at location 18.3°N, 89.9°E. The profile measured temperatures from 2.5°C to 29.2°C and salinities around 34.6 PSU."
2902283,87,15.705,86.155,2020-08-04 14:07:59.999984803,2.827,29.619,34.23921495327103,"ARGO float 2902283 on cycle 87 reported data on 2020-08-04 at location 15.7°N, 86.2°E. The profile measured temperatures from 2.8°C to 29.6°C and salinities around 34.2 PSU."
2902283,88,15.873,86.365,2020-08-09 14:53:31.000017825,2.784,29.406,34.642893203883496,"ARGO float 2902283 on cycle 88 reported data on 2020-08-09 at location 15.9°N, 86.4°E. The profile measured temperatures from 2.8°C to 29.4°C and salinities around 34.6 PSU."
2902283,89,16.21,86.452,2020-08-14 13:56:59.999983903,2.936,29.039,34.65366336633663,"ARGO float 2902283 on cycle 89 reported data on 2020-08-14 at location 16.2°N, 86.5°E. The profile measured temperatures from 2.9°C to 29.0°C and salinities around 34.7 PSU."
2902283,90,16.503,86.55,2020-08-19 13:55:59.999987484,2.943,28.784,34.628465346534654,"ARGO float 2902283 on cycle 90 reported data on 2020-08-19 at location 16.5°N, 86.5°E. The profile measured temperatures from 2.9°C to 28.8°C and salinities around 34.6 PSU."
2902283,91,16.579,86.715,2020-08-24 14:43:08.000017406,3.063,28.743,34.63070297029703,"ARGO float 2902283 on cycle 91 reported data on 2020-08-24 at location 16.6°N, 86.7°E. The profile measured temperatures from 3.1°C to 28.7°C and salinities around 34.6 PSU."
2902283,92,16.481,86.851,2020-08-29 14:48:59.000004532,2.98,28.851,34.555633663366336,"ARGO float 2902283 on cycle 92 reported data on 2020-08-29 at location 16.5°N, 86.9°E. The profile measured temperatures from 3.0°C to 28.9°C and salinities around 34.6 PSU."
2902285,342,15.361,82.357,2020-08-01 13:57:59.999980331,2.698,30.345,34.66726732673268,"ARGO float 2902285 on cycle 342 reported data on 2020-08-01 at location 15.4°N, 82.4°E. The profile measured temperatures from 2.7°C to 30.3°C and salinities around 34.7 PSU."
2902285,343,15.237,82.505,2020-08-06 14:03:59.999999109,2.799,29.572,34.67181188118812,"ARGO float 2902285 on cycle 343 reported data on 2020-08-06 at location 15.2°N, 82.5°E. The profile measured temperatures from 2.8°C to 29.6°C and salinities around 34.7 PSU."
2902285,344,15.202,82.737,2020-08-11 14:00:00.000013415,2.807,29.331,34.6535294117647,"ARGO float 2902285 on cycle 344 reported data on 2020-08-11 at location 15.2°N, 82.7°E. The profile measured temperatures from 2.8°C to 29.3°C and salinities around 34.7 PSU."
2902285,345,15.126,82.92,2020-08-16 14:37:17.999984619,2.787,28.849,34.62730208333333,"ARGO float 2902285 on cycle 345 reported data on 2020-08-16 at location 15.1°N, 82.9°E. The profile measured temperatures from 2.8°C to 28.8°C and salinities around 34.6 PSU."
2902285,346,15.139,83.115,2020-08-21 14:34:33.999989030,2.964,28.922,34.665121212121214,"ARGO float 2902285 on cycle 346 reported data on 2020-08-21 at location 15.1°N, 83.1°E. The profile measured temperatures from 3.0°C to 28.9°C and salinities around 34.7 PSU."
2902285,347,15.256,83.144,2020-08-26 13:57:59.999980331,2.799,28.933,34.61578431372549,"ARGO float 2902285 on cycle 347 reported data on 2020-08-26 at location 15.3°N, 83.1°E. The profile measured temperatures from 2.8°C to 28.9°C and salinities around 34.6 PSU."
2902285,348,15.145,83.169,2020-08-31 13:54:59.999991056,2.818,29.713,34.41637,"ARGO float 2902285 on cycle 348 reported data on 2020-08-31 at location 15.1°N, 83.2°E. The profile measured temperatures from 2.8°C to 29.7°C and salinities around 34.4 PSU."
2902286,36,1.418,85.34,2020-08-07 14:21:16.000012454,2.808,29.553,34.83578431372549,"ARGO float 2902286 on cycle 36 reported data on 2020-08-07 at location 1.4°N, 85.3°E. The profile measured temperatures from 2.8°C to 29.6°C and salinities around 34.8 PSU."
2902286,37,1.326,84.75,2020-08-17 14:14:18.999980986,2.828,30.199,34.86844117647059,"ARGO float 2902286 on cycle 37 reported data on 2020-08-17 at location 1.3°N, 84.8°E. The profile measured temperatures from 2.8°C to 30.2°C and salinities around 34.9 PSU."
2902286,38,1.543,83.815,2020-08-27 13:53:59.999994637,2.996,30.06,34.890843137254905,"ARGO float 2902286 on cycle 38 reported data on 2020-08-27 at location 1.5°N, 83.8°E. The profile measured temperatures from 3.0°C to 30.1°C and salinities around 34.9 PSU."
2902287,36,-3.696,80.756,2020-08-04 13:51:00.000005362,2.772,29.294,34.89806,"ARGO float 2902287 on cycle 36 reported data on 2020-08-04 at location 3.7°S, 80.8°E. The profile measured temperatures from 2.8°C to 29.3°C and salinities around 34.9 PSU."
2902287,37,-2.921,81.162,2020-08-14 14:26:13.000010847,2.67,30.138,34.891861386138615,"ARGO float 2902287 on cycle 37 reported data on 2020-08-14 at location 2.9°S, 81.2°E. The profile measured temperatures from 2.7°C to 30.1°C and salinities around 34.9 PSU."
2902287,38,-3.008,82.067,2020-08-24 13:56:59.999983903,2.678,30.571,34.8819603960396,"ARGO float 2902287 on cycle 38 reported data on 2020-08-24 at location 3.0°S, 82.1°E. The profile measured temperatures from 2.7°C to 30.6°C and salinities around 34.9 PSU."
2902288,36,-5.214,89.99,2020-08-03 14:25:12.000019851,2.733,29.075,34.80222772277228,"ARGO float 2902288 on cycle 36 reported data on 2020-08-03 at location 5.2°S, 90.0°E. The profile measured temperatures from 2.7°C to 29.1°C and salinities around 34.8 PSU."
2902288,37,-4.915,89.939,2020-08-13 14:21:47.999999825,2.741,29.522,34.80432,"ARGO float 2902288 on cycle 37 reported data on 2020-08-13 at location 4.9°S, 89.9°E. The profile measured temperatures from 2.7°C to 29.5°C and salinities around 34.8 PSU."
2902288,38,-4.699,89.883,2020-08-23 14:04:59.999995528,2.682,29.704,34.77243564356436,"ARGO float 2902288 on cycle 38 reported data on 2020-08-23 at location 4.7°S, 89.9°E. The profile measured temperatures from 2.7°C to 29.7°C and salinities around 34.8 PSU."
2902289,36,-5.483,76.147,2020-08-03 13:55:59.999987484,2.568,28.738,34.88639603960396,"ARGO float 2902289 on cycle 36 reported data on 2020-08-03 at location 5.5°S, 76.1°E. The profile measured temperatures from 2.6°C to 28.7°C and salinities around 34.9 PSU."
2902289,37,-5.464,76.455,2020-08-13 14:50:43.000003694,2.613,28.512,34.87142574257426,"ARGO float 2902289 on cycle 37 reported data on 2020-08-13 at location 5.5°S, 76.5°E. The profile measured temperatures from 2.6°C to 28.5°C and salinities around 34.9 PSU."
2902289,38,-5.667,76.733,2020-08-23 14:28:06.999996008,2.563,27.633,34.82208737864078,"ARGO float 2902289 on cycle 38 reported data on 2020-08-23 at location 5.7°S, 76.7°E. The profile measured temperatures from 2.6°C to 27.6°C and salinities around 34.8 PSU."
2902290,36,-6.161,74.349,2020-08-02 14:00:00.000013415,2.818,27.418,34.781277227722775,"ARGO float 2902290 on cycle 36 reported data on 2020-08-02 at location 6.2°S, 74.3°E. The profile measured temperatures from 2.8°C to 27.4°C and salinities around 34.8 PSU."
2902290,37,-6.128,73.957,2020-08-12 14:20:03.000006078,2.746,26.803,34.793118811881186,"ARGO float 2902290 on cycle 37 reported data on 2020-08-12 at location 6.1°S, 74.0°E. The profile measured temperatures from 2.7°C to 26.8°C and salinities around 34.8 PSU."
2902290,38,-5.734,73.804,2020-08-22 13:53:59.999994637,2.71,27.547,34.84544117647059,"ARGO float 2902290 on cycle 38 reported data on 2020-08-22 at location 5.7°S, 73.8°E. The profile measured temperatures from 2.7°C to 27.5°C and salinities around 34.8 PSU."
2902292,37,-10.833,83.89,2020-08-10 13:49:00.000012515,2.625,27.113,34.68283495145631,"ARGO float 2902292 on cycle 37 reported data on 2020-08-10 at location 10.8°S, 83.9°E. The profile measured temperatures from 2.6°C to 27.1°C and salinities around 34.7 PSU."
2902292,38,-10.635,84.307,2020-08-20 13:51:00.000005362,2.669,27.335,34.714346534653465,"ARGO float 2902292 on cycle 38 reported data on 2020-08-20 at location 10.6°S, 84.3°E. The profile measured temperatures from 2.7°C to 27.3°C and salinities around 34.7 PSU."
2902292,39,-10.762,84.578,2020-08-30 14:03:00.000002681,2.798,27.943,34.71973267326733,"ARGO float 2902292 on cycle 39 reported data on 2020-08-30 at location 10.8°S, 84.6°E. The profile measured temperatures from 2.8°C to 27.9°C and salinities around 34.7 PSU."
2902293,37,-12.528,80.72,2020-08-10 14:23:24.999996724,2.625,26.463,34.74933333333333,"ARGO float 2902293 on cycle 37 reported data on 2020-08-10 at location 12.5°S, 80.7°E. The profile measured temperatures from 2.6°C to 26.5°C and salinities around 34.7 PSU."
2902293,38,-12.349,81.114,2020-08-20 13:52:59.999998209,2.635,26.335,34.70591089108911,"ARGO float 2902293 on cycle 38 reported data on 2020-08-20 at location 12.3°S, 81.1°E. The profile measured temperatures from 2.6°C to 26.3°C and salinities around 34.7 PSU."
2902293,39,-12.304,81.164,2020-08-30 13:59:00.000016987,2.681,25.993,34.692316831683165,"ARGO float 2902293 on cycle 39 reported data on 2020-08-30 at location 12.3°S, 81.2°E. The profile measured temperatures from 2.7°C to 26.0°C and salinities around 34.7 PSU."
2902294,51,6.498767,85.665962,2020-08-05 20:14:52.000003161,2.7696,28.3455,34.92157962085308,"ARGO float 2902294 on cycle 51 reported data on 2020-08-05 at location 6.5°N, 85.7°E. The profile measured temperatures from 2.8°C to 28.3°C and salinities around 34.9 PSU."
2902294,52,6.294227,85.67112,2020-08-10 21:13:13.999998270,2.6593,28.5706,34.91649090909091,"ARGO float 2902294 on cycle 52 reported data on 2020-08-10 at location 6.3°N, 85.7°E. The profile measured temperatures from 2.7°C to 28.6°C and salinities around 34.9 PSU."
2902294,54,6.467138,86.245918,2020-08-20 23:08:13.999989327,2.7095,29.0464,34.90526032196969,"ARGO float 2902294 on cycle 54 reported data on 2020-08-20 at location 6.5°N, 86.2°E. The profile measured temperatures from 2.7°C to 29.0°C and salinities around 34.9 PSU."
2902294,55,6.793408,86.581177,2020-08-26 00:26:42.999995650,2.7978,29.4358,34.90102550724637,"ARGO float 2902294 on cycle 55 reported data on 2020-08-26 at location 6.8°N, 86.6°E. The profile measured temperatures from 2.8°C to 29.4°C and salinities around 34.9 PSU."
2902294,56,7.070162,86.87117,2020-08-31 01:53:17.999981047,2.7566,29.2357,34.9078956225681,"ARGO float 2902294 on cycle 56 reported data on 2020-08-31 at location 7.1°N, 86.9°E. The profile measured temperatures from 2.8°C to 29.2°C and salinities around 34.9 PSU."
2902295,17,-47.228386,76.000839,2020-08-08 05:46:23.000005781,2.0479,5.027,34.45081294005709,"ARGO float 2902295 on cycle 17 reported data on 2020-08-08 at location 47.2°S, 76.0°E. The profile measured temperatures from 2.0°C to 5.0°C and salinities around 34.5 PSU."
2902295,18,-47.741726,77.198944,2020-08-18 05:34:29.000016148,1.8907,3.9405,34.49572360189573,"ARGO float 2902295 on cycle 18 reported data on 2020-08-18 at location 47.7°S, 77.2°E. The profile measured temperatures from 1.9°C to 3.9°C and salinities around 34.5 PSU."
2902296,18,-52.690342,62.415173,2020-08-16 19:30:08.999991414,1.5914,2.4451,34.53258511848341,"ARGO float 2902296 on cycle 18 reported data on 2020-08-16 at location 52.7°S, 62.4°E. The profile measured temperatures from 1.6°C to 2.4°C and salinities around 34.5 PSU."
2902296,19,-53.17519,63.097454,2020-08-26 19:15:51.000018419,1.4329,2.4246,34.5309430608365,"ARGO float 2902296 on cycle 19 reported data on 2020-08-26 at location 53.2°S, 63.1°E. The profile measured temperatures from 1.4°C to 2.4°C and salinities around 34.5 PSU."
2902297,17,-58.037682,59.796974,2020-08-04 07:02:32.000007030,-0.5133,2.1087,34.618228298279156,"ARGO float 2902297 on cycle 17 reported data on 2020-08-04 at location 58.0°S, 59.8°E. The profile measured temperatures from -0.5°C to 2.1°C and salinities around 34.6 PSU."
2902297,18,-58.344734,59.413246,2020-08-14 06:49:11.000006497,-1.2358,2.0464,34.62393210227273,"ARGO float 2902297 on cycle 18 reported data on 2020-08-14 at location 58.3°S, 59.4°E. The profile measured temperatures from -1.2°C to 2.0°C and salinities around 34.6 PSU."
2902297,19,-58.348961,58.598412,2020-08-24 06:41:57.999981344,-1.3785,2.0032,34.638741193181815,"ARGO float 2902297 on cycle 19 reported data on 2020-08-24 at location 58.3°S, 58.6°E. The profile measured temperatures from -1.4°C to 2.0°C and salinities around 34.6 PSU."
2902300,15,-44.924,61.829,2020-08-01 13:36:00.000018777,2.577,12.86,34.73692079207921,"ARGO float 2902300 on cycle 15 reported data on 2020-08-01 at location 44.9°S, 61.8°E. The profile measured temperatures from 2.6°C to 12.9°C and salinities around 34.7 PSU."
2902300,16,-43.885,63.135,2020-08-11 13:33:59.999985694,2.551,12.582,34.7160495049505,"ARGO float 2902300 on cycle 16 reported data on 2020-08-11 at location 43.9°S, 63.1°E. The profile measured temperatures from 2.6°C to 12.6°C and salinities around 34.7 PSU."
2902300,17,-44.319,65.288,2020-08-21 13:49:00.000012515,2.483,10.177,34.47271568627451,"ARGO float 2902300 on cycle 17 reported data on 2020-08-21 at location 44.3°S, 65.3°E. The profile measured temperatures from 2.5°C to 10.2°C and salinities around 34.5 PSU."
2902300,18,-43.788,67.587,2020-08-31 13:49:00.000012515,2.443,9.833,34.41750505050505,"ARGO float 2902300 on cycle 18 reported data on 2020-08-31 at location 43.8°S, 67.6°E. The profile measured temperatures from 2.4°C to 9.8°C and salinities around 34.4 PSU."
2902301,15,-28.044,49.25,2020-08-03 13:44:59.999986584,2.442,21.025,34.94960576923077,"ARGO float 2902301 on cycle 15 reported data on 2020-08-03 at location 28.0°S, 49.2°E. The profile measured temperatures from 2.4°C to 21.0°C and salinities around 34.9 PSU."
2902301,16,-28.138,48.871,2020-08-13 13:47:00.000019668,2.535,20.683,34.97308080808081,"ARGO float 2902301 on cycle 16 reported data on 2020-08-13 at location 28.1°S, 48.9°E. The profile measured temperatures from 2.5°C to 20.7°C and salinities around 35.0 PSU."
2902301,17,-28.182,48.474,2020-08-23 13:51:00.000005362,2.49,20.813,34.9589801980198,"ARGO float 2902301 on cycle 17 reported data on 2020-08-23 at location 28.2°S, 48.5°E. The profile measured temperatures from 2.5°C to 20.8°C and salinities around 35.0 PSU."
2902302,15,-32.225,58.538,2020-08-03 13:52:00.000001790,2.495,16.44,34.948616161616165,"ARGO float 2902302 on cycle 15 reported data on 2020-08-03 at location 32.2°S, 58.5°E. The profile measured temperatures from 2.5°C to 16.4°C and salinities around 34.9 PSU."
2902302,16,-32.497,58.526,2020-08-13 13:44:59.999986584,2.486,16.377,34.94912121212121,"ARGO float 2902302 on cycle 16 reported data on 2020-08-13 at location 32.5°S, 58.5°E. The profile measured temperatures from 2.5°C to 16.4°C and salinities around 34.9 PSU."
2902302,17,-32.719,58.81,2020-08-23 13:43:59.999990165,2.502,17.096,34.96217171717172,"ARGO float 2902302 on cycle 17 reported data on 2020-08-23 at location 32.7°S, 58.8°E. The profile measured temperatures from 2.5°C to 17.1°C and salinities around 35.0 PSU."
2902303,15,-37.686,53.589,2020-08-02 13:33:59.999985694,2.72,15.108,34.51690909090909,"ARGO float 2902303 on cycle 15 reported data on 2020-08-02 at location 37.7°S, 53.6°E. The profile measured temperatures from 2.7°C to 15.1°C and salinities around 34.5 PSU."
2902303,16,-37.554,55.026,2020-08-12 13:40:00.000004471,2.694,14.597,34.92454545454545,"ARGO float 2902303 on cycle 16 reported data on 2020-08-12 at location 37.6°S, 55.0°E. The profile measured temperatures from 2.7°C to 14.6°C and salinities around 34.9 PSU."
2902303,17,-39.625,54.814,2020-08-22 13:47:00.000019668,2.656,14.42,34.79970297029703,"ARGO float 2902303 on cycle 17 reported data on 2020-08-22 at location 39.6°S, 54.8°E. The profile measured temperatures from 2.7°C to 14.4°C and salinities around 34.8 PSU."
2902304,15,-23.531,49.698,2020-08-04 13:57:59.999980331,2.456,23.415,34.91715,"ARGO float 2902304 on cycle 15 reported data on 2020-08-04 at location 23.5°S, 49.7°E. The profile measured temperatures from 2.5°C to 23.4°C and salinities around 34.9 PSU."
2902304,16,-23.577,49.246,2020-08-14 13:41:59.999997318,2.477,22.54,34.95005940594059,"ARGO float 2902304 on cycle 16 reported data on 2020-08-14 at location 23.6°S, 49.2°E. The profile measured temperatures from 2.5°C to 22.5°C and salinities around 35.0 PSU."
2902304,17,-23.506,50.159,2020-08-24 14:15:20.000012218,2.461,23.765,34.912320388349514,"ARGO float 2902304 on cycle 17 reported data on 2020-08-24 at location 23.5°S, 50.2°E. The profile measured temperatures from 2.5°C to 23.8°C and salinities around 34.9 PSU."
2902388,177,9.61701,62.85725,2020-08-08 14:30:52.001545521,8.091,27.774,35.69989139072848,"ARGO float 2902388 on cycle 177 reported data on 2020-08-08 at location 9.6°N, 62.9°E. The profile measured temperatures from 8.1°C to 27.8°C and salinities around 35.7 PSU."
2902388,178,9.5642,62.66149,2020-08-18 06:02:24.000646585,7.708,27.379,35.63533286318759,"ARGO float 2902388 on cycle 178 reported data on 2020-08-18 at location 9.6°N, 62.7°E. The profile measured temperatures from 7.7°C to 27.4°C and salinities around 35.6 PSU."
2902388,179,9.58627,62.54008,2020-08-27 21:29:00.002295191,7.71,27.906,35.65846306818182,"ARGO float 2902388 on cycle 179 reported data on 2020-08-27 at location 9.6°N, 62.5°E. The profile measured temperatures from 7.7°C to 27.9°C and salinities around 35.7 PSU."
2902389,177,10.33924,61.76914,2020-08-08 23:41:24.002527153,8.246,27.373,,"ARGO float 2902389 on cycle 177 reported data on 2020-08-08 at location 10.3°N, 61.8°E. The profile measured temperatures from 8.2°C to 27.4°C and no salinity data."
2902389,178,10.49862,61.78402,2020-08-18 21:36:06.002305502,2.857,27.012,,"ARGO float 2902389 on cycle 178 reported data on 2020-08-18 at location 10.5°N, 61.8°E. The profile measured temperatures from 2.9°C to 27.0°C and no salinity data."
2902389,179,10.72509,61.81308,2020-08-28 13:33:47.001442680,8.03,27.266,,"ARGO float 2902389 on cycle 179 reported data on 2020-08-28 at location 10.7°N, 61.8°E. The profile measured temperatures from 8.0°C to 27.3°C and no salinity data."
2902390,177,16.78045,58.61627,2020-08-08 00:06:25.000008586,8.146,26.661,35.81142191435768,"ARGO float 2902390 on cycle 177 reported data on 2020-08-08 at location 16.8°N, 58.6°E. The profile measured temperatures from 8.1°C to 26.7°C and salinities around 35.8 PSU."
2902390,178,17.04438,58.99574,2020-08-17 16:28:41.001757129,8.11,24.452,35.80866223404256,"ARGO float 2902390 on cycle 178 reported data on 2020-08-17 at location 17.0°N, 59.0°E. The profile measured temperatures from 8.1°C to 24.5°C and salinities around 35.8 PSU."
2902390,179,17.42519,59.8576,2020-08-27 13:02:06.001397796,3.457,24.979,35.557231569817866,"ARGO float 2902390 on cycle 179 reported data on 2020-08-27 at location 17.4°N, 59.9°E. The profile measured temperatures from 3.5°C to 25.0°C and salinities around 35.6 PSU."
2902391,176,14.89262,60.15094,2020-08-01 11:04:29.001185843,8.822,26.626,38.99345174825175,"ARGO float 2902391 on cycle 176 reported data on 2020-08-01 at location 14.9°N, 60.2°E. The profile measured temperatures from 8.8°C to 26.6°C and salinities around 39.0 PSU."
2902391,177,15.14142,60.08469,2020-08-11 03:00:01.000321781,8.764,24.918,39.078362716763,"ARGO float 2902391 on cycle 177 reported data on 2020-08-11 at location 15.1°N, 60.1°E. The profile measured temperatures from 8.8°C to 24.9°C and salinities around 39.1 PSU."
2902391,178,15.36106,59.93441,2020-08-20 18:57:50.002013747,8.598,25.982,39.00912482662968,"ARGO float 2902391 on cycle 178 reported data on 2020-08-20 at location 15.4°N, 59.9°E. The profile measured temperatures from 8.6°C to 26.0°C and salinities around 39.0 PSU."
2902391,179,15.4482,59.73402,2020-08-30 16:55:10.001796346,3.08,25.724,39.50792932575142,"ARGO float 2902391 on cycle 179 reported data on 2020-08-30 at location 15.4°N, 59.7°E. The profile measured temperatures from 3.1°C to 25.7°C and salinities around 39.5 PSU."
2902392,179,7.04858,52.16987,2020-08-07 15:36:20.001661585,2.908,26.866,35.190678541136556,"ARGO float 2902392 on cycle 179 reported data on 2020-08-07 at location 7.0°N, 52.2°E. The profile measured temperatures from 2.9°C to 26.9°C and salinities around 35.2 PSU."
2902392,180,7.8458,52.8374,2020-08-17 07:10:28.000765488,8.968,26.601,35.46881927710843,"ARGO float 2902392 on cycle 180 reported data on 2020-08-17 at location 7.8°N, 52.8°E. The profile measured temperatures from 9.0°C to 26.6°C and salinities around 35.5 PSU."
2902392,181,8.26328,52.16806,2020-08-26 22:35:22.002411307,8.363,26.586,35.42624183976261,"ARGO float 2902392 on cycle 181 reported data on 2020-08-26 at location 8.3°N, 52.2°E. The profile measured temperatures from 8.4°C to 26.6°C and salinities around 35.4 PSU."
2902393,176,11.98083,70.01179,2020-08-08 07:20:04.000780066,7.565,28.27,35.68170857142857,"ARGO float 2902393 on cycle 176 reported data on 2020-08-08 at location 12.0°N, 70.0°E. The profile measured temperatures from 7.6°C to 28.3°C and salinities around 35.7 PSU."
2902393,177,12.35731,70.06755,2020-08-18 05:02:21.000539224,3.074,28.111,35.4327514450867,"ARGO float 2902393 on cycle 177 reported data on 2020-08-18 at location 12.4°N, 70.1°E. The profile measured temperatures from 3.1°C to 28.1°C and salinities around 35.4 PSU."
2902393,178,12.51008,70.16394,2020-08-27 21:01:36.002254434,7.866,28.47,35.73251709401709,"ARGO float 2902393 on cycle 178 reported data on 2020-08-27 at location 12.5°N, 70.2°E. The profile measured temperatures from 7.9°C to 28.5°C and salinities around 35.7 PSU."
2902394,175,8.455,85.12368,2020-08-06 22:47:08.002428613,6.778,28.873,35.04189688715953,"ARGO float 2902394 on cycle 175 reported data on 2020-08-06 at location 8.5°N, 85.1°E. The profile measured temperatures from 6.8°C to 28.9°C and salinities around 35.0 PSU."
2902394,176,8.14299,85.34948,2020-08-16 21:23:48.002286379,2.493,29.218,34.91548823529412,"ARGO float 2902394 on cycle 176 reported data on 2020-08-16 at location 8.1°N, 85.3°E. The profile measured temperatures from 2.5°C to 29.2°C and salinities around 34.9 PSU."
2902394,177,8.40059,85.35621,2020-08-26 13:32:02.001441079,6.48,29.415,35.00085404339251,"ARGO float 2902394 on cycle 177 reported data on 2020-08-26 at location 8.4°N, 85.4°E. The profile measured temperatures from 6.5°C to 29.4°C and salinities around 35.0 PSU."
2902395,175,3.57001,78.92116,2020-08-06 23:37:38.002521472,6.468,28.684,35.15461517615176,"ARGO float 2902395 on cycle 175 reported data on 2020-08-06 at location 3.6°N, 78.9°E. The profile measured temperatures from 6.5°C to 28.7°C and salinities around 35.2 PSU."
2902395,176,3.61576,79.53887,2020-08-16 15:23:54.001642790,6.596,29.624,35.202945429740794,"ARGO float 2902395 on cycle 176 reported data on 2020-08-16 at location 3.6°N, 79.5°E. The profile measured temperatures from 6.6°C to 29.6°C and salinities around 35.2 PSU."
2902395,177,3.87252,80.48748,2020-08-26 07:07:15.000761236,6.494,30.714,35.16851420454545,"ARGO float 2902395 on cycle 177 reported data on 2020-08-26 at location 3.9°N, 80.5°E. The profile measured temperatures from 6.5°C to 30.7°C and salinities around 35.2 PSU."
2902396,175,0.11618,68.71732,2020-08-05 06:23:36.000677074,3.23,29.667,34.95204162895928,"ARGO float 2902396 on cycle 175 reported data on 2020-08-05 at location 0.1°N, 68.7°E. The profile measured temperatures from 3.2°C to 29.7°C and salinities around 35.0 PSU."
2902396,176,-0.03982,68.66238,2020-08-15 02:38:50.000269531,3.196,29.798,34.94318951965065,"ARGO float 2902396 on cycle 176 reported data on 2020-08-15 at location 0.0°S, 68.7°E. The profile measured temperatures from 3.2°C to 29.8°C and salinities around 34.9 PSU."
2902396,177,0.64829,68.70219,2020-08-24 22:50:05.002432897,3.039,30.016,34.95039310344828,"ARGO float 2902396 on cycle 177 reported data on 2020-08-24 at location 0.6°N, 68.7°E. The profile measured temperatures from 3.0°C to 30.0°C and salinities around 35.0 PSU."
2902397,175,0.67468,83.67259,2020-08-01 20:09:10.002158663,6.761,29.285,31.117463448275863,"ARGO float 2902397 on cycle 175 reported data on 2020-08-01 at location 0.7°N, 83.7°E. The profile measured temperatures from 6.8°C to 29.3°C and salinities around 31.1 PSU."
2902397,176,0.56884,81.50522,2020-08-11 15:42:32.001670281,3.424,29.653,31.228487712665405,"ARGO float 2902397 on cycle 176 reported data on 2020-08-11 at location 0.6°N, 81.5°E. The profile measured temperatures from 3.4°C to 29.7°C and salinities around 31.2 PSU."
2902397,177,0.21035,80.09409,2020-08-21 07:37:44.000804688,6.73,30.639,31.061865439093484,"ARGO float 2902397 on cycle 177 reported data on 2020-08-21 at location 0.2°N, 80.1°E. The profile measured temperatures from 6.7°C to 30.6°C and salinities around 31.1 PSU."
2902397,178,0.1909,79.99219,2020-08-30 23:37:49.002521211,6.483,29.548,31.00080300957592,"ARGO float 2902397 on cycle 178 reported data on 2020-08-30 at location 0.2°N, 80.0°E. The profile measured temperatures from 6.5°C to 29.5°C and salinities around 31.0 PSU."
2902398,175,3.61009,84.93935,2020-08-03 23:00:39.002467633,6.538,28.742,17.112439606741574,"ARGO float 2902398 on cycle 175 reported data on 2020-08-03 at location 3.6°N, 84.9°E. The profile measured temperatures from 6.5°C to 28.7°C and salinities around 17.1 PSU."
2902398,176,3.53131,85.20177,2020-08-13 15:02:33.001612091,6.513,28.44,17.00588718662953,"ARGO float 2902398 on cycle 176 reported data on 2020-08-13 at location 3.5°N, 85.2°E. The profile measured temperatures from 6.5°C to 28.4°C and salinities around 17.0 PSU."
2902398,177,3.52812,85.18008,2020-08-23 07:04:57.000756642,6.835,29.266,16.951152661064427,"ARGO float 2902398 on cycle 177 reported data on 2020-08-23 at location 3.5°N, 85.2°E. The profile measured temperatures from 6.8°C to 29.3°C and salinities around 17.0 PSU."
2902581,226,-37.733,77.926,2020-08-07 23:55:55.999995764,3.73,12.537,34.87209459459459,"ARGO float 2902581 on cycle 226 reported data on 2020-08-07 at location 37.7°S, 77.9°E. The profile measured temperatures from 3.7°C to 12.5°C and salinities around 34.9 PSU."
2902581,227,-37.727,77.845,2020-08-18 00:25:05.000004174,5.507,12.278,34.92809677419355,"ARGO float 2902581 on cycle 227 reported data on 2020-08-18 at location 37.7°S, 77.8°E. The profile measured temperatures from 5.5°C to 12.3°C and salinities around 34.9 PSU."
2902581,228,-37.331,76.984,2020-08-27 23:51:35.999997851,2.62,12.282,34.765524752475244,"ARGO float 2902581 on cycle 228 reported data on 2020-08-27 at location 37.3°S, 77.0°E. The profile measured temperatures from 2.6°C to 12.3°C and salinities around 34.8 PSU."
2902586,228,-22.558,81.861,2020-08-08 23:41:45.000004917,2.571,21.458,34.980940594059405,"ARGO float 2902586 on cycle 228 reported data on 2020-08-08 at location 22.6°S, 81.9°E. The profile measured temperatures from 2.6°C to 21.5°C and salinities around 35.0 PSU."
2902586,229,-22.93,82.015,2020-08-18 23:19:21.999997122,2.539,21.347,34.97230693069307,"ARGO float 2902586 on cycle 229 reported data on 2020-08-18 at location 22.9°S, 82.0°E. The profile measured temperatures from 2.5°C to 21.3°C and salinities around 35.0 PSU."
2902586,230,-23.393,81.851,2020-08-28 23:05:47.000002113,2.487,21.213,34.96833,"ARGO float 2902586 on cycle 230 reported data on 2020-08-28 at location 23.4°S, 81.9°E. The profile measured temperatures from 2.5°C to 21.2°C and salinities around 35.0 PSU."
2902588,226,-23.569,94.166,2020-08-02 00:10:50.000004842,2.512,22.365,35.870930693069305,"ARGO float 2902588 on cycle 226 reported data on 2020-08-02 at location 23.6°S, 94.2°E. The profile measured temperatures from 2.5°C to 22.4°C and salinities around 35.9 PSU."
2902588,227,-23.584,94.16,2020-08-11 23:22:19.999997244,2.537,21.207,35.92534343434343,"ARGO float 2902588 on cycle 227 reported data on 2020-08-11 at location 23.6°S, 94.2°E. The profile measured temperatures from 2.5°C to 21.2°C and salinities around 35.9 PSU."
2902588,228,-23.666,94.377,2020-08-22 00:14:48.000001384,2.495,21.736,35.96831,"ARGO float 2902588 on cycle 228 reported data on 2020-08-22 at location 23.7°S, 94.4°E. The profile measured temperatures from 2.5°C to 21.7°C and salinities around 36.0 PSU."
2902588,229,-23.95,94.808,2020-08-31 23:23:55.000004991,2.535,20.849,36.14839603960396,"ARGO float 2902588 on cycle 229 reported data on 2020-08-31 at location 23.9°S, 94.8°E. The profile measured temperatures from 2.5°C to 20.8°C and salinities around 36.1 PSU."
2902594,226,-29.807,101.177,2020-08-08 00:22:44.999999109,2.514,18.368,35.02058,"ARGO float 2902594 on cycle 226 reported data on 2020-08-08 at location 29.8°S, 101.2°E. The profile measured temperatures from 2.5°C to 18.4°C and salinities around 35.0 PSU."
2902594,227,-29.662,101.105,2020-08-18 00:51:59.000000506,2.49,18.085,35.00868,"ARGO float 2902594 on cycle 227 reported data on 2020-08-18 at location 29.7°S, 101.1°E. The profile measured temperatures from 2.5°C to 18.1°C and salinities around 35.0 PSU."
2902594,228,-29.819,100.94,2020-08-28 00:41:47.000000777,2.415,17.69,34.99706862745098,"ARGO float 2902594 on cycle 228 reported data on 2020-08-28 at location 29.8°S, 100.9°E. The profile measured temperatures from 2.4°C to 17.7°C and salinities around 35.0 PSU."
2902596,227,11.916,89.002,2020-08-10 00:09:36.000003890,2.701,29.09,34.63327,"ARGO float 2902596 on cycle 227 reported data on 2020-08-10 at location 11.9°N, 89.0°E. The profile measured temperatures from 2.7°C to 29.1°C and salinities around 34.6 PSU."
2902596,228,11.82,88.803,2020-08-20 00:30:50.000003729,2.703,29.231,34.672414141414144,"ARGO float 2902596 on cycle 228 reported data on 2020-08-20 at location 11.8°N, 88.8°E. The profile measured temperatures from 2.7°C to 29.2°C and salinities around 34.7 PSU."
2902596,229,11.713,88.803,2020-08-30 00:06:33.999995292,2.657,29.13,34.58053465346535,"ARGO float 2902596 on cycle 229 reported data on 2020-08-30 at location 11.7°N, 88.8°E. The profile measured temperatures from 2.7°C to 29.1°C and salinities around 34.6 PSU."
2902600,216,-29.608,97.475,2020-08-09 01:02:22.999995502,2.377,17.415,34.9525612244898,"ARGO float 2902600 on cycle 216 reported data on 2020-08-09 at location 29.6°S, 97.5°E. The profile measured temperatures from 2.4°C to 17.4°C and salinities around 35.0 PSU."
2902600,217,-29.373,96.673,2020-08-19 00:51:23.000004668,2.327,17.147,34.94737,"ARGO float 2902600 on cycle 217 reported data on 2020-08-19 at location 29.4°S, 96.7°E. The profile measured temperatures from 2.3°C to 17.1°C and salinities around 34.9 PSU."
2902600,218,-28.749,96.582,2020-08-29 00:34:51.999998689,2.391,17.185,34.95036,"ARGO float 2902600 on cycle 218 reported data on 2020-08-29 at location 28.7°S, 96.6°E. The profile measured temperatures from 2.4°C to 17.2°C and salinities around 35.0 PSU."
2902609,215,5.352,63.05,2020-08-08 00:33:04.000001100,2.951,28.814,35.299949999999995,"ARGO float 2902609 on cycle 215 reported data on 2020-08-08 at location 5.4°N, 63.0°E. The profile measured temperatures from 3.0°C to 28.8°C and salinities around 35.3 PSU."
2902609,216,5.491,62.962,2020-08-18 00:59:48.999995960,3.022,28.515,35.30974257425743,"ARGO float 2902609 on cycle 216 reported data on 2020-08-18 at location 5.5°N, 63.0°E. The profile measured temperatures from 3.0°C to 28.5°C and salinities around 35.3 PSU."
2902609,217,5.617,62.671,2020-08-28 00:09:44.999995305,3.012,28.685,35.35687128712871,"ARGO float 2902609 on cycle 217 reported data on 2020-08-28 at location 5.6°N, 62.7°E. The profile measured temperatures from 3.0°C to 28.7°C and salinities around 35.4 PSU."
2902614,218,-0.927,95.953,2020-08-05 23:52:42.000001965,2.791,29.532,34.8260202020202,"ARGO float 2902614 on cycle 218 reported data on 2020-08-05 at location 0.9°S, 96.0°E. The profile measured temperatures from 2.8°C to 29.5°C and salinities around 34.8 PSU."
2902614,219,-1.171,95.642,2020-08-15 23:19:28.999999392,2.849,30.077,34.8239405940594,"ARGO float 2902614 on cycle 219 reported data on 2020-08-15 at location 1.2°S, 95.6°E. The profile measured temperatures from 2.8°C to 30.1°C and salinities around 34.8 PSU."
2902614,220,-1.149,95.576,2020-08-25 23:24:08.999999467,2.98,29.798,34.81084158415842,"ARGO float 2902614 on cycle 220 reported data on 2020-08-25 at location 1.1°S, 95.6°E. The profile measured temperatures from 3.0°C to 29.8°C and salinities around 34.8 PSU."
2902619,215,11.045,56.795,2020-08-09 01:05:18.999996406,3.057,26.706,35.409279999999995,"ARGO float 2902619 on cycle 215 reported data on 2020-08-09 at location 11.0°N, 56.8°E. The profile measured temperatures from 3.1°C to 26.7°C and salinities around 35.4 PSU."
2902619,216,11.402,56.31,2020-08-19 00:47:54.999996270,3.206,27.252,35.41350505050505,"ARGO float 2902619 on cycle 216 reported data on 2020-08-19 at location 11.4°N, 56.3°E. The profile measured temperatures from 3.2°C to 27.3°C and salinities around 35.4 PSU."
2902619,217,11.768,55.793,2020-08-29 01:20:34.999996799,3.418,26.766,35.43250505050505,"ARGO float 2902619 on cycle 217 reported data on 2020-08-29 at location 11.8°N, 55.8°E. The profile measured temperatures from 3.4°C to 26.8°C and salinities around 35.4 PSU."
2902622,212,4.864,54.407,2020-08-04 00:59:01.999999432,3.191,26.775,35.26892,"ARGO float 2902622 on cycle 212 reported data on 2020-08-04 at location 4.9°N, 54.4°E. The profile measured temperatures from 3.2°C to 26.8°C and salinities around 35.3 PSU."
2902622,213,3.542,53.437,2020-08-14 01:46:41.000002026,2.975,26.861,35.223858585858586,"ARGO float 2902622 on cycle 213 reported data on 2020-08-14 at location 3.5°N, 53.4°E. The profile measured temperatures from 3.0°C to 26.9°C and salinities around 35.2 PSU."
2902622,214,2.801,53.095,2020-08-24 01:32:43.999995589,2.757,25.056,35.1240594059406,"ARGO float 2902622 on cycle 214 reported data on 2020-08-24 at location 2.8°N, 53.1°E. The profile measured temperatures from 2.8°C to 25.1°C and salinities around 35.1 PSU."
2902652,212,11.053,58.372,2020-08-09 01:05:07.000001148,3.221,25.907,35.40301,"ARGO float 2902652 on cycle 212 reported data on 2020-08-09 at location 11.1°N, 58.4°E. The profile measured temperatures from 3.2°C to 25.9°C and salinities around 35.4 PSU."
2902652,213,11.289,58.477,2020-08-19 00:47:39.000002593,3.286,26.417,35.39708,"ARGO float 2902652 on cycle 213 reported data on 2020-08-19 at location 11.3°N, 58.5°E. The profile measured temperatures from 3.3°C to 26.4°C and salinities around 35.4 PSU."
2902652,214,11.075,58.455,2020-08-29 00:34:01.999998318,3.22,26.622,35.42115841584158,"ARGO float 2902652 on cycle 214 reported data on 2020-08-29 at location 11.1°N, 58.5°E. The profile measured temperatures from 3.2°C to 26.6°C and salinities around 35.4 PSU."
2902659,211,3.443,52.881,2020-08-10 00:58:32.999995799,3.156,25.756,35.089255102040816,"ARGO float 2902659 on cycle 211 reported data on 2020-08-10 at location 3.4°N, 52.9°E. The profile measured temperatures from 3.2°C to 25.8°C and salinities around 35.1 PSU."
2902659,212,3.279,51.59,2020-08-20 00:59:09.999996270,2.807,25.368,35.09511764705883,"ARGO float 2902659 on cycle 212 reported data on 2020-08-20 at location 3.3°N, 51.6°E. The profile measured temperatures from 2.8°C to 25.4°C and salinities around 35.1 PSU."
2902659,213,3.01,51.103,2020-08-30 00:47:04.999995899,2.743,25.953,35.05485858585859,"ARGO float 2902659 on cycle 213 reported data on 2020-08-30 at location 3.0°N, 51.1°E. The profile measured temperatures from 2.7°C to 26.0°C and salinities around 35.1 PSU."
2902669,182,1.277,80.835,2020-08-08 23:28:52.000003384,2.98,29.507,34.85935,"ARGO float 2902669 on cycle 182 reported data on 2020-08-08 at location 1.3°N, 80.8°E. The profile measured temperatures from 3.0°C to 29.5°C and salinities around 34.9 PSU."
2902669,183,1.889,79.662,2020-08-19 01:23:30.999997703,2.89,30.096,34.91247,"ARGO float 2902669 on cycle 183 reported data on 2020-08-19 at location 1.9°N, 79.7°E. The profile measured temperatures from 2.9°C to 30.1°C and salinities around 34.9 PSU."
2902669,184,2.449,79.321,2020-08-28 23:37:24.999996947,3.015,29.435,34.94393,"ARGO float 2902669 on cycle 184 reported data on 2020-08-28 at location 2.4°N, 79.3°E. The profile measured temperatures from 3.0°C to 29.4°C and salinities around 34.9 PSU."
2902680,149,9.943,89.498,2020-08-03 10:04:11.000003139,2.619,29.284,34.74191891891892,"ARGO float 2902680 on cycle 149 reported data on 2020-08-03 at location 9.9°N, 89.5°E. The profile measured temperatures from 2.6°C to 29.3°C and salinities around 34.7 PSU."
2902680,150,10.473,89.677,2020-08-13 10:25:58.999999615,2.927,29.12,34.70341891891892,"ARGO float 2902680 on cycle 150 reported data on 2020-08-13 at location 10.5°N, 89.7°E. The profile measured temperatures from 2.9°C to 29.1°C and salinities around 34.7 PSU."
2902680,151,11.088,90.218,2020-08-23 10:15:33.999999986,2.893,29.421,34.675554054054054,"ARGO float 2902680 on cycle 151 reported data on 2020-08-23 at location 11.1°N, 90.2°E. The profile measured temperatures from 2.9°C to 29.4°C and salinities around 34.7 PSU."
2902682,151,4.904,85.147,2020-08-10 00:49:43.000003917,2.969,28.285,34.93817567567568,"ARGO float 2902682 on cycle 151 reported data on 2020-08-10 at location 4.9°N, 85.1°E. The profile measured temperatures from 3.0°C to 28.3°C and salinities around 34.9 PSU."
2902682,152,4.675,85.937,2020-08-20 00:32:10.999996886,2.905,28.862,34.93739189189189,"ARGO float 2902682 on cycle 152 reported data on 2020-08-20 at location 4.7°N, 85.9°E. The profile measured temperatures from 2.9°C to 28.9°C and salinities around 34.9 PSU."
2902682,153,5.175,86.466,2020-08-30 00:49:54.000004607,3.168,29.292,34.819986486486485,"ARGO float 2902682 on cycle 153 reported data on 2020-08-30 at location 5.2°N, 86.5°E. The profile measured temperatures from 3.2°C to 29.3°C and salinities around 34.8 PSU."
2902764,25,5.268,89.389,2020-08-09 05:52:36.999998912,2.898,28.911,34.759470588235295,"ARGO float 2902764 on cycle 25 reported data on 2020-08-09 at location 5.3°N, 89.4°E. The profile measured temperatures from 2.9°C to 28.9°C and salinities around 34.8 PSU."
2902764,26,4.728,89.16,2020-08-19 05:43:55.000003877,2.801,29.576,34.74206,"ARGO float 2902764 on cycle 26 reported data on 2020-08-19 at location 4.7°N, 89.2°E. The profile measured temperatures from 2.8°C to 29.6°C and salinities around 34.7 PSU."
2902764,27,4.586,89.012,2020-08-29 05:46:25.999999567,2.794,29.787,34.70057425742574,"ARGO float 2902764 on cycle 27 reported data on 2020-08-29 at location 4.6°N, 89.0°E. The profile measured temperatures from 2.8°C to 29.8°C and salinities around 34.7 PSU."
2902765,19,10.161,84.849,2020-08-01 05:26:00.999995467,2.837,29.147,34.77318811881188,"ARGO float 2902765 on cycle 19 reported data on 2020-08-01 at location 10.2°N, 84.8°E. The profile measured temperatures from 2.8°C to 29.1°C and salinities around 34.8 PSU."
2902765,20,10.018,84.749,2020-08-11 05:31:48.999998864,2.796,29.189,34.68502,"ARGO float 2902765 on cycle 20 reported data on 2020-08-11 at location 10.0°N, 84.7°E. The profile measured temperatures from 2.8°C to 29.2°C and salinities around 34.7 PSU."
2902765,21,9.911,84.416,2020-08-21 05:36:43.999998048,2.75,29.377,34.69593,"ARGO float 2902765 on cycle 21 reported data on 2020-08-21 at location 9.9°N, 84.4°E. The profile measured temperatures from 2.8°C to 29.4°C and salinities around 34.7 PSU."
2902765,22,9.977,83.988,2020-08-31 05:21:33.000000716,2.692,29.726,34.74111764705882,"ARGO float 2902765 on cycle 22 reported data on 2020-08-31 at location 10.0°N, 84.0°E. The profile measured temperatures from 2.7°C to 29.7°C and salinities around 34.7 PSU."
2902766,19,13.179,89.744,2020-08-05 05:35:53.999997676,2.755,29.146,34.54309900990099,"ARGO float 2902766 on cycle 19 reported data on 2020-08-05 at location 13.2°N, 89.7°E. The profile measured temperatures from 2.8°C to 29.1°C and salinities around 34.5 PSU."
2902766,20,12.76,89.451,2020-08-15 05:29:24.000000803,2.722,28.99,34.59572,"ARGO float 2902766 on cycle 20 reported data on 2020-08-15 at location 12.8°N, 89.5°E. The profile measured temperatures from 2.7°C to 29.0°C and salinities around 34.6 PSU."
2902766,21,12.424,89.384,2020-08-25 05:31:30.000001344,2.696,29.123,34.57402,"ARGO float 2902766 on cycle 21 reported data on 2020-08-25 at location 12.4°N, 89.4°E. The profile measured temperatures from 2.7°C to 29.1°C and salinities around 34.6 PSU."
2902767,23,-1.941,84.764,2020-08-07 05:31:24.999998283,2.75,29.76,34.86642156862745,"ARGO float 2902767 on cycle 23 reported data on 2020-08-07 at location 1.9°S, 84.8°E. The profile measured temperatures from 2.8°C to 29.8°C and salinities around 34.9 PSU."
2902767,24,-2.559,85.788,2020-08-17 05:44:49.000002668,2.79,30.002,34.85969607843137,"ARGO float 2902767 on cycle 24 reported data on 2020-08-17 at location 2.6°S, 85.8°E. The profile measured temperatures from 2.8°C to 30.0°C and salinities around 34.9 PSU."
2902767,25,-2.532,86.679,2020-08-27 05:37:22.999997737,2.77,29.955,34.842813725490196,"ARGO float 2902767 on cycle 25 reported data on 2020-08-27 at location 2.5°S, 86.7°E. The profile measured temperatures from 2.8°C to 30.0°C and salinities around 34.8 PSU."
2902768,19,15.342,87.07,2020-08-07 05:44:34.999998135,2.937,29.427,34.57805882352941,"ARGO float 2902768 on cycle 19 reported data on 2020-08-07 at location 15.3°N, 87.1°E. The profile measured temperatures from 2.9°C to 29.4°C and salinities around 34.6 PSU."
2902768,20,15.327,86.616,2020-08-17 05:31:43.000001235,2.955,28.933,34.56479207920792,"ARGO float 2902768 on cycle 20 reported data on 2020-08-17 at location 15.3°N, 86.6°E. The profile measured temperatures from 3.0°C to 28.9°C and salinities around 34.6 PSU."
2902768,21,15.269,86.067,2020-08-27 05:23:59.000003410,3.0,28.838,34.58565,"ARGO float 2902768 on cycle 21 reported data on 2020-08-27 at location 15.3°N, 86.1°E. The profile measured temperatures from 3.0°C to 28.8°C and salinities around 34.6 PSU."
2902769,19,12.527,87.783,2020-08-06 05:34:15.000001567,2.864,29.335,34.61462745098039,"ARGO float 2902769 on cycle 19 reported data on 2020-08-06 at location 12.5°N, 87.8°E. The profile measured temperatures from 2.9°C to 29.3°C and salinities around 34.6 PSU."
2902769,20,12.242,87.932,2020-08-16 05:35:23.000004890,2.874,29.271,34.64186274509804,"ARGO float 2902769 on cycle 20 reported data on 2020-08-16 at location 12.2°N, 87.9°E. The profile measured temperatures from 2.9°C to 29.3°C and salinities around 34.6 PSU."
2902769,21,12.049,87.915,2020-08-26 05:28:02.999997589,2.748,29.222,34.59368316831683,"ARGO float 2902769 on cycle 21 reported data on 2020-08-26 at location 12.0°N, 87.9°E. The profile measured temperatures from 2.7°C to 29.2°C and salinities around 34.6 PSU."
2902770,18,12.651,91.24,2020-08-07 05:28:28.000002803,2.754,29.155,34.58335,"ARGO float 2902770 on cycle 18 reported data on 2020-08-07 at location 12.7°N, 91.2°E. The profile measured temperatures from 2.8°C to 29.2°C and salinities around 34.6 PSU."
2902770,19,13.068,91.284,2020-08-17 05:20:50.000002607,2.759,29.084,34.58572,"ARGO float 2902770 on cycle 19 reported data on 2020-08-17 at location 13.1°N, 91.3°E. The profile measured temperatures from 2.8°C to 29.1°C and salinities around 34.6 PSU."
2902770,20,13.526,91.236,2020-08-27 05:18:55.000002755,2.826,29.254,34.57548,"ARGO float 2902770 on cycle 20 reported data on 2020-08-27 at location 13.5°N, 91.2°E. The profile measured temperatures from 2.8°C to 29.3°C and salinities around 34.6 PSU."
2902771,29,8.893,86.544,2020-08-03 05:30:56.000004707,2.836,28.878,34.83667676767677,"ARGO float 2902771 on cycle 29 reported data on 2020-08-03 at location 8.9°N, 86.5°E. The profile measured temperatures from 2.8°C to 28.9°C and salinities around 34.8 PSU."
2902771,30,8.57,86.44,2020-08-08 05:33:51.000000986,2.707,28.905,34.85204,"ARGO float 2902771 on cycle 30 reported data on 2020-08-08 at location 8.6°N, 86.4°E. The profile measured temperatures from 2.7°C to 28.9°C and salinities around 34.9 PSU."
2902771,31,8.26,86.351,2020-08-13 05:31:56.000001135,2.739,29.074,34.78334653465347,"ARGO float 2902771 on cycle 31 reported data on 2020-08-13 at location 8.3°N, 86.4°E. The profile measured temperatures from 2.7°C to 29.1°C and salinities around 34.8 PSU."
2902771,32,8.155,86.305,2020-08-18 05:09:24.999996502,2.663,29.011,34.82264356435643,"ARGO float 2902771 on cycle 32 reported data on 2020-08-18 at location 8.2°N, 86.3°E. The profile measured temperatures from 2.7°C to 29.0°C and salinities around 34.8 PSU."
2902771,33,8.207,86.241,2020-08-23 05:20:59.999998655,2.64,29.189,34.822673267326735,"ARGO float 2902771 on cycle 33 reported data on 2020-08-23 at location 8.2°N, 86.2°E. The profile measured temperatures from 2.6°C to 29.2°C and salinities around 34.8 PSU."
2902771,34,8.312,86.183,2020-08-28 05:24:16.999996305,2.755,29.515,34.80333,"ARGO float 2902771 on cycle 34 reported data on 2020-08-28 at location 8.3°N, 86.2°E. The profile measured temperatures from 2.8°C to 29.5°C and salinities around 34.8 PSU."
2902772,18,15.031,92.776,2020-08-07 05:38:18.999995737,2.928,29.163,34.551019801980196,"ARGO float 2902772 on cycle 18 reported data on 2020-08-07 at location 15.0°N, 92.8°E. The profile measured temperatures from 2.9°C to 29.2°C and salinities around 34.6 PSU."
2902772,19,15.206,93.112,2020-08-17 05:34:20.999999196,2.987,29.019,34.51776470588235,"ARGO float 2902772 on cycle 19 reported data on 2020-08-17 at location 15.2°N, 93.1°E. The profile measured temperatures from 3.0°C to 29.0°C and salinities around 34.5 PSU."
2902772,20,15.232,92.848,2020-08-27 05:29:55.999998222,2.869,29.094,34.51183168316832,"ARGO float 2902772 on cycle 20 reported data on 2020-08-27 at location 15.2°N, 92.8°E. The profile measured temperatures from 2.9°C to 29.1°C and salinities around 34.5 PSU."
2902773,24,-5.8,79.125,2020-08-07 05:30:16.000000384,2.676,29.0,34.84696078431372,"ARGO float 2902773 on cycle 24 reported data on 2020-08-07 at location 5.8°S, 79.1°E. The profile measured temperatures from 2.7°C to 29.0°C and salinities around 34.8 PSU."
2902773,25,-5.881,79.181,2020-08-17 05:29:50.000000593,2.663,28.57,34.83291,"ARGO float 2902773 on cycle 25 reported data on 2020-08-17 at location 5.9°S, 79.2°E. The profile measured temperatures from 2.7°C to 28.6°C and salinities around 34.8 PSU."
2902773,26,-5.782,79.13,2020-08-27 05:25:54.999997838,2.632,27.746,34.849372549019606,"ARGO float 2902773 on cycle 26 reported data on 2020-08-27 at location 5.8°S, 79.1°E. The profile measured temperatures from 2.6°C to 27.7°C and salinities around 34.8 PSU."
2902774,24,0.635,94.314,2020-08-10 05:41:01.999996751,2.967,30.385,34.80221782178218,"ARGO float 2902774 on cycle 24 reported data on 2020-08-10 at location 0.6°N, 94.3°E. The profile measured temperatures from 3.0°C to 30.4°C and salinities around 34.8 PSU."
2902774,25,0.847,93.811,2020-08-20 05:48:28.000001681,2.772,30.815,34.781851485148515,"ARGO float 2902774 on cycle 25 reported data on 2020-08-20 at location 0.8°N, 93.8°E. The profile measured temperatures from 2.8°C to 30.8°C and salinities around 34.8 PSU."
2902774,26,0.762,94.07,2020-08-30 05:26:18.999998419,2.859,29.93,34.78022549019608,"ARGO float 2902774 on cycle 26 reported data on 2020-08-30 at location 0.8°N, 94.1°E. The profile measured temperatures from 2.9°C to 29.9°C and salinities around 34.8 PSU."
2902775,21,5.698,78.63,2020-08-02 05:30:14.999995751,2.843,28.442,34.96348484848485,"ARGO float 2902775 on cycle 21 reported data on 2020-08-02 at location 5.7°N, 78.6°E. The profile measured temperatures from 2.8°C to 28.4°C and salinities around 35.0 PSU."
2902775,22,5.404,78.405,2020-08-12 05:25:28.999998048,2.8,27.964,34.94117647058823,"ARGO float 2902775 on cycle 22 reported data on 2020-08-12 at location 5.4°N, 78.4°E. The profile measured temperatures from 2.8°C to 28.0°C and salinities around 34.9 PSU."
2902775,23,4.789,77.962,2020-08-22 05:34:13.000002358,2.77,29.523,34.9895,"ARGO float 2902775 on cycle 23 reported data on 2020-08-22 at location 4.8°N, 78.0°E. The profile measured temperatures from 2.8°C to 29.5°C and salinities around 35.0 PSU."
2902777,23,-1.767,89.084,2020-08-08 05:35:18.999996406,2.693,30.014,34.865770000000005,"ARGO float 2902777 on cycle 23 reported data on 2020-08-08 at location 1.8°S, 89.1°E. The profile measured temperatures from 2.7°C to 30.0°C and salinities around 34.9 PSU."
2902777,24,-1.537,88.392,2020-08-18 05:43:00.000000445,2.81,30.795,34.83857843137255,"ARGO float 2902777 on cycle 24 reported data on 2020-08-18 at location 1.5°S, 88.4°E. The profile measured temperatures from 2.8°C to 30.8°C and salinities around 34.8 PSU."
2902777,25,-0.718,87.894,2020-08-28 05:26:24.999996048,2.745,29.778,34.79301980198019,"ARGO float 2902777 on cycle 25 reported data on 2020-08-28 at location 0.7°S, 87.9°E. The profile measured temperatures from 2.7°C to 29.8°C and salinities around 34.8 PSU."
2902778,23,2.175,86.383,2020-08-10 05:14:26.000003371,2.727,29.129,34.77717821782178,"ARGO float 2902778 on cycle 23 reported data on 2020-08-10 at location 2.2°N, 86.4°E. The profile measured temperatures from 2.7°C to 29.1°C and salinities around 34.8 PSU."
2902778,24,2.542,86.225,2020-08-20 05:29:50.000000593,2.707,29.481,34.806138613861386,"ARGO float 2902778 on cycle 24 reported data on 2020-08-20 at location 2.5°N, 86.2°E. The profile measured temperatures from 2.7°C to 29.5°C and salinities around 34.8 PSU."
2902778,25,2.064,86.265,2020-08-30 05:26:18.999998419,2.652,29.758,34.85212745098039,"ARGO float 2902778 on cycle 25 reported data on 2020-08-30 at location 2.1°N, 86.3°E. The profile measured temperatures from 2.7°C to 29.8°C and salinities around 34.9 PSU."
2902780,22,-18.774,105.082,2020-08-08 10:16:59.999996196,2.569,25.198,34.86800877192982,"ARGO float 2902780 on cycle 22 reported data on 2020-08-08 at location 18.8°S, 105.1°E. The profile measured temperatures from 2.6°C to 25.2°C and salinities around 34.9 PSU."
2902780,23,-19.008,104.91,2020-08-18 10:47:59.999995973,2.56,25.354,34.897530973451325,"ARGO float 2902780 on cycle 23 reported data on 2020-08-18 at location 19.0°S, 104.9°E. The profile measured temperatures from 2.6°C to 25.4°C and salinities around 34.9 PSU."
2902780,24,-19.153,104.864,2020-08-28 11:20:00.000002235,2.534,25.161,34.85834210526316,"ARGO float 2902780 on cycle 24 reported data on 2020-08-28 at location 19.2°S, 104.9°E. The profile measured temperatures from 2.5°C to 25.2°C and salinities around 34.9 PSU."
2902781,22,-16.197,110.084,2020-08-07 07:19:59.999995528,2.571,25.779,34.74077192982456,"ARGO float 2902781 on cycle 22 reported data on 2020-08-07 at location 16.2°S, 110.1°E. The profile measured temperatures from 2.6°C to 25.8°C and salinities around 34.7 PSU."
2902781,23,-16.258,110.534,2020-08-17 08:00:59.999999777,2.546,26.225,34.76857142857143,"ARGO float 2902781 on cycle 23 reported data on 2020-08-17 at location 16.3°S, 110.5°E. The profile measured temperatures from 2.5°C to 26.2°C and salinities around 34.8 PSU."
2902781,24,-16.377,111.023,2020-08-27 08:18:59.999995751,2.483,26.121,34.74832743362832,"ARGO float 2902781 on cycle 24 reported data on 2020-08-27 at location 16.4°S, 111.0°E. The profile measured temperatures from 2.5°C to 26.1°C and salinities around 34.7 PSU."
2902782,22,-13.127,105.129,2020-08-06 04:12:00.000004026,2.65,26.894,34.57905309734513,"ARGO float 2902782 on cycle 22 reported data on 2020-08-06 at location 13.1°S, 105.1°E. The profile measured temperatures from 2.6°C to 26.9°C and salinities around 34.6 PSU."
2902782,23,-12.985,104.749,2020-08-16 05:31:59.999999554,2.64,26.9,34.580910714285714,"ARGO float 2902782 on cycle 23 reported data on 2020-08-16 at location 13.0°S, 104.7°E. The profile measured temperatures from 2.6°C to 26.9°C and salinities around 34.6 PSU."
2902782,24,-12.539,104.359,2020-08-26 06:25:00.000001113,2.574,26.758,34.604026548672564,"ARGO float 2902782 on cycle 24 reported data on 2020-08-26 at location 12.5°S, 104.4°E. The profile measured temperatures from 2.6°C to 26.8°C and salinities around 34.6 PSU."
2902783,21,-16.589,113.241,2020-08-06 09:53:00.000001567,2.471,26.072,34.768365217391306,"ARGO float 2902783 on cycle 21 reported data on 2020-08-06 at location 16.6°S, 113.2°E. The profile measured temperatures from 2.5°C to 26.1°C and salinities around 34.8 PSU."
2902783,22,-16.503,113.406,2020-08-16 11:14:00.000003572,2.428,25.686,34.78074561403509,"ARGO float 2902783 on cycle 22 reported data on 2020-08-16 at location 16.5°S, 113.4°E. The profile measured temperatures from 2.4°C to 25.7°C and salinities around 34.8 PSU."
2902783,23,-16.471,113.386,2020-08-26 11:46:59.999996196,2.428,26.017,34.76395614035088,"ARGO float 2902783 on cycle 23 reported data on 2020-08-26 at location 16.5°S, 113.4°E. The profile measured temperatures from 2.4°C to 26.0°C and salinities around 34.8 PSU."
2902785,21,-16.293,113.252,2020-08-06 05:08:00.000004917,2.511,25.73,34.78416814159292,"ARGO float 2902785 on cycle 21 reported data on 2020-08-06 at location 16.3°S, 113.3°E. The profile measured temperatures from 2.5°C to 25.7°C and salinities around 34.8 PSU."
2902785,22,-16.166,113.36,2020-08-16 06:14:00.000000222,2.507,25.875,34.7820701754386,"ARGO float 2902785 on cycle 22 reported data on 2020-08-16 at location 16.2°S, 113.4°E. The profile measured temperatures from 2.5°C to 25.9°C and salinities around 34.8 PSU."
2902785,23,-16.102,113.381,2020-08-26 07:21:00.000002013,2.432,26.313,34.75267543859649,"ARGO float 2902785 on cycle 23 reported data on 2020-08-26 at location 16.1°S, 113.4°E. The profile measured temperatures from 2.4°C to 26.3°C and salinities around 34.8 PSU."
2902787,21,-18.0,104.621,2020-08-07 03:42:00.000000668,2.52,25.711,34.83015789473684,"ARGO float 2902787 on cycle 21 reported data on 2020-08-07 at location 18.0°S, 104.6°E. The profile measured temperatures from 2.5°C to 25.7°C and salinities around 34.8 PSU."
2902787,22,-17.986,104.41,2020-08-17 04:27:59.999997096,2.53,25.44,34.865061403508776,"ARGO float 2902787 on cycle 22 reported data on 2020-08-17 at location 18.0°S, 104.4°E. The profile measured temperatures from 2.5°C to 25.4°C and salinities around 34.9 PSU."
2902787,23,-18.017,104.224,2020-08-27 05:31:00.000003126,2.516,25.658,34.55670434782609,"ARGO float 2902787 on cycle 23 reported data on 2020-08-27 at location 18.0°S, 104.2°E. The profile measured temperatures from 2.5°C to 25.7°C and salinities around 34.6 PSU."
2902788,21,-14.551,111.847,2020-08-05 02:42:00.000004026,2.551,26.536,34.640513043478265,"ARGO float 2902788 on cycle 21 reported data on 2020-08-05 at location 14.6°S, 111.8°E. The profile measured temperatures from 2.6°C to 26.5°C and salinities around 34.6 PSU."
2902788,22,-14.117,111.586,2020-08-15 03:19:59.999998886,2.506,26.383,34.65080357142857,"ARGO float 2902788 on cycle 22 reported data on 2020-08-15 at location 14.1°S, 111.6°E. The profile measured temperatures from 2.5°C to 26.4°C and salinities around 34.7 PSU."
2902788,23,-13.854,111.507,2020-08-25 03:45:00.000000000,2.49,26.755,34.64943362831858,"ARGO float 2902788 on cycle 23 reported data on 2020-08-25 at location 13.9°S, 111.5°E. The profile measured temperatures from 2.5°C to 26.8°C and salinities around 34.6 PSU."
2902789,21,-13.75,110.134,2020-08-05 08:00:00.000003349,2.544,26.928,34.64921238938053,"ARGO float 2902789 on cycle 21 reported data on 2020-08-05 at location 13.8°S, 110.1°E. The profile measured temperatures from 2.5°C to 26.9°C and salinities around 34.6 PSU."
2902789,22,-13.482,109.936,2020-08-15 08:57:59.999997096,2.704,26.953,34.65735398230088,"ARGO float 2902789 on cycle 22 reported data on 2020-08-15 at location 13.5°S, 109.9°E. The profile measured temperatures from 2.7°C to 27.0°C and salinities around 34.7 PSU."
2902789,23,-13.046,109.566,2020-08-25 10:35:00.000002235,2.526,26.666,34.63569642857143,"ARGO float 2902789 on cycle 23 reported data on 2020-08-25 at location 13.0°S, 109.6°E. The profile measured temperatures from 2.5°C to 26.7°C and salinities around 34.6 PSU."
2902790,21,-14.043,112.244,2020-08-05 07:54:00.000004694,2.532,26.625,34.59672566371681,"ARGO float 2902790 on cycle 21 reported data on 2020-08-05 at location 14.0°S, 112.2°E. The profile measured temperatures from 2.5°C to 26.6°C and salinities around 34.6 PSU."
2902790,22,-13.684,111.988,2020-08-15 08:46:59.999996196,2.429,26.865,34.61950442477876,"ARGO float 2902790 on cycle 22 reported data on 2020-08-15 at location 13.7°S, 112.0°E. The profile measured temperatures from 2.4°C to 26.9°C and salinities around 34.6 PSU."
2902790,23,-13.531,111.839,2020-08-25 09:33:59.999999109,2.483,26.942,34.668321428571424,"ARGO float 2902790 on cycle 23 reported data on 2020-08-25 at location 13.5°S, 111.8°E. The profile measured temperatures from 2.5°C to 26.9°C and salinities around 34.7 PSU."
2902791,21,-13.877,106.707,2020-08-06 03:16:59.999999554,2.538,26.805,34.331315789473685,"ARGO float 2902791 on cycle 21 reported data on 2020-08-06 at location 13.9°S, 106.7°E. The profile measured temperatures from 2.5°C to 26.8°C and salinities around 34.3 PSU."
2902791,22,-13.549,106.553,2020-08-16 04:38:00.000001567,2.563,26.926,34.59699115044248,"ARGO float 2902791 on cycle 22 reported data on 2020-08-16 at location 13.5°S, 106.6°E. The profile measured temperatures from 2.6°C to 26.9°C and salinities around 34.6 PSU."
2902791,23,-13.609,106.433,2020-08-26 05:40:00.000001113,2.514,26.646,34.63513274336283,"ARGO float 2902791 on cycle 23 reported data on 2020-08-26 at location 13.6°S, 106.4°E. The profile measured temperatures from 2.5°C to 26.6°C and salinities around 34.6 PSU."
2902792,26,-12.157,104.081,2020-08-05 16:13:00.000000445,2.591,26.97,34.61910526315789,"ARGO float 2902792 on cycle 26 reported data on 2020-08-05 at location 12.2°S, 104.1°E. The profile measured temperatures from 2.6°C to 27.0°C and salinities around 34.6 PSU."
2902792,27,-12.534,103.512,2020-08-15 17:43:59.999996873,2.593,27.268,34.61951754385965,"ARGO float 2902792 on cycle 27 reported data on 2020-08-15 at location 12.5°S, 103.5°E. The profile measured temperatures from 2.6°C to 27.3°C and salinities around 34.6 PSU."
2902792,28,-12.764,103.079,2020-08-25 18:47:00.000002904,2.654,26.92,34.5829649122807,"ARGO float 2902792 on cycle 28 reported data on 2020-08-25 at location 12.8°S, 103.1°E. The profile measured temperatures from 2.7°C to 26.9°C and salinities around 34.6 PSU."
2902793,22,-18.997,110.701,2020-08-09 14:12:59.999997096,2.459,25.208,34.858318584070794,"ARGO float 2902793 on cycle 22 reported data on 2020-08-09 at location 19.0°S, 110.7°E. The profile measured temperatures from 2.5°C to 25.2°C and salinities around 34.9 PSU."
2902793,23,-18.988,110.627,2020-08-19 14:53:00.000004917,2.53,24.75,34.85870796460177,"ARGO float 2902793 on cycle 23 reported data on 2020-08-19 at location 19.0°S, 110.6°E. The profile measured temperatures from 2.5°C to 24.8°C and salinities around 34.9 PSU."
2902793,24,-19.013,110.587,2020-08-29 15:39:59.999997764,2.456,25.139,34.83961607142857,"ARGO float 2902793 on cycle 24 reported data on 2020-08-29 at location 19.0°S, 110.6°E. The profile measured temperatures from 2.5°C to 25.1°C and salinities around 34.8 PSU."
2902794,20,-15.232,114.012,2020-08-05 00:53:59.999997986,2.5,26.306,34.70787610619469,"ARGO float 2902794 on cycle 20 reported data on 2020-08-05 at location 15.2°S, 114.0°E. The profile measured temperatures from 2.5°C to 26.3°C and salinities around 34.7 PSU."
2902794,21,-15.273,113.666,2020-08-15 02:08:00.000004917,2.439,25.706,34.75387610619469,"ARGO float 2902794 on cycle 21 reported data on 2020-08-15 at location 15.3°S, 113.7°E. The profile measured temperatures from 2.4°C to 25.7°C and salinities around 34.8 PSU."
2902794,22,-15.342,113.345,2020-08-25 02:51:59.999998432,2.453,26.062,34.7909203539823,"ARGO float 2902794 on cycle 22 reported data on 2020-08-25 at location 15.3°S, 113.3°E. The profile measured temperatures from 2.5°C to 26.1°C and salinities around 34.8 PSU."
2902795,22,-19.009,110.483,2020-08-09 11:40:59.999997541,2.445,25.293,34.835098214285715,"ARGO float 2902795 on cycle 22 reported data on 2020-08-09 at location 19.0°S, 110.5°E. The profile measured temperatures from 2.4°C to 25.3°C and salinities around 34.8 PSU."
2902795,23,-19.186,110.781,2020-08-19 12:34:59.999995528,2.443,24.851,34.85355752212389,"ARGO float 2902795 on cycle 23 reported data on 2020-08-19 at location 19.2°S, 110.8°E. The profile measured temperatures from 2.4°C to 24.9°C and salinities around 34.9 PSU."
2902795,24,-18.82,110.662,2020-08-29 13:43:00.000003803,2.418,25.376,34.82621238938053,"ARGO float 2902795 on cycle 24 reported data on 2020-08-29 at location 18.8°S, 110.7°E. The profile measured temperatures from 2.4°C to 25.4°C and salinities around 34.8 PSU."
2902796,21,-18.814,107.366,2020-08-08 00:16:59.999999554,2.548,25.072,34.849017699115045,"ARGO float 2902796 on cycle 21 reported data on 2020-08-08 at location 18.8°S, 107.4°E. The profile measured temperatures from 2.5°C to 25.1°C and salinities around 34.8 PSU."
2902796,22,-18.851,107.605,2020-08-18 01:10:59.999997541,2.589,24.775,34.881375,"ARGO float 2902796 on cycle 22 reported data on 2020-08-18 at location 18.9°S, 107.6°E. The profile measured temperatures from 2.6°C to 24.8°C and salinities around 34.9 PSU."
2902796,23,-18.786,107.823,2020-08-28 01:15:00.000003349,2.533,23.878,34.992044642857145,"ARGO float 2902796 on cycle 23 reported data on 2020-08-28 at location 18.8°S, 107.8°E. The profile measured temperatures from 2.5°C to 23.9°C and salinities around 35.0 PSU."
2902797,22,-19.185,107.636,2020-08-08 07:30:59.999996427,2.564,24.95,34.884964601769916,"ARGO float 2902797 on cycle 22 reported data on 2020-08-08 at location 19.2°S, 107.6°E. The profile measured temperatures from 2.6°C to 24.9°C and salinities around 34.9 PSU."
2902797,23,-19.2,107.886,2020-08-18 08:20:59.999998655,2.542,24.573,34.89892105263158,"ARGO float 2902797 on cycle 23 reported data on 2020-08-18 at location 19.2°S, 107.9°E. The profile measured temperatures from 2.5°C to 24.6°C and salinities around 34.9 PSU."
2902797,24,-18.979,108.021,2020-08-28 09:05:00.000002235,2.582,24.373,34.97287610619469,"ARGO float 2902797 on cycle 24 reported data on 2020-08-28 at location 19.0°S, 108.0°E. The profile measured temperatures from 2.6°C to 24.4°C and salinities around 35.0 PSU."
2903130,84,2.05834,90.47533,2020-08-03 03:14:25.000342077,2.802,29.374,34.55608534780464,"ARGO float 2903130 on cycle 84 reported data on 2020-08-03 at location 2.1°N, 90.5°E. The profile measured temperatures from 2.8°C to 29.4°C and salinities around 34.6 PSU."
2903130,85,2.02151,90.52273,2020-08-13 01:58:01.000191478,2.675,29.034,34.67411050814011,"ARGO float 2903130 on cycle 85 reported data on 2020-08-13 at location 2.0°N, 90.5°E. The profile measured temperatures from 2.7°C to 29.0°C and salinities around 34.7 PSU."
2903130,86,2.19003,90.51575,2020-08-23 00:26:50.000037518,2.749,29.85,34.6584342040414,"ARGO float 2903130 on cycle 86 reported data on 2020-08-23 at location 2.2°N, 90.5°E. The profile measured temperatures from 2.7°C to 29.9°C and salinities around 34.7 PSU."
2903132,85,4.43623,89.12955,2020-08-10 05:27:01.000575587,2.711,28.928,34.600368110236225,"ARGO float 2903132 on cycle 85 reported data on 2020-08-10 at location 4.4°N, 89.1°E. The profile measured temperatures from 2.7°C to 28.9°C and salinities around 34.6 PSU."
2903132,86,3.81697,88.82523,2020-08-20 02:50:52.000287115,2.652,29.379,34.72660108481263,"ARGO float 2903132 on cycle 86 reported data on 2020-08-20 at location 3.8°N, 88.8°E. The profile measured temperatures from 2.7°C to 29.4°C and salinities around 34.7 PSU."
2903132,87,3.87343,88.66878,2020-08-30 00:17:30.000024798,2.681,29.546,34.439390832922626,"ARGO float 2903132 on cycle 87 reported data on 2020-08-30 at location 3.9°N, 88.7°E. The profile measured temperatures from 2.7°C to 29.5°C and salinities around 34.4 PSU."
2903133,111,3.85711,82.45598,2020-08-07 18:30:26.001974571,2.896,28.922,35.004994252873566,"ARGO float 2903133 on cycle 111 reported data on 2020-08-07 at location 3.9°N, 82.5°E. The profile measured temperatures from 2.9°C to 28.9°C and salinities around 35.0 PSU."
2903133,112,4.19607,83.18697,2020-08-17 19:03:51.002042817,2.803,28.854,34.82579479392624,"ARGO float 2903133 on cycle 112 reported data on 2020-08-17 at location 4.2°N, 83.2°E. The profile measured temperatures from 2.8°C to 28.9°C and salinities around 34.8 PSU."
2903133,113,4.82459,84.04438,2020-08-27 19:19:48.002065991,2.934,28.871,34.926600087032206,"ARGO float 2903133 on cycle 113 reported data on 2020-08-27 at location 4.8°N, 84.0°E. The profile measured temperatures from 2.9°C to 28.9°C and salinities around 34.9 PSU."
2903135,112,5.09628,83.73412,2020-08-07 15:56:45.001690517,2.858,28.588,34.39620369592608,"ARGO float 2903135 on cycle 112 reported data on 2020-08-07 at location 5.1°N, 83.7°E. The profile measured temperatures from 2.9°C to 28.6°C and salinities around 34.4 PSU."
2903135,113,5.56616,84.46381,2020-08-17 12:23:20.001320839,2.798,28.594,34.820034949759716,"ARGO float 2903135 on cycle 113 reported data on 2020-08-17 at location 5.6°N, 84.5°E. The profile measured temperatures from 2.8°C to 28.6°C and salinities around 34.8 PSU."
2903135,114,5.78301,85.23043,2020-08-27 08:21:41.000888658,2.808,29.576,34.50928384647828,"ARGO float 2903135 on cycle 114 reported data on 2020-08-27 at location 5.8°N, 85.2°E. The profile measured temperatures from 2.8°C to 29.6°C and salinities around 34.5 PSU."
2903390,40,-4.293,76.99,2020-08-01 03:19:29.000000121,1.3848,29.324,34.834378877887794,"ARGO float 2903390 on cycle 40 reported data on 2020-08-01 at location 4.3°S, 77.0°E. The profile measured temperatures from 1.4°C to 29.3°C and salinities around 34.8 PSU."
2903390,41,-4.445,77.589,2020-08-10 07:48:19.000000103,1.3877,29.0852,34.83849612842304,"ARGO float 2903390 on cycle 41 reported data on 2020-08-10 at location 4.4°S, 77.6°E. The profile measured temperatures from 1.4°C to 29.1°C and salinities around 34.8 PSU."
2903390,42,-4.827,77.937,2020-08-19 12:34:31.999999984,1.3691,28.2859,34.82330363207547,"ARGO float 2903390 on cycle 42 reported data on 2020-08-19 at location 4.8°S, 77.9°E. The profile measured temperatures from 1.4°C to 28.3°C and salinities around 34.8 PSU."
2903390,43,-5.147,78.058,2020-08-28 17:08:28.000000150,1.3799,27.4338,34.8117925,"ARGO float 2903390 on cycle 43 reported data on 2020-08-28 at location 5.1°S, 78.1°E. The profile measured temperatures from 1.4°C to 27.4°C and salinities around 34.8 PSU."
2903391,39,-10.236,81.779,2020-08-01 21:57:37.999999918,1.3538,27.4061,34.74792364578427,"ARGO float 2903391 on cycle 39 reported data on 2020-08-01 at location 10.2°S, 81.8°E. The profile measured temperatures from 1.4°C to 27.4°C and salinities around 34.7 PSU."
2903391,40,-10.374,81.978,2020-08-11 01:56:16.999999946,1.3591,27.4039,34.7558952403393,"ARGO float 2903391 on cycle 40 reported data on 2020-08-11 at location 10.4°S, 82.0°E. The profile measured temperatures from 1.4°C to 27.4°C and salinities around 34.8 PSU."
2903391,41,-10.249,82.181,2020-08-20 05:32:28.000000127,1.3637,27.1165,34.7539702970297,"ARGO float 2903391 on cycle 41 reported data on 2020-08-20 at location 10.2°S, 82.2°E. The profile measured temperatures from 1.4°C to 27.1°C and salinities around 34.8 PSU."
2903391,42,-10.239,82.215,2020-08-29 10:03:43.000000053,1.3606,27.0194,34.75972075471699,"ARGO float 2903391 on cycle 42 reported data on 2020-08-29 at location 10.2°S, 82.2°E. The profile measured temperatures from 1.4°C to 27.0°C and salinities around 34.8 PSU."
3901062,205,-45.33012,56.33113,2020-08-09 07:40:34.000808905,2.062,5.679,34.44823984142715,"ARGO float 3901062 on cycle 205 reported data on 2020-08-09 at location 45.3°S, 56.3°E. The profile measured temperatures from 2.1°C to 5.7°C and salinities around 34.4 PSU."
3901062,206,-45.8786,57.71232,2020-08-19 06:07:04.000653891,2.179,5.269,34.41513505461767,"ARGO float 3901062 on cycle 206 reported data on 2020-08-19 at location 45.9°S, 57.7°E. The profile measured temperatures from 2.2°C to 5.3°C and salinities around 34.4 PSU."
3901062,207,-46.4278,59.25433,2020-08-29 04:37:17.000482797,2.229,6.19,34.427549603174604,"ARGO float 3901062 on cycle 207 reported data on 2020-08-29 at location 46.4°S, 59.3°E. The profile measured temperatures from 2.2°C to 6.2°C and salinities around 34.4 PSU."
3901113,185,-50.04503,55.9883,2020-08-10 02:46:12.000281381,1.876,3.049,34.49941170634921,"ARGO float 3901113 on cycle 185 reported data on 2020-08-10 at location 50.0°S, 56.0°E. The profile measured temperatures from 1.9°C to 3.0°C and salinities around 34.5 PSU."
3901113,186,-50.11664,56.3026,2020-08-20 00:46:18.000066642,1.857,3.029,34.50464051638531,"ARGO float 3901113 on cycle 186 reported data on 2020-08-20 at location 50.1°S, 56.3°E. The profile measured temperatures from 1.9°C to 3.0°C and salinities around 34.5 PSU."
3901113,187,-50.13356,56.51252,2020-08-29 22:43:33.002422671,1.866,2.802,34.51593849206349,"ARGO float 3901113 on cycle 187 reported data on 2020-08-29 at location 50.1°S, 56.5°E. The profile measured temperatures from 1.9°C to 2.8°C and salinities around 34.5 PSU."
3901222,184,-49.54301,60.30357,2020-08-02 02:06:01.000223216,1.853,3.685,34.56386475814413,"ARGO float 3901222 on cycle 184 reported data on 2020-08-02 at location 49.5°S, 60.3°E. The profile measured temperatures from 1.9°C to 3.7°C and salinities around 34.6 PSU."
3901222,185,-49.77406,61.27264,2020-08-12 00:07:52.000010068,1.904,3.404,34.563111992071356,"ARGO float 3901222 on cycle 185 reported data on 2020-08-12 at location 49.8°S, 61.3°E. The profile measured temperatures from 1.9°C to 3.4°C and salinities around 34.6 PSU."
3901222,186,-49.66545,61.8528,2020-08-21 21:39:49.002309544,1.85,3.218,34.55895355731225,"ARGO float 3901222 on cycle 186 reported data on 2020-08-21 at location 49.7°S, 61.9°E. The profile measured temperatures from 1.9°C to 3.2°C and salinities around 34.6 PSU."
3901222,187,-49.45243,61.73533,2020-08-31 19:48:11.002108271,1.933,3.111,34.56596527777778,"ARGO float 3901222 on cycle 187 reported data on 2020-08-31 at location 49.5°S, 61.7°E. The profile measured temperatures from 1.9°C to 3.1°C and salinities around 34.6 PSU."
3901223,184,-49.58757,62.71258,2020-08-03 23:26:57.002505218,1.8,2.638,34.51531281032771,"ARGO float 3901223 on cycle 184 reported data on 2020-08-03 at location 49.6°S, 62.7°E. The profile measured temperatures from 1.8°C to 2.6°C and salinities around 34.5 PSU."
3901223,185,-49.15244,62.37458,2020-08-13 21:48:15.002322842,1.787,2.917,34.50712845849802,"ARGO float 3901223 on cycle 185 reported data on 2020-08-13 at location 49.2°S, 62.4°E. The profile measured temperatures from 1.8°C to 2.9°C and salinities around 34.5 PSU."
3901223,186,-48.78223,62.09341,2020-08-23 20:07:43.002155928,1.741,2.684,34.506012884043614,"ARGO float 3901223 on cycle 186 reported data on 2020-08-23 at location 48.8°S, 62.1°E. The profile measured temperatures from 1.7°C to 2.7°C and salinities around 34.5 PSU."
3901224,184,-52.80422,26.1621,2020-08-04 23:15:02.002489266,0.044,1.696,34.63308928571429,"ARGO float 3901224 on cycle 184 reported data on 2020-08-04 at location 52.8°S, 26.2°E. The profile measured temperatures from 0.0°C to 1.7°C and salinities around 34.6 PSU."
3901224,185,-54.36694,27.33596,2020-08-14 21:32:16.002299518,0.048,1.718,34.618367952522256,"ARGO float 3901224 on cycle 185 reported data on 2020-08-14 at location 54.4°S, 27.3°E. The profile measured temperatures from 0.0°C to 1.7°C and salinities around 34.6 PSU."
3901224,186,-55.12998,28.0471,2020-08-24 19:44:40.002102329,-0.073,1.742,34.59976679841897,"ARGO float 3901224 on cycle 186 reported data on 2020-08-24 at location 55.1°S, 28.0°E. The profile measured temperatures from -0.1°C to 1.7°C and salinities around 34.6 PSU."
3901229,184,-44.14001,25.89254,2020-08-04 18:24:31.001966078,2.591,8.359,34.46231111111111,"ARGO float 3901229 on cycle 184 reported data on 2020-08-04 at location 44.1°S, 25.9°E. The profile measured temperatures from 2.6°C to 8.4°C and salinities around 34.5 PSU."
3901229,185,-44.00754,26.18393,2020-08-14 10:23:43.001106293,3.045,8.435,34.292695530726256,"ARGO float 3901229 on cycle 185 reported data on 2020-08-14 at location 44.0°S, 26.2°E. The profile measured temperatures from 3.0°C to 8.4°C and salinities around 34.3 PSU."
3901229,186,-43.94927,26.35718,2020-08-24 02:11:05.000230472,3.096,8.228,34.2774375,"ARGO float 3901229 on cycle 186 reported data on 2020-08-24 at location 43.9°S, 26.4°E. The profile measured temperatures from 3.1°C to 8.2°C and salinities around 34.3 PSU."
3901507,202,-38.1848,60.9839,2020-08-04 04:39:01.999997196,2.679,13.764,35.13953521126761,"ARGO float 3901507 on cycle 202 reported data on 2020-08-04 at location 38.2°S, 61.0°E. The profile measured temperatures from 2.7°C to 13.8°C and salinities around 35.1 PSU."
3901507,203,-39.1332,60.3086,2020-08-14 07:21:31.999999432,2.843,13.541,35.14257142857143,"ARGO float 3901507 on cycle 203 reported data on 2020-08-14 at location 39.1°S, 60.3°E. The profile measured temperatures from 2.8°C to 13.5°C and salinities around 35.1 PSU."
3901507,204,-39.855,58.8156,2020-08-24 04:32:13.999997379,2.698,13.346,35.11901408450704,"ARGO float 3901507 on cycle 204 reported data on 2020-08-24 at location 39.9°S, 58.8°E. The profile measured temperatures from 2.7°C to 13.3°C and salinities around 35.1 PSU."
3901514,184,-44.4655,49.6346,2020-08-07 18:44:17.000001890,2.104,5.174,34.17469642857143,"ARGO float 3901514 on cycle 184 reported data on 2020-08-07 at location 44.5°S, 49.6°E. The profile measured temperatures from 2.1°C to 5.2°C and salinities around 34.2 PSU."
3901514,185,-44.4713,49.6143,2020-08-17 17:00:58.999995143,2.053,4.995,34.18233333333333,"ARGO float 3901514 on cycle 185 reported data on 2020-08-17 at location 44.5°S, 49.6°E. The profile measured temperatures from 2.1°C to 5.0°C and salinities around 34.2 PSU."
3901514,186,-44.4903,49.5549,2020-08-27 17:05:28.000004585,2.078,4.84,34.1930701754386,"ARGO float 3901514 on cycle 186 reported data on 2020-08-27 at location 44.5°S, 49.6°E. The profile measured temperatures from 2.1°C to 4.8°C and salinities around 34.2 PSU."
3901516,184,-52.6,36.4296,2020-08-07 12:33:30.000000890,1.153,2.149,34.34525,"ARGO float 3901516 on cycle 184 reported data on 2020-08-07 at location 52.6°S, 36.4°E. The profile measured temperatures from 1.2°C to 2.1°C and salinities around 34.3 PSU."
3901516,185,-52.4663,37.5759,2020-08-17 11:31:59.000004978,1.014,1.865,34.326070175438595,"ARGO float 3901516 on cycle 185 reported data on 2020-08-17 at location 52.5°S, 37.6°E. The profile measured temperatures from 1.0°C to 1.9°C and salinities around 34.3 PSU."
3901516,186,-53.358,37.8422,2020-08-27 12:42:03.999999087,0.942,2.392,34.36117543859649,"ARGO float 3901516 on cycle 186 reported data on 2020-08-27 at location 53.4°S, 37.8°E. The profile measured temperatures from 0.9°C to 2.4°C and salinities around 34.4 PSU."
3901529,139,-44.6565,54.3482,2020-08-08 12:44:08.999994995,2.168,6.009,34.14882142857143,"ARGO float 3901529 on cycle 139 reported data on 2020-08-08 at location 44.7°S, 54.3°E. The profile measured temperatures from 2.2°C to 6.0°C and salinities around 34.1 PSU."
3901529,140,-45.8522,56.5731,2020-08-18 11:08:23.000000864,2.18,4.483,34.183596491228066,"ARGO float 3901529 on cycle 140 reported data on 2020-08-18 at location 45.9°S, 56.6°E. The profile measured temperatures from 2.2°C to 4.5°C and salinities around 34.2 PSU."
3901529,141,-46.6194,58.2587,2020-08-28 12:44:17.999996467,2.243,5.193,34.16126315789474,"ARGO float 3901529 on cycle 141 reported data on 2020-08-28 at location 46.6°S, 58.3°E. The profile measured temperatures from 2.2°C to 5.2°C and salinities around 34.2 PSU."
3901533,124,-45.8553,35.4834,2020-08-01 22:08:25.999998000,2.462,5.951,34.124857142857145,"ARGO float 3901533 on cycle 124 reported data on 2020-08-01 at location 45.9°S, 35.5°E. The profile measured temperatures from 2.5°C to 6.0°C and salinities around 34.1 PSU."
3901533,125,-45.8345,35.4942,2020-08-11 22:06:19.999997467,2.403,5.987,34.14255714285714,"ARGO float 3901533 on cycle 125 reported data on 2020-08-11 at location 45.8°S, 35.5°E. The profile measured temperatures from 2.4°C to 6.0°C and salinities around 34.1 PSU."
3901533,126,-45.7504,35.4409,2020-08-21 20:21:33.000000716,2.352,5.866,34.14776056338028,"ARGO float 3901533 on cycle 126 reported data on 2020-08-21 at location 45.8°S, 35.4°E. The profile measured temperatures from 2.4°C to 5.9°C and salinities around 34.1 PSU."
3901533,127,-45.7195,35.3972,2020-08-31 21:49:38.999995440,2.451,5.519,34.105333333333334,"ARGO float 3901533 on cycle 127 reported data on 2020-08-31 at location 45.7°S, 35.4°E. The profile measured temperatures from 2.5°C to 5.5°C and salinities around 34.1 PSU."
3901538,102,-40.7345,35.8121,2020-08-03 06:15:42.000000174,2.713,13.243,34.818964912280705,"ARGO float 3901538 on cycle 102 reported data on 2020-08-03 at location 40.7°S, 35.8°E. The profile measured temperatures from 2.7°C to 13.2°C and salinities around 34.8 PSU."
3901538,103,-40.3137,35.7808,2020-08-13 06:17:59.000001397,2.725,12.769,34.77680701754386,"ARGO float 3901538 on cycle 103 reported data on 2020-08-13 at location 40.3°S, 35.8°E. The profile measured temperatures from 2.7°C to 12.8°C and salinities around 34.8 PSU."
3901538,104,-39.644,36.6541,2020-08-23 04:15:35.999999196,2.74,12.711,34.804614035087724,"ARGO float 3901538 on cycle 104 reported data on 2020-08-23 at location 39.6°S, 36.7°E. The profile measured temperatures from 2.7°C to 12.7°C and salinities around 34.8 PSU."
3901539,102,-46.2863,56.1571,2020-08-03 12:49:38.000000864,2.108,4.743,34.17464912280702,"ARGO float 3901539 on cycle 102 reported data on 2020-08-03 at location 46.3°S, 56.2°E. The profile measured temperatures from 2.1°C to 4.7°C and salinities around 34.2 PSU."
3901539,103,-46.4856,56.0912,2020-08-13 13:57:11.999999283,2.1,4.591,34.18840350877193,"ARGO float 3901539 on cycle 103 reported data on 2020-08-13 at location 46.5°S, 56.1°E. The profile measured temperatures from 2.1°C to 4.6°C and salinities around 34.2 PSU."
3901539,104,-46.7414,55.5353,2020-08-23 13:54:13.000004585,2.072,4.414,34.206947368421055,"ARGO float 3901539 on cycle 104 reported data on 2020-08-23 at location 46.7°S, 55.5°E. The profile measured temperatures from 2.1°C to 4.4°C and salinities around 34.2 PSU."
3901608,132,-53.387,38.933,2020-08-03 10:48:59.999999944,1.331,2.195,34.76164081632653,"ARGO float 3901608 on cycle 132 reported data on 2020-08-03 at location 53.4°S, 38.9°E. The profile measured temperatures from 1.3°C to 2.2°C and salinities around 34.8 PSU."
3901608,133,-51.863,39.063,2020-08-13 11:01:00.000000088,1.358,2.212,34.76030204081633,"ARGO float 3901608 on cycle 133 reported data on 2020-08-13 at location 51.9°S, 39.1°E. The profile measured temperatures from 1.4°C to 2.2°C and salinities around 34.8 PSU."
3901608,134,-50.495,40.791,2020-08-23 10:50:00.000000139,1.291,2.091,34.7555306122449,"ARGO float 3901608 on cycle 134 reported data on 2020-08-23 at location 50.5°S, 40.8°E. The profile measured temperatures from 1.3°C to 2.1°C and salinities around 34.8 PSU."
3901611,133,-47.716,20.784,2020-08-11 16:37:00.000000111,2.188,2.67,14.373502092050208,"ARGO float 3901611 on cycle 133 reported data on 2020-08-11 at location 47.7°S, 20.8°E. The profile measured temperatures from 2.2°C to 2.7°C and salinities around 14.4 PSU."
3901611,134,-47.758,22.859,2020-08-21 16:39:00.000000190,2.151,2.645,13.777464730290458,"ARGO float 3901611 on cycle 134 reported data on 2020-08-21 at location 47.8°S, 22.9°E. The profile measured temperatures from 2.2°C to 2.6°C and salinities around 13.8 PSU."
3901611,135,-48.861,25.037,2020-08-31 16:42:00.000000144,2.254,2.669,14.170245901639344,"ARGO float 3901611 on cycle 135 reported data on 2020-08-31 at location 48.9°S, 25.0°E. The profile measured temperatures from 2.3°C to 2.7°C and salinities around 14.2 PSU."
3901612,129,-54.117,24.779,2020-08-01 18:56:59.999999832,0.116,0.531,34.678473469387754,"ARGO float 3901612 on cycle 129 reported data on 2020-08-01 at location 54.1°S, 24.8°E. The profile measured temperatures from 0.1°C to 0.5°C and salinities around 34.7 PSU."
3901612,130,-54.32,25.309,2020-08-11 19:00:59.999999981,0.116,0.54,34.67878367346939,"ARGO float 3901612 on cycle 130 reported data on 2020-08-11 at location 54.3°S, 25.3°E. The profile measured temperatures from 0.1°C to 0.5°C and salinities around 34.7 PSU."
3901612,131,-54.953,25.562,2020-08-21 19:06:00.000000023,0.225,0.656,34.68269795918368,"ARGO float 3901612 on cycle 131 reported data on 2020-08-21 at location 55.0°S, 25.6°E. The profile measured temperatures from 0.2°C to 0.7°C and salinities around 34.7 PSU."
3901612,132,-55.574,25.232,2020-08-31 19:04:00.000000255,0.146,0.522,34.68165714285714,"ARGO float 3901612 on cycle 132 reported data on 2020-08-31 at location 55.6°S, 25.2°E. The profile measured temperatures from 0.1°C to 0.5°C and salinities around 34.7 PSU."
3901645,59,-58.10798833333333,22.04468333333333,2020-08-03 05:52:59.999999888,-1.277,0.816,34.51352427184466,"ARGO float 3901645 on cycle 59 reported data on 2020-08-03 at location 58.1°S, 22.0°E. The profile measured temperatures from -1.3°C to 0.8°C and salinities around 34.5 PSU."
3901645,60,-58.00961075253256,21.77547480463097,2020-08-13 05:44:59.999999893,-1.72,0.791,34.5505625,"ARGO float 3901645 on cycle 60 reported data on 2020-08-13 at location 58.0°S, 21.8°E. The profile measured temperatures from -1.7°C to 0.8°C and salinities around 34.6 PSU."
3901647,93,-55.548,70.3,2020-08-01 05:43:00.000000134,1.297,2.411,34.41570873786408,"ARGO float 3901647 on cycle 93 reported data on 2020-08-01 at location 55.5°S, 70.3°E. The profile measured temperatures from 1.3°C to 2.4°C and salinities around 34.4 PSU."
3901647,94,-55.596,71.061,2020-08-11 05:38:00.000000101,1.012,2.409,34.4263786407767,"ARGO float 3901647 on cycle 94 reported data on 2020-08-11 at location 55.6°S, 71.1°E. The profile measured temperatures from 1.0°C to 2.4°C and salinities around 34.4 PSU."
3901647,95,-55.687,71.495,2020-08-21 05:48:00.000000167,0.886,2.411,34.425368932038836,"ARGO float 3901647 on cycle 95 reported data on 2020-08-21 at location 55.7°S, 71.5°E. The profile measured temperatures from 0.9°C to 2.4°C and salinities around 34.4 PSU."
3901647,96,-55.702,71.599,2020-08-31 05:43:00.000000134,0.674,2.382,34.42593269230769,"ARGO float 3901647 on cycle 96 reported data on 2020-08-31 at location 55.7°S, 71.6°E. The profile measured temperatures from 0.7°C to 2.4°C and salinities around 34.4 PSU."
3901648,94,-44.053,72.969,2020-08-10 05:30:59.999999981,2.619,12.177,34.7551359223301,"ARGO float 3901648 on cycle 94 reported data on 2020-08-10 at location 44.1°S, 73.0°E. The profile measured temperatures from 2.6°C to 12.2°C and salinities around 34.8 PSU."
3901648,95,-43.606,73.422,2020-08-20 05:25:59.999999949,2.614,12.174,34.743539215686276,"ARGO float 3901648 on cycle 95 reported data on 2020-08-20 at location 43.6°S, 73.4°E. The profile measured temperatures from 2.6°C to 12.2°C and salinities around 34.7 PSU."
3901648,96,-43.17,73.516,2020-08-30 05:19:00.000000157,2.601,11.965,34.73399019607843,"ARGO float 3901648 on cycle 96 reported data on 2020-08-30 at location 43.2°S, 73.5°E. The profile measured temperatures from 2.6°C to 12.0°C and salinities around 34.7 PSU."
3901649,94,-43.616,57.015,2020-08-09 05:46:00.000000088,2.415,9.827,34.38433980582524,"ARGO float 3901649 on cycle 94 reported data on 2020-08-09 at location 43.6°S, 57.0°E. The profile measured temperatures from 2.4°C to 9.8°C and salinities around 34.4 PSU."
3901649,95,-44.528,59.933,2020-08-19 05:48:00.000000167,2.504,10.762,34.5727281553398,"ARGO float 3901649 on cycle 95 reported data on 2020-08-19 at location 44.5°S, 59.9°E. The profile measured temperatures from 2.5°C to 10.8°C and salinities around 34.6 PSU."
3901649,96,-44.751,61.515,2020-08-29 05:35:00.000000139,2.492,10.791,34.585922330097084,"ARGO float 3901649 on cycle 96 reported data on 2020-08-29 at location 44.8°S, 61.5°E. The profile measured temperatures from 2.5°C to 10.8°C and salinities around 34.6 PSU."
3901831,98,-47.46146,23.83876,2020-08-02 08:45:50.000923431,2.271,4.573,34.138111345646436,"ARGO float 3901831 on cycle 98 reported data on 2020-08-02 at location 47.5°S, 23.8°E. The profile measured temperatures from 2.3°C to 4.6°C and salinities around 34.1 PSU."
3901831,99,-46.65027,23.44698,2020-08-12 06:09:06.000656947,2.278,6.065,34.17913530997305,"ARGO float 3901831 on cycle 99 reported data on 2020-08-12 at location 46.7°S, 23.4°E. The profile measured temperatures from 2.3°C to 6.1°C and salinities around 34.2 PSU."
3901831,100,-46.05229,23.77007,2020-08-22 03:37:15.000375671,2.321,5.257,34.18891805929919,"ARGO float 3901831 on cycle 100 reported data on 2020-08-22 at location 46.1°S, 23.8°E. The profile measured temperatures from 2.3°C to 5.3°C and salinities around 34.2 PSU."
3901877,139,-48.77697833333333,38.66233666666667,2020-08-03 11:55:30.000000060,1.739,3.021,34.395089876033055,"ARGO float 3901877 on cycle 139 reported data on 2020-08-03 at location 48.8°S, 38.7°E. The profile measured temperatures from 1.7°C to 3.0°C and salinities around 34.4 PSU."
3901877,140,-48.309965,38.552571666666665,2020-08-13 11:49:30.000000144,1.797,2.907,34.40619222903886,"ARGO float 3901877 on cycle 140 reported data on 2020-08-13 at location 48.3°S, 38.6°E. The profile measured temperatures from 1.8°C to 2.9°C and salinities around 34.4 PSU."
3901877,141,-47.682985,39.35976333333333,2020-08-23 11:52:30.000000106,1.945,3.315,34.37128496868476,"ARGO float 3901877 on cycle 141 reported data on 2020-08-23 at location 47.7°S, 39.4°E. The profile measured temperatures from 1.9°C to 3.3°C and salinities around 34.4 PSU."
3901879,123,-54.441433333333336,42.023406666666666,2020-08-07 12:00:00.000000000,0.54,2.214,34.56852824267782,"ARGO float 3901879 on cycle 123 reported data on 2020-08-07 at location 54.4°S, 42.0°E. The profile measured temperatures from 0.5°C to 2.2°C and salinities around 34.6 PSU."
3901879,124,-53.609535,43.82026833333333,2020-08-17 12:00:00.000000000,0.396,0.396,34.027,"ARGO float 3901879 on cycle 124 reported data on 2020-08-17 at location 53.6°S, 43.8°E. The profile measured temperatures from 0.4°C to 0.4°C and salinities around 34.0 PSU."
3901879,125,-53.60628833333333,44.895336666666665,2020-08-27 11:57:59.999999921,0.35,2.231,34.5555390946502,"ARGO float 3901879 on cycle 125 reported data on 2020-08-27 at location 53.6°S, 44.9°E. The profile measured temperatures from 0.3°C to 2.2°C and salinities around 34.6 PSU."
3901883,129,-49.89761166666667,43.70325833333333,2020-08-02 11:24:29.999999972,1.85,4.109,28.049818743563335,"ARGO float 3901883 on cycle 129 reported data on 2020-08-02 at location 49.9°S, 43.7°E. The profile measured temperatures from 1.9°C to 4.1°C and salinities around 28.0 PSU."
3901883,130,-50.07803333333333,43.95890166666667,2020-08-12 11:44:30.000000111,1.93,3.978,28.034390593047036,"ARGO float 3901883 on cycle 130 reported data on 2020-08-12 at location 50.1°S, 44.0°E. The profile measured temperatures from 1.9°C to 4.0°C and salinities around 28.0 PSU."
3901883,131,-50.88843333333333,43.603971666666666,2020-08-22 11:48:29.999999949,1.809,3.568,28.073541407867495,"ARGO float 3901883 on cycle 131 reported data on 2020-08-22 at location 50.9°S, 43.6°E. The profile measured temperatures from 1.8°C to 3.6°C and salinities around 28.1 PSU."
3901885,133,-50.176964025710845,30.04002600395804,2020-08-02 11:54:59.999999967,1.78,3.582,34.47041675284385,"ARGO float 3901885 on cycle 133 reported data on 2020-08-02 at location 50.2°S, 30.0°E. The profile measured temperatures from 1.8°C to 3.6°C and salinities around 34.5 PSU."
3901885,134,-49.73408166666667,31.223046666666665,2020-08-12 11:52:00.000000004,2.101,4.217,34.45639403292181,"ARGO float 3901885 on cycle 134 reported data on 2020-08-12 at location 49.7°S, 31.2°E. The profile measured temperatures from 2.1°C to 4.2°C and salinities around 34.5 PSU."
3901885,135,-48.6487,33.29660666666667,2020-08-22 11:49:59.999999926,2.153,4.333,34.47710358974359,"ARGO float 3901885 on cycle 135 reported data on 2020-08-22 at location 48.6°S, 33.3°E. The profile measured temperatures from 2.2°C to 4.3°C and salinities around 34.5 PSU."
3901888,129,-50.53010359098229,20.27314800322061,2020-08-30 11:58:30.000000023,0.709,2.41,34.49566871165644,"ARGO float 3901888 on cycle 129 reported data on 2020-08-30 at location 50.5°S, 20.3°E. The profile measured temperatures from 0.7°C to 2.4°C and salinities around 34.5 PSU."
3901894,139,-49.80617166666666,31.465613333333334,2020-08-07 05:51:19.999999768,2.083,3.288,34.38239694656489,"ARGO float 3901894 on cycle 139 reported data on 2020-08-07 at location 49.8°S, 31.5°E. The profile measured temperatures from 2.1°C to 3.3°C and salinities around 34.4 PSU."
3901894,140,-49.032228333333336,32.84366333333333,2020-08-17 05:41:19.999999703,1.969,3.207,34.37887218045113,"ARGO float 3901894 on cycle 140 reported data on 2020-08-17 at location 49.0°S, 32.8°E. The profile measured temperatures from 2.0°C to 3.2°C and salinities around 34.4 PSU."
3901894,141,-48.53526,34.924926666666664,2020-08-27 05:59:19.999999763,1.906,3.008,34.362225563909774,"ARGO float 3901894 on cycle 141 reported data on 2020-08-27 at location 48.5°S, 34.9°E. The profile measured temperatures from 1.9°C to 3.0°C and salinities around 34.4 PSU."
3901899,130,-36.42581,135.306135,2020-08-06 05:43:19.999999781,2.28,15.035,34.88194591836735,"ARGO float 3901899 on cycle 130 reported data on 2020-08-06 at location 36.4°S, 135.3°E. The profile measured temperatures from 2.3°C to 15.0°C and salinities around 34.9 PSU."
3901899,131,-36.078071666666666,135.140045,2020-08-16 05:51:19.999999768,2.298,14.562,34.822044375645,"ARGO float 3901899 on cycle 131 reported data on 2020-08-16 at location 36.1°S, 135.1°E. The profile measured temperatures from 2.3°C to 14.6°C and salinities around 34.8 PSU."
3901899,132,-36.520115,134.42397666666668,2020-08-26 05:38:19.999999740,2.328,14.665,34.86017080745342,"ARGO float 3901899 on cycle 132 reported data on 2020-08-26 at location 36.5°S, 134.4°E. The profile measured temperatures from 2.3°C to 14.7°C and salinities around 34.9 PSU."
3901913,163,-32.59898166666667,57.99770166666666,2020-08-04 05:38:19.999999740,2.511,16.046,35.34901871657754,"ARGO float 3901913 on cycle 163 reported data on 2020-08-04 at location 32.6°S, 58.0°E. The profile measured temperatures from 2.5°C to 16.0°C and salinities around 35.3 PSU."
3901913,164,-32.46694166666666,58.023645,2020-08-14 05:49:20.000000009,2.481,16.124,35.35079301075269,"ARGO float 3901913 on cycle 164 reported data on 2020-08-14 at location 32.5°S, 58.0°E. The profile measured temperatures from 2.5°C to 16.1°C and salinities around 35.4 PSU."
3901913,165,-32.17644,57.58469,2020-08-24 05:34:19.999999902,2.464,16.208,35.35241129032258,"ARGO float 3901913 on cycle 165 reported data on 2020-08-24 at location 32.2°S, 57.6°E. The profile measured temperatures from 2.5°C to 16.2°C and salinities around 35.4 PSU."
3901914,163,-49.408285,87.47824,2020-08-04 05:50:19.999999893,2.282,8.18,34.339149214659685,"ARGO float 3901914 on cycle 163 reported data on 2020-08-04 at location 49.4°S, 87.5°E. The profile measured temperatures from 2.3°C to 8.2°C and salinities around 34.3 PSU."
3901914,164,-49.999856666666666,90.125855,2020-08-14 05:52:19.999999963,2.175,5.834,34.2778364116095,"ARGO float 3901914 on cycle 164 reported data on 2020-08-14 at location 50.0°S, 90.1°E. The profile measured temperatures from 2.2°C to 5.8°C and salinities around 34.3 PSU."
3901914,165,-51.32412166666667,91.593485,2020-08-24 05:43:19.999999781,1.91,5.21,34.31722432432432,"ARGO float 3901914 on cycle 165 reported data on 2020-08-24 at location 51.3°S, 91.6°E. The profile measured temperatures from 1.9°C to 5.2°C and salinities around 34.3 PSU."
3901916,163,-44.00095,75.009535,2020-08-04 05:53:19.999999847,2.406,8.388,34.30611345646438,"ARGO float 3901916 on cycle 163 reported data on 2020-08-04 at location 44.0°S, 75.0°E. The profile measured temperatures from 2.4°C to 8.4°C and salinities around 34.3 PSU."
3901916,164,-44.748695,75.03873833333333,2020-08-14 05:52:19.999999963,2.449,9.987,34.4197671957672,"ARGO float 3901916 on cycle 164 reported data on 2020-08-14 at location 44.7°S, 75.0°E. The profile measured temperatures from 2.4°C to 10.0°C and salinities around 34.4 PSU."
3901916,165,-45.07649,76.38563166666667,2020-08-24 05:38:19.999999740,2.478,10.867,34.51913661202186,"ARGO float 3901916 on cycle 165 reported data on 2020-08-24 at location 45.1°S, 76.4°E. The profile measured temperatures from 2.5°C to 10.9°C and salinities around 34.5 PSU."
3901917,163,-44.799461666666666,39.52538166666667,2020-08-04 05:53:19.999999847,2.328,5.858,34.25698670212766,"ARGO float 3901917 on cycle 163 reported data on 2020-08-04 at location 44.8°S, 39.5°E. The profile measured temperatures from 2.3°C to 5.9°C and salinities around 34.3 PSU."
3901917,164,-45.03948666666667,39.823315,2020-08-14 05:57:20.000000004,2.189,5.899,34.269443864229764,"ARGO float 3901917 on cycle 164 reported data on 2020-08-14 at location 45.0°S, 39.8°E. The profile measured temperatures from 2.2°C to 5.9°C and salinities around 34.3 PSU."
3901917,165,-45.24121,39.67641666666667,2020-08-24 06:06:19.999999874,2.291,5.487,34.252512261580385,"ARGO float 3901917 on cycle 165 reported data on 2020-08-24 at location 45.2°S, 39.7°E. The profile measured temperatures from 2.3°C to 5.5°C and salinities around 34.3 PSU."
3901920,135,-40.438,72.233,2020-08-05 04:19:59.999999926,2.646,12.757,34.788322916666665,"ARGO float 3901920 on cycle 135 reported data on 2020-08-05 at location 40.4°S, 72.2°E. The profile measured temperatures from 2.6°C to 12.8°C and salinities around 34.8 PSU."
3901920,136,-40.143,71.882,2020-08-15 04:10:00.000000171,2.634,12.352,34.7790297029703,"ARGO float 3901920 on cycle 136 reported data on 2020-08-15 at location 40.1°S, 71.9°E. The profile measured temperatures from 2.6°C to 12.4°C and salinities around 34.8 PSU."
3901920,137,-39.624,71.507,2020-08-25 04:22:00.000000004,2.576,12.611,34.78610576923077,"ARGO float 3901920 on cycle 137 reported data on 2020-08-25 at location 39.6°S, 71.5°E. The profile measured temperatures from 2.6°C to 12.6°C and salinities around 34.8 PSU."
3901923,135,-35.093,26.111,2020-08-06 04:58:00.000000134,2.812,21.739,35.00289215686274,"ARGO float 3901923 on cycle 135 reported data on 2020-08-06 at location 35.1°S, 26.1°E. The profile measured temperatures from 2.8°C to 21.7°C and salinities around 35.0 PSU."
3901923,136,-35.933,23.985,2020-08-16 04:50:00.000000139,2.81,18.878,35.0186568627451,"ARGO float 3901923 on cycle 136 reported data on 2020-08-16 at location 35.9°S, 24.0°E. The profile measured temperatures from 2.8°C to 18.9°C and salinities around 35.0 PSU."
3901923,137,-36.116,24.684,2020-08-26 05:00:00.000000213,2.822,18.625,35.03089215686274,"ARGO float 3901923 on cycle 137 reported data on 2020-08-26 at location 36.1°S, 24.7°E. The profile measured temperatures from 2.8°C to 18.6°C and salinities around 35.0 PSU."
3901924,135,-43.66,55.341,2020-08-07 04:43:59.999999911,2.33,8.857,34.387,"ARGO float 3901924 on cycle 135 reported data on 2020-08-07 at location 43.7°S, 55.3°E. The profile measured temperatures from 2.3°C to 8.9°C and salinities around 34.4 PSU."
3901924,136,-43.43,55.946,2020-08-17 04:53:00.000000101,2.206,9.585,34.422298969072166,"ARGO float 3901924 on cycle 136 reported data on 2020-08-17 at location 43.4°S, 55.9°E. The profile measured temperatures from 2.2°C to 9.6°C and salinities around 34.4 PSU."
3901924,137,-43.351,57.423,2020-08-27 04:46:00.000000301,2.445,7.666,34.272867346938774,"ARGO float 3901924 on cycle 137 reported data on 2020-08-27 at location 43.4°S, 57.4°E. The profile measured temperatures from 2.4°C to 7.7°C and salinities around 34.3 PSU."
3901928,135,-49.104,58.432,2020-08-09 04:43:00.000000027,1.81,2.891,34.372921568627454,"ARGO float 3901928 on cycle 135 reported data on 2020-08-09 at location 49.1°S, 58.4°E. The profile measured temperatures from 1.8°C to 2.9°C and salinities around 34.4 PSU."
3901928,136,-49.21,58.876,2020-08-19 04:35:59.999999916,1.824,2.97,34.370941747572815,"ARGO float 3901928 on cycle 136 reported data on 2020-08-19 at location 49.2°S, 58.9°E. The profile measured temperatures from 1.8°C to 3.0°C and salinities around 34.4 PSU."
3901928,137,-49.665,59.044,2020-08-29 04:34:00.000000157,1.856,3.211,34.37777450980392,"ARGO float 3901928 on cycle 137 reported data on 2020-08-29 at location 49.7°S, 59.0°E. The profile measured temperatures from 1.9°C to 3.2°C and salinities around 34.4 PSU."
3901935,131,-43.096,20.253,2020-08-02 05:00:00.000000213,2.669,12.46,34.735059405940596,"ARGO float 3901935 on cycle 131 reported data on 2020-08-02 at location 43.1°S, 20.3°E. The profile measured temperatures from 2.7°C to 12.5°C and salinities around 34.7 PSU."
3901935,132,-43.01,21.137,2020-08-12 05:07:00.000000004,2.723,11.577,34.69733333333333,"ARGO float 3901935 on cycle 132 reported data on 2020-08-12 at location 43.0°S, 21.1°E. The profile measured temperatures from 2.7°C to 11.6°C and salinities around 34.7 PSU."
3901935,133,-42.604,21.897,2020-08-22 05:01:00.000000088,2.711,10.983,34.67340196078431,"ARGO float 3901935 on cycle 133 reported data on 2020-08-22 at location 42.6°S, 21.9°E. The profile measured temperatures from 2.7°C to 11.0°C and salinities around 34.7 PSU."
3901948,97,-47.64676833333333,24.74429,2020-08-05 17:59:29.999999898,4.27,4.27,33.912,"ARGO float 3901948 on cycle 97 reported data on 2020-08-05 at location 47.6°S, 24.7°E. The profile measured temperatures from 4.3°C to 4.3°C and salinities around 33.9 PSU."
3901948,98,-47.61031833333333,24.17194333333333,2020-08-15 17:50:30.000000027,2.241,4.652,34.34569717138103,"ARGO float 3901948 on cycle 98 reported data on 2020-08-15 at location 47.6°S, 24.2°E. The profile measured temperatures from 2.2°C to 4.7°C and salinities around 34.3 PSU."
3901948,99,-47.371565,23.582396666666668,2020-08-25 17:51:29.999999911,2.304,4.914,34.37057021996616,"ARGO float 3901948 on cycle 99 reported data on 2020-08-25 at location 47.4°S, 23.6°E. The profile measured temperatures from 2.3°C to 4.9°C and salinities around 34.4 PSU."
3901958,95,-58.85173222739218,56.12766902286544,2020-08-02 20:41:29.999999837,-0.275,2.058,34.500358803986714,"ARGO float 3901958 on cycle 95 reported data on 2020-08-02 at location 58.9°S, 56.1°E. The profile measured temperatures from -0.3°C to 2.1°C and salinities around 34.5 PSU."
3901958,96,-59.11337026698338,56.89597960464688,2020-08-12 20:32:29.999999967,-0.656,2.056,34.49818976897689,"ARGO float 3901958 on cycle 96 reported data on 2020-08-12 at location 59.1°S, 56.9°E. The profile measured temperatures from -0.7°C to 2.1°C and salinities around 34.5 PSU."
3901958,97,-58.99864851220782,58.277143579195126,2020-08-22 20:53:29.999999981,-1.406,2.053,34.49970297029703,"ARGO float 3901958 on cycle 97 reported data on 2020-08-22 at location 59.0°S, 58.3°E. The profile measured temperatures from -1.4°C to 2.1°C and salinities around 34.5 PSU."
3901959,95,-50.861401666666666,40.104395,2020-08-01 20:41:29.999999837,1.032,2.119,34.435807628524046,"ARGO float 3901959 on cycle 95 reported data on 2020-08-01 at location 50.9°S, 40.1°E. The profile measured temperatures from 1.0°C to 2.1°C and salinities around 34.4 PSU."
3901959,96,-50.794725,40.567996666666666,2020-08-11 20:58:30.000000023,1.072,2.054,34.417573825503354,"ARGO float 3901959 on cycle 96 reported data on 2020-08-11 at location 50.8°S, 40.6°E. The profile measured temperatures from 1.1°C to 2.1°C and salinities around 34.4 PSU."
3901959,97,-50.901538333333335,40.68094833333333,2020-08-21 20:59:29.999999898,1.056,2.118,34.44051683501684,"ARGO float 3901959 on cycle 97 reported data on 2020-08-21 at location 50.9°S, 40.7°E. The profile measured temperatures from 1.1°C to 2.1°C and salinities around 34.4 PSU."
3901959,98,-50.79997333333333,41.01379833333333,2020-08-31 20:54:29.999999865,1.016,2.082,34.442686143572615,"ARGO float 3901959 on cycle 98 reported data on 2020-08-31 at location 50.8°S, 41.0°E. The profile measured temperatures from 1.0°C to 2.1°C and salinities around 34.4 PSU."
3901966,86,-44.39637166666667,28.973776666666662,2020-08-06 19:50:29.999999921,2.493,7.881,34.373095,"ARGO float 3901966 on cycle 86 reported data on 2020-08-06 at location 44.4°S, 29.0°E. The profile measured temperatures from 2.5°C to 7.9°C and salinities around 34.4 PSU."
3901966,87,-44.36701833333333,28.93122,2020-08-16 19:51:30.000000116,2.42,7.473,34.374744067796605,"ARGO float 3901966 on cycle 87 reported data on 2020-08-16 at location 44.4°S, 28.9°E. The profile measured temperatures from 2.4°C to 7.5°C and salinities around 34.4 PSU."
3901966,88,-44.413446666666665,28.94032,2020-08-26 19:49:30.000000046,2.48,7.133,34.353361666666665,"ARGO float 3901966 on cycle 88 reported data on 2020-08-26 at location 44.4°S, 28.9°E. The profile measured temperatures from 2.5°C to 7.1°C and salinities around 34.4 PSU."
4902101,135,-41.31464,24.39077,2020-08-07 18:49:36.002002307,2.649,10.81,34.71014237057221,"ARGO float 4902101 on cycle 135 reported data on 2020-08-07 at location 41.3°S, 24.4°E. The profile measured temperatures from 2.6°C to 10.8°C and salinities around 34.7 PSU."
4902101,136,-41.78186,24.30569,2020-08-17 17:40:58.001881748,2.63,11.968,34.753577464788734,"ARGO float 4902101 on cycle 136 reported data on 2020-08-17 at location 41.8°S, 24.3°E. The profile measured temperatures from 2.6°C to 12.0°C and salinities around 34.8 PSU."
4902101,137,-41.95749,24.51495,2020-08-27 16:34:15.001766060,2.628,10.625,34.69255917788802,"ARGO float 4902101 on cycle 137 reported data on 2020-08-27 at location 42.0°S, 24.5°E. The profile measured temperatures from 2.6°C to 10.6°C and salinities around 34.7 PSU."
4902950,82,0.573,63.36,2020-08-09 19:36:50.002090528,2.745,29.414,34.973519,"ARGO float 4902950 on cycle 82 reported data on 2020-08-09 at location 0.6°N, 63.4°E. The profile measured temperatures from 2.7°C to 29.4°C and salinities around 35.0 PSU."
4902950,83,0.54,63.498,2020-08-19 20:28:00.002186448,2.736,29.533,34.97162839879154,"ARGO float 4902950 on cycle 83 reported data on 2020-08-19 at location 0.5°N, 63.5°E. The profile measured temperatures from 2.7°C to 29.5°C and salinities around 35.0 PSU."
4902950,84,0.393,63.446,2020-08-29 19:24:50.002073095,2.828,29.584,34.960251246261215,"ARGO float 4902950 on cycle 84 reported data on 2020-08-29 at location 0.4°N, 63.4°E. The profile measured temperatures from 2.8°C to 29.6°C and salinities around 35.0 PSU."
4903028,64,-10.152,45.693,2020-08-02 20:13:03.002164723,4.299,26.824,33.394784194528874,"ARGO float 4903028 on cycle 64 reported data on 2020-08-02 at location 10.2°S, 45.7°E. The profile measured temperatures from 4.3°C to 26.8°C and salinities around 33.4 PSU."
4903028,65,-9.972,45.219,2020-08-12 19:18:11.002064685,4.074,26.383,33.49458641358641,"ARGO float 4903028 on cycle 65 reported data on 2020-08-12 at location 10.0°S, 45.2°E. The profile measured temperatures from 4.1°C to 26.4°C and salinities around 33.5 PSU."
4903028,66,-9.76,44.999,2020-08-22 20:19:36.002173301,3.994,26.784,33.57095753286148,"ARGO float 4903028 on cycle 66 reported data on 2020-08-22 at location 9.8°S, 45.0°E. The profile measured temperatures from 4.0°C to 26.8°C and salinities around 33.6 PSU."
5902343,223,-40.08857,118.20252,2020-08-01 15:31:23.001654397,3.517,11.603,34.58236446402349,"ARGO float 5902343 on cycle 223 reported data on 2020-08-01 at location 40.1°S, 118.2°E. The profile measured temperatures from 3.5°C to 11.6°C and salinities around 34.6 PSU."
5902343,224,-40.12102,118.22214,2020-08-02 19:26:03.002076326,2.532,11.446,34.570100388349516,"ARGO float 5902343 on cycle 224 reported data on 2020-08-02 at location 40.1°S, 118.2°E. The profile measured temperatures from 2.5°C to 11.4°C and salinities around 34.6 PSU."
5902343,225,-40.22464,118.38299,2020-08-12 14:31:28.001547019,4.13,11.273,34.557459744408945,"ARGO float 5902343 on cycle 225 reported data on 2020-08-12 at location 40.2°S, 118.4°E. The profile measured temperatures from 4.1°C to 11.3°C and salinities around 34.6 PSU."
5902343,226,-40.08293,118.91441,2020-08-22 09:30:29.001009041,3.826,10.63,34.5375571875,"ARGO float 5902343 on cycle 226 reported data on 2020-08-22 at location 40.1°S, 118.9°E. The profile measured temperatures from 3.8°C to 10.6°C and salinities around 34.5 PSU."
5902344,223,-25.52562,97.45242,2020-08-05 02:48:34.000284093,3.693,21.375,34.91604867394696,"ARGO float 5902344 on cycle 223 reported data on 2020-08-05 at location 25.5°S, 97.5°E. The profile measured temperatures from 3.7°C to 21.4°C and salinities around 34.9 PSU."
5902344,224,-25.50972,97.50515,2020-08-06 06:19:23.000671367,2.349,20.825,34.81792774566474,"ARGO float 5902344 on cycle 224 reported data on 2020-08-06 at location 25.5°S, 97.5°E. The profile measured temperatures from 2.3°C to 20.8°C and salinities around 34.8 PSU."
5902344,225,-25.50378,97.77933,2020-08-16 01:30:39.000150872,3.646,20.278,34.93912857142857,"ARGO float 5902344 on cycle 225 reported data on 2020-08-16 at location 25.5°S, 97.8°E. The profile measured temperatures from 3.6°C to 20.3°C and salinities around 34.9 PSU."
5902344,226,-25.67783,98.08637,2020-08-25 20:34:07.002195228,3.711,20.931,34.913170061728394,"ARGO float 5902344 on cycle 226 reported data on 2020-08-25 at location 25.7°S, 98.1°E. The profile measured temperatures from 3.7°C to 20.9°C and salinities around 34.9 PSU."
5902346,223,-22.35552,80.18112,2020-08-10 14:21:00.001532548,3.729,22.412,34.911285049833886,"ARGO float 5902346 on cycle 223 reported data on 2020-08-10 at location 22.4°S, 80.2°E. The profile measured temperatures from 3.7°C to 22.4°C and salinities around 34.9 PSU."
5902346,224,-22.37671,80.14763,2020-08-20 09:19:00.000993198,3.702,22.282,34.94415016722408,"ARGO float 5902346 on cycle 224 reported data on 2020-08-20 at location 22.4°S, 80.1°E. The profile measured temperatures from 3.7°C to 22.3°C and salinities around 34.9 PSU."
5902346,225,-22.36367,80.14744,2020-08-21 13:23:00.001428167,2.397,22.223,34.864915483870966,"ARGO float 5902346 on cycle 225 reported data on 2020-08-21 at location 22.4°S, 80.1°E. The profile measured temperatures from 2.4°C to 22.2°C and salinities around 34.9 PSU."
5902346,226,-22.40962,80.05151,2020-08-31 08:08:00.000869928,3.687,22.461,34.881536026936026,"ARGO float 5902346 on cycle 226 reported data on 2020-08-31 at location 22.4°S, 80.1°E. The profile measured temperatures from 3.7°C to 22.5°C and salinities around 34.9 PSU."
5902347,223,-39.73065,101.96924,2020-08-06 09:06:06.000974461,3.899,12.524,34.699940212443096,"ARGO float 5902347 on cycle 223 reported data on 2020-08-06 at location 39.7°S, 102.0°E. The profile measured temperatures from 3.9°C to 12.5°C and salinities around 34.7 PSU."
5902347,224,-39.72449,101.91792,2020-08-07 13:29:34.001436661,2.6,12.368,34.63961318897638,"ARGO float 5902347 on cycle 224 reported data on 2020-08-07 at location 39.7°S, 101.9°E. The profile measured temperatures from 2.6°C to 12.4°C and salinities around 34.6 PSU."
5902347,225,-39.98426,101.33895,2020-08-17 08:37:01.000911982,4.075,12.505,34.725079127725856,"ARGO float 5902347 on cycle 225 reported data on 2020-08-17 at location 40.0°S, 101.3°E. The profile measured temperatures from 4.1°C to 12.5°C and salinities around 34.7 PSU."
5902347,226,-40.33285,100.88419,2020-08-27 04:08:54.000440828,3.9,12.253,34.713867069486405,"ARGO float 5902347 on cycle 226 reported data on 2020-08-27 at location 40.3°S, 100.9°E. The profile measured temperatures from 3.9°C to 12.3°C and salinities around 34.7 PSU."
5902348,225,-35.96342,96.91787,2020-08-04 13:03:33.001398967,3.966,14.177,34.817332293291734,"ARGO float 5902348 on cycle 225 reported data on 2020-08-04 at location 36.0°S, 96.9°E. The profile measured temperatures from 4.0°C to 14.2°C and salinities around 34.8 PSU."
5902348,226,-35.95988,96.92904,2020-08-05 17:07:36.001834003,2.694,14.027,34.72218038422649,"ARGO float 5902348 on cycle 226 reported data on 2020-08-05 at location 36.0°S, 96.9°E. The profile measured temperatures from 2.7°C to 14.0°C and salinities around 34.7 PSU."
5902348,227,-36.0173,96.95214,2020-08-15 11:57:17.001262872,4.217,14.011,34.83819216965742,"ARGO float 5902348 on cycle 227 reported data on 2020-08-15 at location 36.0°S, 97.0°E. The profile measured temperatures from 4.2°C to 14.0°C and salinities around 34.8 PSU."
5902348,228,-36.00984,96.90408,2020-08-25 07:08:55.000762609,3.861,13.506,34.79350455927052,"ARGO float 5902348 on cycle 228 reported data on 2020-08-25 at location 36.0°S, 96.9°E. The profile measured temperatures from 3.9°C to 13.5°C and salinities around 34.8 PSU."
5902350,222,-30.10449,78.2911,2020-08-05 12:52:57.001362818,3.781,17.158,34.881953733528555,"ARGO float 5902350 on cycle 222 reported data on 2020-08-05 at location 30.1°S, 78.3°E. The profile measured temperatures from 3.8°C to 17.2°C and salinities around 34.9 PSU."
5902350,223,-30.13791,78.21232,2020-08-06 16:55:27.001796548,2.817,16.922,34.79114090431125,"ARGO float 5902350 on cycle 223 reported data on 2020-08-06 at location 30.1°S, 78.2°E. The profile measured temperatures from 2.8°C to 16.9°C and salinities around 34.8 PSU."
5902350,224,-30.13772,77.62879,2020-08-16 12:26:25.001325107,3.924,17.282,34.8856862804878,"ARGO float 5902350 on cycle 224 reported data on 2020-08-16 at location 30.1°S, 77.6°E. The profile measured temperatures from 3.9°C to 17.3°C and salinities around 34.9 PSU."
5902350,225,-29.99932,77.09483,2020-08-26 08:25:54.000894676,3.742,18.153,34.88975691411936,"ARGO float 5902350 on cycle 225 reported data on 2020-08-26 at location 30.0°S, 77.1°E. The profile measured temperatures from 3.7°C to 18.2°C and salinities around 34.9 PSU."
5902351,230,-30.14119,91.14956,2020-08-05 20:24:31.002180649,3.839,16.918,34.958028794992174,"ARGO float 5902351 on cycle 230 reported data on 2020-08-05 at location 30.1°S, 91.1°E. The profile measured temperatures from 3.8°C to 16.9°C and salinities around 35.0 PSU."
5902351,231,-30.1368,90.82098,2020-08-15 14:27:17.001541152,3.991,16.568,34.98592410575428,"ARGO float 5902351 on cycle 231 reported data on 2020-08-15 at location 30.1°S, 90.8°E. The profile measured temperatures from 4.0°C to 16.6°C and salinities around 35.0 PSU."
5902351,232,-30.13984,90.80936,2020-08-16 17:34:08.001873287,2.571,17.013,34.83505213764338,"ARGO float 5902351 on cycle 232 reported data on 2020-08-16 at location 30.1°S, 90.8°E. The profile measured temperatures from 2.6°C to 17.0°C and salinities around 34.8 PSU."
5902351,233,-29.98268,90.52964,2020-08-26 11:36:51.001232451,3.961,17.249,34.94553196202531,"ARGO float 5902351 on cycle 233 reported data on 2020-08-26 at location 30.0°S, 90.5°E. The profile measured temperatures from 4.0°C to 17.2°C and salinities around 34.9 PSU."
5902352,231,-36.23572,99.78643,2020-08-03 08:03:46.000862732,3.925,13.215,34.76629921996879,"ARGO float 5902352 on cycle 231 reported data on 2020-08-03 at location 36.2°S, 99.8°E. The profile measured temperatures from 3.9°C to 13.2°C and salinities around 34.8 PSU."
5902352,232,-36.1968,99.86452,2020-08-13 00:32:23.000046524,3.983,13.77,34.791452418096725,"ARGO float 5902352 on cycle 232 reported data on 2020-08-13 at location 36.2°S, 99.9°E. The profile measured temperatures from 4.0°C to 13.8°C and salinities around 34.8 PSU."
5902352,233,-36.20022,99.87413,2020-08-14 01:48:45.000176857,2.565,13.318,34.696893100097185,"ARGO float 5902352 on cycle 233 reported data on 2020-08-14 at location 36.2°S, 99.9°E. The profile measured temperatures from 2.6°C to 13.3°C and salinities around 34.7 PSU."
5902352,234,-36.0862,99.97567,2020-08-23 18:21:37.001961550,3.977,13.636,34.80626572769953,"ARGO float 5902352 on cycle 234 reported data on 2020-08-23 at location 36.1°S, 100.0°E. The profile measured temperatures from 4.0°C to 13.6°C and salinities around 34.8 PSU."
5902353,222,-30.72908,69.02509,2020-08-04 18:27:30.001970514,3.831,17.191,34.952702318392575,"ARGO float 5902353 on cycle 222 reported data on 2020-08-04 at location 30.7°S, 69.0°E. The profile measured temperatures from 3.8°C to 17.2°C and salinities around 35.0 PSU."
5902353,223,-30.60433,68.97949,2020-08-05 22:32:37.002406686,2.473,17.262,34.82839149377593,"ARGO float 5902353 on cycle 223 reported data on 2020-08-05 at location 30.6°S, 69.0°E. The profile measured temperatures from 2.5°C to 17.3°C and salinities around 34.8 PSU."
5902353,224,-30.03434,69.42668,2020-08-15 17:26:06.001861822,3.681,16.635,34.9093009375,"ARGO float 5902353 on cycle 224 reported data on 2020-08-15 at location 30.0°S, 69.4°E. The profile measured temperatures from 3.7°C to 16.6°C and salinities around 34.9 PSU."
5902353,225,-30.75444,69.65124,2020-08-25 12:10:14.001302118,3.817,17.253,34.93833106646059,"ARGO float 5902353 on cycle 225 reported data on 2020-08-25 at location 30.8°S, 69.7°E. The profile measured temperatures from 3.8°C to 17.3°C and salinities around 34.9 PSU."
5902354,231,-29.19372,91.08812,2020-08-06 08:54:50.000936503,4.101,17.695,34.858892881355935,"ARGO float 5902354 on cycle 231 reported data on 2020-08-06 at location 29.2°S, 91.1°E. The profile measured temperatures from 4.1°C to 17.7°C and salinities around 34.9 PSU."
5902354,232,-29.22829,90.75311,2020-08-16 04:03:24.000433462,3.791,16.87,34.8412862992126,"ARGO float 5902354 on cycle 232 reported data on 2020-08-16 at location 29.2°S, 90.8°E. The profile measured temperatures from 3.8°C to 16.9°C and salinities around 34.8 PSU."
5902354,233,-29.24148,90.71528,2020-08-17 08:39:03.000915037,2.489,16.996,34.75538806262231,"ARGO float 5902354 on cycle 233 reported data on 2020-08-17 at location 29.2°S, 90.7°E. The profile measured temperatures from 2.5°C to 17.0°C and salinities around 34.8 PSU."
5902354,234,-29.28639,90.47243,2020-08-27 03:09:41.000334779,3.976,18.225,34.898196661101835,"ARGO float 5902354 on cycle 234 reported data on 2020-08-27 at location 29.3°S, 90.5°E. The profile measured temperatures from 4.0°C to 18.2°C and salinities around 34.9 PSU."
5902355,225,-25.97047,75.20391,2020-08-09 00:54:05.000078367,4.388,19.892,34.985183673469386,"ARGO float 5902355 on cycle 225 reported data on 2020-08-09 at location 26.0°S, 75.2°E. The profile measured temperatures from 4.4°C to 19.9°C and salinities around 35.0 PSU."
5902355,226,-25.79452,75.4014,2020-08-18 19:09:56.002051445,4.418,19.91,35.03187190635451,"ARGO float 5902355 on cycle 226 reported data on 2020-08-18 at location 25.8°S, 75.4°E. The profile measured temperatures from 4.4°C to 19.9°C and salinities around 35.0 PSU."
5902355,227,-25.57846,75.55783,2020-08-28 13:51:26.001468639,4.413,21.347,35.03547504187605,"ARGO float 5902355 on cycle 227 reported data on 2020-08-28 at location 25.6°S, 75.6°E. The profile measured temperatures from 4.4°C to 21.3°C and salinities around 35.0 PSU."
5902355,228,-25.56679,75.57203,2020-08-29 17:53:33.001900762,2.832,21.151,34.88383201663201,"ARGO float 5902355 on cycle 228 reported data on 2020-08-29 at location 25.6°S, 75.6°E. The profile measured temperatures from 2.8°C to 21.2°C and salinities around 34.9 PSU."
5902356,222,-22.27412,70.35874,2020-08-05 06:27:19.000682999,4.577,21.821,35.047185454545456,"ARGO float 5902356 on cycle 222 reported data on 2020-08-05 at location 22.3°S, 70.4°E. The profile measured temperatures from 4.6°C to 21.8°C and salinities around 35.0 PSU."
5902356,223,-22.24215,70.31802,2020-08-06 10:10:49.001087236,2.45,21.875,34.91425370548605,"ARGO float 5902356 on cycle 223 reported data on 2020-08-06 at location 22.2°S, 70.3°E. The profile measured temperatures from 2.5°C to 21.9°C and salinities around 34.9 PSU."
5902356,224,-22.12607,70.29462,2020-08-16 04:43:39.000491627,4.652,21.64,35.038174999999995,"ARGO float 5902356 on cycle 224 reported data on 2020-08-16 at location 22.1°S, 70.3°E. The profile measured temperatures from 4.7°C to 21.6°C and salinities around 35.0 PSU."
5902356,225,-21.9875,70.42755,2020-08-25 23:23:45.002500883,4.603,23.033,34.99157004830918,"ARGO float 5902356 on cycle 225 reported data on 2020-08-25 at location 22.0°S, 70.4°E. The profile measured temperatures from 4.6°C to 23.0°C and salinities around 35.0 PSU."
5902357,229,-22.05759,69.64218,2020-08-06 23:19:42.002494999,4.459,22.006,34.98111993720565,"ARGO float 5902357 on cycle 229 reported data on 2020-08-06 at location 22.1°S, 69.6°E. The profile measured temperatures from 4.5°C to 22.0°C and salinities around 35.0 PSU."
5902357,230,-22.30378,68.84007,2020-08-16 18:16:21.001954319,4.5,22.683,34.97878187403994,"ARGO float 5902357 on cycle 230 reported data on 2020-08-16 at location 22.3°S, 68.8°E. The profile measured temperatures from 4.5°C to 22.7°C and salinities around 35.0 PSU."
5902357,231,-22.31352,68.73171,2020-08-17 22:43:31.002422831,2.239,22.489,34.86954082612873,"ARGO float 5902357 on cycle 231 reported data on 2020-08-17 at location 22.3°S, 68.7°E. The profile measured temperatures from 2.2°C to 22.5°C and salinities around 34.9 PSU."
5902357,232,-22.52058,67.99745,2020-08-27 17:17:12.001848573,4.741,22.05,35.01547245409015,"ARGO float 5902357 on cycle 232 reported data on 2020-08-27 at location 22.5°S, 68.0°E. The profile measured temperatures from 4.7°C to 22.1°C and salinities around 35.0 PSU."
5902358,223,-20.20677,74.82346,2020-08-09 22:25:54.002396712,4.137,23.433,34.984329353233825,"ARGO float 5902358 on cycle 223 reported data on 2020-08-09 at location 20.2°S, 74.8°E. The profile measured temperatures from 4.1°C to 23.4°C and salinities around 35.0 PSU."
5902358,224,-20.15057,74.96258,2020-08-19 16:44:20.001780496,4.156,22.833,35.00278829268293,"ARGO float 5902358 on cycle 224 reported data on 2020-08-19 at location 20.2°S, 75.0°E. The profile measured temperatures from 4.2°C to 22.8°C and salinities around 35.0 PSU."
5902358,225,-20.10803,75.09595,2020-08-29 11:13:36.001198992,4.16,23.089,35.018396405228756,"ARGO float 5902358 on cycle 225 reported data on 2020-08-29 at location 20.1°S, 75.1°E. The profile measured temperatures from 4.2°C to 23.1°C and salinities around 35.0 PSU."
5902358,226,-20.09551,75.09139,2020-08-30 15:13:58.001627942,2.822,22.698,34.90112213114754,"ARGO float 5902358 on cycle 226 reported data on 2020-08-30 at location 20.1°S, 75.1°E. The profile measured temperatures from 2.8°C to 22.7°C and salinities around 34.9 PSU."
5902359,232,-21.71928,68.93345,2020-08-07 03:44:16.000385755,4.207,22.381,34.95602153846154,"ARGO float 5902359 on cycle 232 reported data on 2020-08-07 at location 21.7°S, 68.9°E. The profile measured temperatures from 4.2°C to 22.4°C and salinities around 35.0 PSU."
5902359,233,-21.7255,68.88455,2020-08-08 05:46:11.000603331,2.305,22.228,34.86521333333333,"ARGO float 5902359 on cycle 233 reported data on 2020-08-08 at location 21.7°S, 68.9°E. The profile measured temperatures from 2.3°C to 22.2°C and salinities around 34.9 PSU."
5902359,234,-21.862,68.48563,2020-08-18 00:18:14.000026279,4.33,22.909,34.963595583596216,"ARGO float 5902359 on cycle 234 reported data on 2020-08-18 at location 21.9°S, 68.5°E. The profile measured temperatures from 4.3°C to 22.9°C and salinities around 35.0 PSU."
5902359,235,-21.90028,68.13155,2020-08-27 18:51:15.002005337,4.186,23.111,34.97223009118541,"ARGO float 5902359 on cycle 235 reported data on 2020-08-27 at location 21.9°S, 68.1°E. The profile measured temperatures from 4.2°C to 23.1°C and salinities around 35.0 PSU."
5902359,236,-21.90488,68.10265,2020-08-28 21:15:43.002274838,2.345,22.752,34.872435414534294,"ARGO float 5902359 on cycle 236 reported data on 2020-08-28 at location 21.9°S, 68.1°E. The profile measured temperatures from 2.3°C to 22.8°C and salinities around 34.9 PSU."
5902360,220,-35.95063,66.22606,2020-08-06 03:02:55.000324737,4.369,14.179,34.95066718266254,"ARGO float 5902360 on cycle 220 reported data on 2020-08-06 at location 36.0°S, 66.2°E. The profile measured temperatures from 4.4°C to 14.2°C and salinities around 35.0 PSU."
5902360,221,-35.94134,66.2772,2020-08-07 07:49:27.000822230,2.614,14.163,34.79532477962781,"ARGO float 5902360 on cycle 221 reported data on 2020-08-07 at location 35.9°S, 66.3°E. The profile measured temperatures from 2.6°C to 14.2°C and salinities around 34.8 PSU."
5902360,222,-35.73966,66.68092,2020-08-17 02:46:43.000281399,4.383,13.977,34.949604395604396,"ARGO float 5902360 on cycle 222 reported data on 2020-08-17 at location 35.7°S, 66.7°E. The profile measured temperatures from 4.4°C to 14.0°C and salinities around 34.9 PSU."
5902360,223,-35.47064,67.18459,2020-08-26 22:25:35.002396678,3.768,14.233,34.890544460431656,"ARGO float 5902360 on cycle 223 reported data on 2020-08-26 at location 35.5°S, 67.2°E. The profile measured temperatures from 3.8°C to 14.2°C and salinities around 34.9 PSU."
5902361,221,-25.97596,63.03843,2020-08-08 12:17:16.001312127,6.041,22.074,35.11984240150094,"ARGO float 5902361 on cycle 221 reported data on 2020-08-08 at location 26.0°S, 63.0°E. The profile measured temperatures from 6.0°C to 22.1°C and salinities around 35.1 PSU."
5902361,222,-26.20571,62.90383,2020-08-18 06:12:34.000660938,5.863,22.056,35.12932723880597,"ARGO float 5902361 on cycle 222 reported data on 2020-08-18 at location 26.2°S, 62.9°E. The profile measured temperatures from 5.9°C to 22.1°C and salinities around 35.1 PSU."
5902361,223,-26.75586,62.72316,2020-08-28 00:14:47.000020329,6.05,21.958,35.122045065176906,"ARGO float 5902361 on cycle 223 reported data on 2020-08-28 at location 26.8°S, 62.7°E. The profile measured temperatures from 6.0°C to 22.0°C and salinities around 35.1 PSU."
5902361,224,-26.8463,62.73882,2020-08-29 04:45:15.000494581,2.436,21.823,34.87421907571289,"ARGO float 5902361 on cycle 224 reported data on 2020-08-29 at location 26.8°S, 62.7°E. The profile measured temperatures from 2.4°C to 21.8°C and salinities around 34.9 PSU."
5902362,221,-46.54829,128.37649,2020-08-09 12:39:08.001344105,4.337,9.708,34.5290570951586,"ARGO float 5902362 on cycle 221 reported data on 2020-08-09 at location 46.5°S, 128.4°E. The profile measured temperatures from 4.3°C to 9.7°C and salinities around 34.5 PSU."
5902362,222,-47.00494,127.86051,2020-08-19 07:21:50.000781271,4.737,9.706,34.54806428571428,"ARGO float 5902362 on cycle 222 reported data on 2020-08-19 at location 47.0°S, 127.9°E. The profile measured temperatures from 4.7°C to 9.7°C and salinities around 34.5 PSU."
5902362,223,-47.14563,126.70744,2020-08-29 02:08:13.000226095,4.91,9.584,34.54948527397261,"ARGO float 5902362 on cycle 223 reported data on 2020-08-29 at location 47.1°S, 126.7°E. The profile measured temperatures from 4.9°C to 9.6°C and salinities around 34.5 PSU."
5902362,224,-47.15389,126.52238,2020-08-30 06:54:17.000722074,2.588,9.601,34.520515789473684,"ARGO float 5902362 on cycle 224 reported data on 2020-08-30 at location 47.2°S, 126.5°E. The profile measured temperatures from 2.6°C to 9.6°C and salinities around 34.5 PSU."
5902364,219,-38.62062,92.86463,2020-08-05 08:15:02.000879936,3.672,12.132,28.057471841704714,"ARGO float 5902364 on cycle 219 reported data on 2020-08-05 at location 38.6°S, 92.9°E. The profile measured temperatures from 3.7°C to 12.1°C and salinities around 28.1 PSU."
5902364,220,-38.62668,92.80646,2020-08-06 11:49:28.001251306,2.492,12.266,28.05796518375242,"ARGO float 5902364 on cycle 220 reported data on 2020-08-06 at location 38.6°S, 92.8°E. The profile measured temperatures from 2.5°C to 12.3°C and salinities around 28.1 PSU."
5902364,221,-38.46185,92.17518,2020-08-16 06:59:05.000729363,3.776,12.325,28.080015624999998,"ARGO float 5902364 on cycle 221 reported data on 2020-08-16 at location 38.5°S, 92.2°E. The profile measured temperatures from 3.8°C to 12.3°C and salinities around 28.1 PSU."
5902364,222,-37.90087,91.67545,2020-08-26 01:45:00.000172664,3.881,12.11,28.069275675675676,"ARGO float 5902364 on cycle 222 reported data on 2020-08-26 at location 37.9°S, 91.7°E. The profile measured temperatures from 3.9°C to 12.1°C and salinities around 28.1 PSU."
5902367,219,-23.90731,100.9194,2020-08-02 18:17:22.001956002,4.501,22.016,35.01219275123559,"ARGO float 5902367 on cycle 219 reported data on 2020-08-02 at location 23.9°S, 100.9°E. The profile measured temperatures from 4.5°C to 22.0°C and salinities around 35.0 PSU."
5902367,220,-23.9334,100.92661,2020-08-03 22:38:59.002415517,2.42,21.938,34.858733399014774,"ARGO float 5902367 on cycle 220 reported data on 2020-08-03 at location 23.9°S, 100.9°E. The profile measured temperatures from 2.4°C to 21.9°C and salinities around 34.9 PSU."
5902367,221,-23.94069,100.91022,2020-08-13 17:09:25.001836848,4.341,21.467,35.00421554404145,"ARGO float 5902367 on cycle 221 reported data on 2020-08-13 at location 23.9°S, 100.9°E. The profile measured temperatures from 4.3°C to 21.5°C and salinities around 35.0 PSU."
5902367,222,-24.01558,100.83267,2020-08-23 11:41:28.001239681,4.263,20.389,34.95024563758389,"ARGO float 5902367 on cycle 222 reported data on 2020-08-23 at location 24.0°S, 100.8°E. The profile measured temperatures from 4.3°C to 20.4°C and salinities around 35.0 PSU."
5902368,219,-38.38564,114.15648,2020-08-02 18:12:53.001948444,3.659,12.322,34.750659654631086,"ARGO float 5902368 on cycle 219 reported data on 2020-08-02 at location 38.4°S, 114.2°E. The profile measured temperatures from 3.7°C to 12.3°C and salinities around 34.8 PSU."
5902368,220,-38.51447,114.1556,2020-08-03 22:16:04.002383579,2.612,12.953,34.75487237113402,"ARGO float 5902368 on cycle 220 reported data on 2020-08-03 at location 38.5°S, 114.2°E. The profile measured temperatures from 2.6°C to 13.0°C and salinities around 34.8 PSU."
5902368,221,-38.64015,113.35958,2020-08-13 17:06:35.001832631,3.582,13.195,34.802824,"ARGO float 5902368 on cycle 221 reported data on 2020-08-13 at location 38.6°S, 113.4°E. The profile measured temperatures from 3.6°C to 13.2°C and salinities around 34.8 PSU."
5902368,222,-39.24043,113.52663,2020-08-23 12:01:50.001288660,3.68,13.029,34.80219160186625,"ARGO float 5902368 on cycle 222 reported data on 2020-08-23 at location 39.2°S, 113.5°E. The profile measured temperatures from 3.7°C to 13.0°C and salinities around 34.8 PSU."
5902369,219,-40.59055,114.41336,2020-08-05 00:01:52.000001348,4.125,12.361,28.30304422764228,"ARGO float 5902369 on cycle 219 reported data on 2020-08-05 at location 40.6°S, 114.4°E. The profile measured temperatures from 4.1°C to 12.4°C and salinities around 28.3 PSU."
5902369,220,-40.60863,114.33934,2020-08-06 03:29:18.000363802,2.542,12.146,28.280063168124393,"ARGO float 5902369 on cycle 220 reported data on 2020-08-06 at location 40.6°S, 114.3°E. The profile measured temperatures from 2.5°C to 12.1°C and salinities around 28.3 PSU."
5902369,221,-40.64143,113.54601,2020-08-15 21:56:38.002334501,4.535,11.21,28.25609830508474,"ARGO float 5902369 on cycle 221 reported data on 2020-08-15 at location 40.6°S, 113.5°E. The profile measured temperatures from 4.5°C to 11.2°C and salinities around 28.3 PSU."
5902369,222,-40.80477,112.84741,2020-08-25 16:54:45.001794899,3.933,11.445,28.260467071320182,"ARGO float 5902369 on cycle 222 reported data on 2020-08-25 at location 40.8°S, 112.8°E. The profile measured temperatures from 3.9°C to 11.4°C and salinities around 28.3 PSU."
5902372,219,-38.10211,134.54318,2020-08-07 01:54:05.000185653,3.947,12.056,34.72971894563427,"ARGO float 5902372 on cycle 219 reported data on 2020-08-07 at location 38.1°S, 134.5°E. The profile measured temperatures from 3.9°C to 12.1°C and salinities around 34.7 PSU."
5902372,220,-38.08091,134.60113,2020-08-08 06:20:34.000672562,2.388,12.167,34.687113279678066,"ARGO float 5902372 on cycle 220 reported data on 2020-08-08 at location 38.1°S, 134.6°E. The profile measured temperatures from 2.4°C to 12.2°C and salinities around 34.7 PSU."
5902372,221,-38.13677,135.37544,2020-08-18 01:01:01.000108657,3.836,12.236,34.734989683860235,"ARGO float 5902372 on cycle 221 reported data on 2020-08-18 at location 38.1°S, 135.4°E. The profile measured temperatures from 3.8°C to 12.2°C and salinities around 34.7 PSU."
5902372,222,-38.23587,135.9744,2020-08-27 21:22:58.002284746,3.743,11.854,34.70106709886548,"ARGO float 5902372 on cycle 222 reported data on 2020-08-27 at location 38.2°S, 136.0°E. The profile measured temperatures from 3.7°C to 11.9°C and salinities around 34.7 PSU."
5902373,219,-39.91215,122.03075,2020-08-06 01:56:08.000188632,3.946,11.227,34.599318107667216,"ARGO float 5902373 on cycle 219 reported data on 2020-08-06 at location 39.9°S, 122.0°E. The profile measured temperatures from 3.9°C to 11.2°C and salinities around 34.6 PSU."
5902373,220,-39.89558,122.03674,2020-08-07 05:25:49.000572583,2.493,11.282,34.588393567251465,"ARGO float 5902373 on cycle 220 reported data on 2020-08-07 at location 39.9°S, 122.0°E. The profile measured temperatures from 2.5°C to 11.3°C and salinities around 34.6 PSU."
5902373,221,-39.79091,122.01198,2020-08-16 23:40:47.002525731,4.199,11.129,34.599373514431235,"ARGO float 5902373 on cycle 221 reported data on 2020-08-16 at location 39.8°S, 122.0°E. The profile measured temperatures from 4.2°C to 11.1°C and salinities around 34.6 PSU."
5902373,222,-39.71288,121.90605,2020-08-26 17:59:37.001909466,4.097,11.024,34.591929666666665,"ARGO float 5902373 on cycle 222 reported data on 2020-08-26 at location 39.7°S, 121.9°E. The profile measured temperatures from 4.1°C to 11.0°C and salinities around 34.6 PSU."
5902377,218,-36.14993,131.61755,2020-08-03 07:00:19.000751060,3.431,13.461,34.74818734177215,"ARGO float 5902377 on cycle 218 reported data on 2020-08-03 at location 36.1°S, 131.6°E. The profile measured temperatures from 3.4°C to 13.5°C and salinities around 34.7 PSU."
5902377,219,-36.20245,131.57699,2020-08-04 11:00:00.001180169,2.441,13.358,34.6888047151277,"ARGO float 5902377 on cycle 219 reported data on 2020-08-04 at location 36.2°S, 131.6°E. The profile measured temperatures from 2.4°C to 13.4°C and salinities around 34.7 PSU."
5902377,220,-36.15407,131.78796,2020-08-14 05:39:14.000593230,3.42,13.744,34.75982190016103,"ARGO float 5902377 on cycle 220 reported data on 2020-08-14 at location 36.2°S, 131.8°E. The profile measured temperatures from 3.4°C to 13.7°C and salinities around 34.8 PSU."
5902377,221,-36.08354,131.77039,2020-08-24 00:24:06.000035016,3.336,13.362,34.759101737756716,"ARGO float 5902377 on cycle 221 reported data on 2020-08-24 at location 36.1°S, 131.8°E. The profile measured temperatures from 3.3°C to 13.4°C and salinities around 34.8 PSU."
5902379,220,-33.12492,100.84148,2020-08-01 15:48:04.001679051,2.546,15.122,34.78897850098619,"ARGO float 5902379 on cycle 220 reported data on 2020-08-01 at location 33.1°S, 100.8°E. The profile measured temperatures from 2.5°C to 15.1°C and salinities around 34.8 PSU."
5902379,221,-33.24155,100.44548,2020-08-11 10:17:03.001097656,4.293,14.951,34.95078369384359,"ARGO float 5902379 on cycle 221 reported data on 2020-08-11 at location 33.2°S, 100.4°E. The profile measured temperatures from 4.3°C to 15.0°C and salinities around 35.0 PSU."
5902379,222,-33.07271,100.60787,2020-08-21 04:45:15.000494581,4.38,14.919,34.958768159203984,"ARGO float 5902379 on cycle 222 reported data on 2020-08-21 at location 33.1°S, 100.6°E. The profile measured temperatures from 4.4°C to 14.9°C and salinities around 35.0 PSU."
5902379,223,-33.07896,100.19972,2020-08-30 23:13:25.002486387,4.519,14.825,34.95990515806988,"ARGO float 5902379 on cycle 223 reported data on 2020-08-30 at location 33.1°S, 100.2°E. The profile measured temperatures from 4.5°C to 14.8°C and salinities around 35.0 PSU."
5902380,223,-24.87384,96.9368,2020-08-02 03:44:36.000385722,2.423,21.423,34.84354467253177,"ARGO float 5902380 on cycle 223 reported data on 2020-08-02 at location 24.9°S, 96.9°E. The profile measured temperatures from 2.4°C to 21.4°C and salinities around 34.8 PSU."
5902380,224,-24.93129,96.84747,2020-08-11 22:32:16.002406803,3.834,21.272,34.93796352201258,"ARGO float 5902380 on cycle 224 reported data on 2020-08-11 at location 24.9°S, 96.8°E. The profile measured temperatures from 3.8°C to 21.3°C and salinities around 34.9 PSU."
5902380,225,-24.9796,96.9526,2020-08-21 17:34:23.001873329,3.679,19.607,34.92014330218068,"ARGO float 5902380 on cycle 225 reported data on 2020-08-21 at location 25.0°S, 97.0°E. The profile measured temperatures from 3.7°C to 19.6°C and salinities around 34.9 PSU."
5902380,226,-25.17516,97.1527,2020-08-31 12:42:41.001348323,3.779,20.917,34.925458426966294,"ARGO float 5902380 on cycle 226 reported data on 2020-08-31 at location 25.2°S, 97.2°E. The profile measured temperatures from 3.8°C to 20.9°C and salinities around 34.9 PSU."
5902458,161,-39.97623,130.34852,2020-08-09 16:08:58.001727963,2.39,11.415,34.67678459989934,"ARGO float 5902458 on cycle 161 reported data on 2020-08-09 at location 40.0°S, 130.3°E. The profile measured temperatures from 2.4°C to 11.4°C and salinities around 34.7 PSU."
5902458,162,-40.15094,129.9026,2020-08-19 15:24:59.001644154,2.406,11.357,34.69899216080402,"ARGO float 5902458 on cycle 162 reported data on 2020-08-19 at location 40.2°S, 129.9°E. The profile measured temperatures from 2.4°C to 11.4°C and salinities around 34.7 PSU."
5902458,163,-40.37929,129.94798,2020-08-29 13:13:18.001413445,2.396,11.566,34.74138555057299,"ARGO float 5902458 on cycle 163 reported data on 2020-08-29 at location 40.4°S, 129.9°E. The profile measured temperatures from 2.4°C to 11.6°C and salinities around 34.7 PSU."
5902470,143,-34.70598,127.08448,2020-08-10 21:33:46.002301067,2.311,14.527,34.74679022931206,"ARGO float 5902470 on cycle 143 reported data on 2020-08-10 at location 34.7°S, 127.1°E. The profile measured temperatures from 2.3°C to 14.5°C and salinities around 34.7 PSU."
5902470,144,-34.93008,127.3841,2020-08-20 20:59:54.002231534,2.341,14.351,34.738560518444665,"ARGO float 5902470 on cycle 144 reported data on 2020-08-20 at location 34.9°S, 127.4°E. The profile measured temperatures from 2.3°C to 14.4°C and salinities around 34.7 PSU."
5902470,145,-34.96055,127.45932,2020-08-30 20:43:52.002208133,2.346,14.328,34.736276009975064,"ARGO float 5902470 on cycle 145 reported data on 2020-08-30 at location 35.0°S, 127.5°E. The profile measured temperatures from 2.3°C to 14.3°C and salinities around 34.7 PSU."
5902480,142,-38.56301,121.51361,2020-08-01 22:04:21.002366038,2.441,11.679,34.631150847457626,"ARGO float 5902480 on cycle 142 reported data on 2020-08-01 at location 38.6°S, 121.5°E. The profile measured temperatures from 2.4°C to 11.7°C and salinities around 34.6 PSU."
5902480,143,-38.36452,120.95535,2020-08-11 21:42:06.002314223,2.468,11.523,34.63913974103586,"ARGO float 5902480 on cycle 143 reported data on 2020-08-11 at location 38.4°S, 121.0°E. The profile measured temperatures from 2.5°C to 11.5°C and salinities around 34.6 PSU."
5902480,144,-38.40535,120.20047,2020-08-21 21:28:38.002293819,2.497,11.678,34.64678417122947,"ARGO float 5902480 on cycle 144 reported data on 2020-08-21 at location 38.4°S, 120.2°E. The profile measured temperatures from 2.5°C to 11.7°C and salinities around 34.6 PSU."
5902480,145,-38.45255,119.55954,2020-08-31 20:57:37.002228428,2.495,11.78,34.64107878486056,"ARGO float 5902480 on cycle 145 reported data on 2020-08-31 at location 38.5°S, 119.6°E. The profile measured temperatures from 2.5°C to 11.8°C and salinities around 34.6 PSU."
5902481,142,-37.53835,117.49073,2020-08-06 02:40:30.000272787,2.531,14.665,34.653115049504954,"ARGO float 5902481 on cycle 142 reported data on 2020-08-06 at location 37.5°S, 117.5°E. The profile measured temperatures from 2.5°C to 14.7°C and salinities around 34.7 PSU."
5902481,143,-37.09842,116.84096,2020-08-16 02:28:31.000255271,2.502,13.13,34.62815272007913,"ARGO float 5902481 on cycle 143 reported data on 2020-08-16 at location 37.1°S, 116.8°E. The profile measured temperatures from 2.5°C to 13.1°C and salinities around 34.6 PSU."
5902481,144,-37.54281,115.96335,2020-08-26 01:55:24.000187152,2.516,16.183,34.69076471754212,"ARGO float 5902481 on cycle 144 reported data on 2020-08-26 at location 37.5°S, 116.0°E. The profile measured temperatures from 2.5°C to 16.2°C and salinities around 34.7 PSU."
5902483,142,-36.64102,114.47886,2020-08-05 18:26:43.001968957,2.416,16.826,35.00630424959655,"ARGO float 5902483 on cycle 142 reported data on 2020-08-05 at location 36.6°S, 114.5°E. The profile measured temperatures from 2.4°C to 16.8°C and salinities around 35.0 PSU."
5902483,143,-34.95045,114.10534,2020-08-15 18:30:53.001974589,2.332,15.894,34.99090847457627,"ARGO float 5902483 on cycle 143 reported data on 2020-08-15 at location 35.0°S, 114.1°E. The profile measured temperatures from 2.3°C to 15.9°C and salinities around 35.0 PSU."
5902483,144,-34.36407,113.33297,2020-08-25 18:27:40.001970337,2.389,16.609,35.040995933654365,"ARGO float 5902483 on cycle 144 reported data on 2020-08-25 at location 34.4°S, 113.3°E. The profile measured temperatures from 2.4°C to 16.6°C and salinities around 35.0 PSU."
5902484,142,-27.40052,104.06169,2020-08-09 05:00:40.000536362,2.424,20.407,35.22566614437605,"ARGO float 5902484 on cycle 142 reported data on 2020-08-09 at location 27.4°S, 104.1°E. The profile measured temperatures from 2.4°C to 20.4°C and salinities around 35.2 PSU."
5902484,143,-27.47417,104.2786,2020-08-19 04:47:10.000497258,2.39,20.178,35.22110396323952,"ARGO float 5902484 on cycle 143 reported data on 2020-08-19 at location 27.5°S, 104.3°E. The profile measured temperatures from 2.4°C to 20.2°C and salinities around 35.2 PSU."
5902484,144,-27.77052,104.23886,2020-08-29 04:37:16.000482881,2.408,20.551,35.20506873173583,"ARGO float 5902484 on cycle 144 reported data on 2020-08-29 at location 27.8°S, 104.2°E. The profile measured temperatures from 2.4°C to 20.6°C and salinities around 35.2 PSU."
5902485,142,-40.86301,102.3031,2020-08-10 11:12:46.001197670,2.601,11.275,34.70898112582781,"ARGO float 5902485 on cycle 142 reported data on 2020-08-10 at location 40.9°S, 102.3°E. The profile measured temperatures from 2.6°C to 11.3°C and salinities around 34.7 PSU."
5902485,143,-40.92643,102.29483,2020-08-20 10:54:45.001151167,2.583,11.341,34.70746520547945,"ARGO float 5902485 on cycle 143 reported data on 2020-08-20 at location 40.9°S, 102.3°E. The profile measured temperatures from 2.6°C to 11.3°C and salinities around 34.7 PSU."
5902485,144,-40.84403,102.14168,2020-08-30 10:27:56.001112001,2.595,11.242,34.713980324324325,"ARGO float 5902485 on cycle 144 reported data on 2020-08-30 at location 40.8°S, 102.1°E. The profile measured temperatures from 2.6°C to 11.2°C and salinities around 34.7 PSU."
5902486,140,-24.86728,94.66936,2020-08-01 16:41:19.001776220,2.431,20.387,35.204924545454546,"ARGO float 5902486 on cycle 140 reported data on 2020-08-01 at location 24.9°S, 94.7°E. The profile measured temperatures from 2.4°C to 20.4°C and salinities around 35.2 PSU."
5902486,141,-24.55985,94.55642,2020-08-11 16:24:57.001751288,2.437,19.409,35.18827077809798,"ARGO float 5902486 on cycle 141 reported data on 2020-08-11 at location 24.6°S, 94.6°E. The profile measured temperatures from 2.4°C to 19.4°C and salinities around 35.2 PSU."
5902486,142,-24.37978,94.75266,2020-08-21 16:21:37.001746969,2.41,19.169,35.127238541666664,"ARGO float 5902486 on cycle 142 reported data on 2020-08-21 at location 24.4°S, 94.8°E. The profile measured temperatures from 2.4°C to 19.2°C and salinities around 35.1 PSU."
5902486,143,-24.52056,95.13347,2020-08-31 16:12:04.001734039,2.426,20.803,35.17477613310384,"ARGO float 5902486 on cycle 143 reported data on 2020-08-31 at location 24.5°S, 95.1°E. The profile measured temperatures from 2.4°C to 20.8°C and salinities around 35.2 PSU."
5902487,141,-22.33388,110.20538,2020-08-10 20:10:12.002160270,2.514,23.868,34.998270557308096,"ARGO float 5902487 on cycle 141 reported data on 2020-08-10 at location 22.3°S, 110.2°E. The profile measured temperatures from 2.5°C to 23.9°C and salinities around 35.0 PSU."
5902487,142,-22.33097,110.2033,2020-08-20 20:44:38.002209774,2.497,23.295,35.05868006312467,"ARGO float 5902487 on cycle 142 reported data on 2020-08-20 at location 22.3°S, 110.2°E. The profile measured temperatures from 2.5°C to 23.3°C and salinities around 35.1 PSU."
5902487,143,-22.35094,109.73248,2020-08-30 21:17:38.002277834,2.448,23.536,35.02244004305705,"ARGO float 5902487 on cycle 143 reported data on 2020-08-30 at location 22.4°S, 109.7°E. The profile measured temperatures from 2.4°C to 23.5°C and salinities around 35.0 PSU."
5902488,140,-15.89088,107.0683,2020-08-02 07:36:37.000803173,2.647,26.153,32.252390249187435,"ARGO float 5902488 on cycle 140 reported data on 2020-08-02 at location 15.9°S, 107.1°E. The profile measured temperatures from 2.6°C to 26.2°C and salinities around 32.3 PSU."
5902488,141,-15.79308,106.94255,2020-08-12 07:18:43.000777163,2.649,26.098,31.83363553355336,"ARGO float 5902488 on cycle 141 reported data on 2020-08-12 at location 15.8°S, 106.9°E. The profile measured temperatures from 2.6°C to 26.1°C and salinities around 31.8 PSU."
5902488,142,-15.78419,106.76327,2020-08-22 07:02:33.000753779,2.641,25.822,31.64676659217877,"ARGO float 5902488 on cycle 142 reported data on 2020-08-22 at location 15.8°S, 106.8°E. The profile measured temperatures from 2.6°C to 25.8°C and salinities around 31.6 PSU."
5902489,148,-20.86036,107.16441,2020-08-05 21:21:42.002283323,2.445,24.277,26.749805025125628,"ARGO float 5902489 on cycle 148 reported data on 2020-08-05 at location 20.9°S, 107.2°E. The profile measured temperatures from 2.4°C to 24.3°C and salinities around 26.7 PSU."
5902489,149,-21.35166,107.57432,2020-08-15 21:39:24.002309669,2.477,23.696,19.756172705882353,"ARGO float 5902489 on cycle 149 reported data on 2020-08-15 at location 21.4°S, 107.6°E. The profile measured temperatures from 2.5°C to 23.7°C and salinities around 19.8 PSU."
5902489,150,-21.65461,108.04348,2020-08-25 21:45:56.002318323,2.605,22.966,21.059544269662922,"ARGO float 5902489 on cycle 150 reported data on 2020-08-25 at location 21.7°S, 108.0°E. The profile measured temperatures from 2.6°C to 23.0°C and salinities around 21.1 PSU."
5902490,140,-16.8968,99.08477,2020-08-04 08:20:10.000887184,2.513,24.934,34.97397329545454,"ARGO float 5902490 on cycle 140 reported data on 2020-08-04 at location 16.9°S, 99.1°E. The profile measured temperatures from 2.5°C to 24.9°C and salinities around 35.0 PSU."
5902490,141,-16.52485,99.49701,2020-08-14 07:47:46.000819368,2.522,25.539,34.947679542857145,"ARGO float 5902490 on cycle 141 reported data on 2020-08-14 at location 16.5°S, 99.5°E. The profile measured temperatures from 2.5°C to 25.5°C and salinities around 34.9 PSU."
5902490,142,-16.31899,99.81729,2020-08-24 06:53:17.000720617,2.529,25.327,34.889289373923035,"ARGO float 5902490 on cycle 142 reported data on 2020-08-24 at location 16.3°S, 99.8°E. The profile measured temperatures from 2.5°C to 25.3°C and salinities around 34.9 PSU."
5902491,140,-17.93969,90.22284,2020-08-07 17:46:26.001890526,2.577,25.496,35.36181530113945,"ARGO float 5902491 on cycle 140 reported data on 2020-08-07 at location 17.9°S, 90.2°E. The profile measured temperatures from 2.6°C to 25.5°C and salinities around 35.4 PSU."
5902491,141,-17.93351,90.61986,2020-08-17 18:04:42.001936760,2.572,24.745,35.36257194092828,"ARGO float 5902491 on cycle 141 reported data on 2020-08-17 at location 17.9°S, 90.6°E. The profile measured temperatures from 2.6°C to 24.7°C and salinities around 35.4 PSU."
5902491,142,-17.36189,90.92658,2020-08-27 18:11:49.001946996,2.6,24.578,35.32520922098569,"ARGO float 5902491 on cycle 142 reported data on 2020-08-27 at location 17.4°S, 90.9°E. The profile measured temperatures from 2.6°C to 24.6°C and salinities around 35.3 PSU."
5902492,140,-20.45057,90.10505,2020-08-05 21:55:10.002332784,2.448,23.931,35.093258105022834,"ARGO float 5902492 on cycle 140 reported data on 2020-08-05 at location 20.5°S, 90.1°E. The profile measured temperatures from 2.4°C to 23.9°C and salinities around 35.1 PSU."
5902492,141,-20.72892,90.45449,2020-08-15 21:26:04.002290822,2.484,23.127,35.16341014749263,"ARGO float 5902492 on cycle 141 reported data on 2020-08-15 at location 20.7°S, 90.5°E. The profile measured temperatures from 2.5°C to 23.1°C and salinities around 35.2 PSU."
5902492,142,-20.82361,90.85021,2020-08-25 20:54:29.002224084,2.414,23.33,35.125278968481375,"ARGO float 5902492 on cycle 142 reported data on 2020-08-25 at location 20.8°S, 90.9°E. The profile measured temperatures from 2.4°C to 23.3°C and salinities around 35.1 PSU."
5902493,140,-16.20728,94.62508,2020-08-09 06:25:32.000679986,2.534,25.617,34.97278788187373,"ARGO float 5902493 on cycle 140 reported data on 2020-08-09 at location 16.2°S, 94.6°E. The profile measured temperatures from 2.5°C to 25.6°C and salinities around 35.0 PSU."
5902493,141,-16.08306,94.60586,2020-08-19 06:38:59.000698901,2.537,25.226,34.88476832200732,"ARGO float 5902493 on cycle 141 reported data on 2020-08-19 at location 16.1°S, 94.6°E. The profile measured temperatures from 2.5°C to 25.2°C and salinities around 34.9 PSU."
5902493,142,-16.11966,94.62642,2020-08-29 06:46:41.000710399,2.551,25.013,34.89871124197002,"ARGO float 5902493 on cycle 142 reported data on 2020-08-29 at location 16.1°S, 94.6°E. The profile measured temperatures from 2.6°C to 25.0°C and salinities around 34.9 PSU."
5902494,140,-11.45861,70.84326,2020-08-10 23:27:17.002506749,2.719,26.496,34.835056788732395,"ARGO float 5902494 on cycle 140 reported data on 2020-08-10 at location 11.5°S, 70.8°E. The profile measured temperatures from 2.7°C to 26.5°C and salinities around 34.8 PSU."
5902494,141,-11.3645,70.87817,2020-08-20 23:02:45.002470369,2.688,26.189,34.84783146192329,"ARGO float 5902494 on cycle 141 reported data on 2020-08-20 at location 11.4°S, 70.9°E. The profile measured temperatures from 2.7°C to 26.2°C and salinities around 34.8 PSU."
5902494,142,-11.16079,71.1406,2020-08-30 23:25:08.002503937,2.765,26.187,34.87529488126649,"ARGO float 5902494 on cycle 142 reported data on 2020-08-30 at location 11.2°S, 71.1°E. The profile measured temperatures from 2.8°C to 26.2°C and salinities around 34.9 PSU."
5902495,137,-46.90531,139.68517,2020-08-01 00:14:49.000020161,2.379,10.283,34.61312685714286,"ARGO float 5902495 on cycle 137 reported data on 2020-08-01 at location 46.9°S, 139.7°E. The profile measured temperatures from 2.4°C to 10.3°C and salinities around 34.6 PSU."
5902495,138,-46.90444,140.38706,2020-08-11 00:04:46.000005876,2.366,9.944,34.6066625717566,"ARGO float 5902495 on cycle 138 reported data on 2020-08-11 at location 46.9°S, 140.4°E. The profile measured temperatures from 2.4°C to 9.9°C and salinities around 34.6 PSU."
5902495,139,-46.88959,139.34989,2020-08-20 23:59:27.002553374,2.398,10.049,34.60453978248426,"ARGO float 5902495 on cycle 139 reported data on 2020-08-20 at location 46.9°S, 139.3°E. The profile measured temperatures from 2.4°C to 10.0°C and salinities around 34.6 PSU."
5902495,140,-47.40949,139.61121,2020-08-30 23:49:16.002538795,2.387,10.14,34.61543840619812,"ARGO float 5902495 on cycle 140 reported data on 2020-08-30 at location 47.4°S, 139.6°E. The profile measured temperatures from 2.4°C to 10.1°C and salinities around 34.6 PSU."
5902496,138,-45.80932,123.67076,2020-08-10 03:03:06.000326369,2.583,9.62,34.505058585858585,"ARGO float 5902496 on cycle 138 reported data on 2020-08-10 at location 45.8°S, 123.7°E. The profile measured temperatures from 2.6°C to 9.6°C and salinities around 34.5 PSU."
5902496,139,-45.61704,123.20801,2020-08-20 03:05:28.000329072,2.579,9.881,34.51294933920705,"ARGO float 5902496 on cycle 139 reported data on 2020-08-20 at location 45.6°S, 123.2°E. The profile measured temperatures from 2.6°C to 9.9°C and salinities around 34.5 PSU."
5902496,140,-45.05712,122.95331,2020-08-30 02:57:21.000297265,2.561,9.871,34.51973186221744,"ARGO float 5902496 on cycle 140 reported data on 2020-08-30 at location 45.1°S, 123.0°E. The profile measured temperatures from 2.6°C to 9.9°C and salinities around 34.5 PSU."
5902498,137,-41.89486,119.09807,2020-08-02 07:55:53.000830741,2.512,10.378,34.575078559176674,"ARGO float 5902498 on cycle 137 reported data on 2020-08-02 at location 41.9°S, 119.1°E. The profile measured temperatures from 2.5°C to 10.4°C and salinities around 34.6 PSU."
5902498,138,-41.83279,119.02725,2020-08-12 08:06:23.000867058,2.522,10.285,34.571748784624084,"ARGO float 5902498 on cycle 138 reported data on 2020-08-12 at location 41.8°S, 119.0°E. The profile measured temperatures from 2.5°C to 10.3°C and salinities around 34.6 PSU."
5902498,139,-41.80444,118.70947,2020-08-22 08:02:12.000861191,2.527,10.192,34.57368733674049,"ARGO float 5902498 on cycle 139 reported data on 2020-08-22 at location 41.8°S, 118.7°E. The profile measured temperatures from 2.5°C to 10.2°C and salinities around 34.6 PSU."
5902499,137,-47.09255,136.82376,2020-08-01 21:59:54.002338828,2.552,9.722,34.521941680395386,"ARGO float 5902499 on cycle 137 reported data on 2020-08-01 at location 47.1°S, 136.8°E. The profile measured temperatures from 2.6°C to 9.7°C and salinities around 34.5 PSU."
5902499,138,-47.33108,136.52298,2020-08-11 21:39:02.002309560,2.556,9.517,34.518869516935034,"ARGO float 5902499 on cycle 138 reported data on 2020-08-11 at location 47.3°S, 136.5°E. The profile measured temperatures from 2.6°C to 9.5°C and salinities around 34.5 PSU."
5902499,139,-47.42986,136.80352,2020-08-21 21:27:46.002292346,2.565,9.52,34.51975564116676,"ARGO float 5902499 on cycle 139 reported data on 2020-08-21 at location 47.4°S, 136.8°E. The profile measured temperatures from 2.6°C to 9.5°C and salinities around 34.5 PSU."
5902499,140,-47.58078,137.38662,2020-08-31 21:14:07.002273456,2.552,9.683,34.49498208955224,"ARGO float 5902499 on cycle 140 reported data on 2020-08-31 at location 47.6°S, 137.4°E. The profile measured temperatures from 2.6°C to 9.7°C and salinities around 34.5 PSU."
5902500,137,-48.39354,117.6823,2020-08-03 12:07:45.001297464,2.199,8.323,34.27845667574932,"ARGO float 5902500 on cycle 137 reported data on 2020-08-03 at location 48.4°S, 117.7°E. The profile measured temperatures from 2.2°C to 8.3°C and salinities around 34.3 PSU."
5902500,138,-47.78019,118.63967,2020-08-13 12:20:10.001316344,2.265,8.229,34.27508667388949,"ARGO float 5902500 on cycle 138 reported data on 2020-08-13 at location 47.8°S, 118.6°E. The profile measured temperatures from 2.3°C to 8.2°C and salinities around 34.3 PSU."
5902500,139,-47.59152,120.31965,2020-08-23 12:47:46.001355815,2.242,8.22,34.28299524861879,"ARGO float 5902500 on cycle 139 reported data on 2020-08-23 at location 47.6°S, 120.3°E. The profile measured temperatures from 2.2°C to 8.2°C and salinities around 34.3 PSU."
5902501,138,-49.27754,131.00009,2020-08-05 20:26:16.002183511,2.405,9.068,34.30476457326892,"ARGO float 5902501 on cycle 138 reported data on 2020-08-05 at location 49.3°S, 131.0°E. The profile measured temperatures from 2.4°C to 9.1°C and salinities around 34.3 PSU."
5902501,139,-48.84335,132.50755,2020-08-15 18:24:38.001966137,2.416,8.909,34.32426525974026,"ARGO float 5902501 on cycle 139 reported data on 2020-08-15 at location 48.8°S, 132.5°E. The profile measured temperatures from 2.4°C to 8.9°C and salinities around 34.3 PSU."
5902501,140,-48.73647,134.34124,2020-08-25 16:24:09.001751388,2.447,9.532,34.437939628820956,"ARGO float 5902501 on cycle 140 reported data on 2020-08-25 at location 48.7°S, 134.3°E. The profile measured temperatures from 2.4°C to 9.5°C and salinities around 34.4 PSU."
5902502,137,-42.17461,105.4023,2020-08-05 18:30:06.001974924,2.551,10.35,34.553433396946566,"ARGO float 5902502 on cycle 137 reported data on 2020-08-05 at location 42.2°S, 105.4°E. The profile measured temperatures from 2.6°C to 10.3°C and salinities around 34.6 PSU."
5902502,138,-42.02919,104.84035,2020-08-15 18:36:30.001983595,2.542,10.288,34.55697029893925,"ARGO float 5902502 on cycle 138 reported data on 2020-08-15 at location 42.0°S, 104.8°E. The profile measured temperatures from 2.5°C to 10.3°C and salinities around 34.6 PSU."
5902502,139,-42.02114,104.16846,2020-08-25 18:28:06.001972011,2.546,10.543,34.5645662487946,"ARGO float 5902502 on cycle 139 reported data on 2020-08-25 at location 42.0°S, 104.2°E. The profile measured temperatures from 2.5°C to 10.5°C and salinities around 34.6 PSU."
5902504,137,-41.4703,138.9142,2020-08-07 18:58:12.002015429,2.3,11.638,34.84518891402715,"ARGO float 5902504 on cycle 137 reported data on 2020-08-07 at location 41.5°S, 138.9°E. The profile measured temperatures from 2.3°C to 11.6°C and salinities around 34.8 PSU."
5902504,138,-41.22247,138.85436,2020-08-17 18:51:14.002005412,2.277,12.501,34.86076875,"ARGO float 5902504 on cycle 138 reported data on 2020-08-17 at location 41.2°S, 138.9°E. The profile measured temperatures from 2.3°C to 12.5°C and salinities around 34.9 PSU."
5902504,139,-41.02313,138.89471,2020-08-27 18:42:52.001992105,2.288,12.145,34.88218843346435,"ARGO float 5902504 on cycle 139 reported data on 2020-08-27 at location 41.0°S, 138.9°E. The profile measured temperatures from 2.3°C to 12.1°C and salinities around 34.9 PSU."
5902505,138,-50.73562,126.69908,2020-08-09 16:55:22.001796632,2.362,8.548,34.40748486212718,"ARGO float 5902505 on cycle 138 reported data on 2020-08-09 at location 50.7°S, 126.7°E. The profile measured temperatures from 2.4°C to 8.5°C and salinities around 34.4 PSU."
5902505,139,-50.43412,126.27229,2020-08-19 14:42:03.001563129,2.394,9.71,34.43215100171723,"ARGO float 5902505 on cycle 139 reported data on 2020-08-19 at location 50.4°S, 126.3°E. The profile measured temperatures from 2.4°C to 9.7°C and salinities around 34.4 PSU."
5902505,140,-50.44719,126.18116,2020-08-29 12:24:46.001322397,2.425,9.458,34.40041637831603,"ARGO float 5902505 on cycle 140 reported data on 2020-08-29 at location 50.4°S, 126.2°E. The profile measured temperatures from 2.4°C to 9.5°C and salinities around 34.4 PSU."
5902506,137,-43.51456,127.65743,2020-08-07 00:23:29.000033283,2.524,10.204,34.56567421383648,"ARGO float 5902506 on cycle 137 reported data on 2020-08-07 at location 43.5°S, 127.7°E. The profile measured temperatures from 2.5°C to 10.2°C and salinities around 34.6 PSU."
5902506,138,-43.59559,127.89787,2020-08-16 22:52:36.002435819,2.536,10.059,34.568679047037264,"ARGO float 5902506 on cycle 138 reported data on 2020-08-16 at location 43.6°S, 127.9°E. The profile measured temperatures from 2.5°C to 10.1°C and salinities around 34.6 PSU."
5902506,139,-43.29227,128.20618,2020-08-26 21:22:59.002284982,2.536,9.781,34.56253567723343,"ARGO float 5902506 on cycle 139 reported data on 2020-08-26 at location 43.3°S, 128.2°E. The profile measured temperatures from 2.5°C to 9.8°C and salinities around 34.6 PSU."
5902520,118,-40.9973,129.50013,2020-08-14 05:52:22.000612103,0.886,11.084,34.68905902777778,"ARGO float 5902520 on cycle 118 reported data on 2020-08-14 at location 41.0°S, 129.5°E. The profile measured temperatures from 0.9°C to 11.1°C and salinities around 34.7 PSU."
5902520,119,-40.96465,129.36719,2020-08-29 06:44:47.000707638,0.894,10.977,34.70203448275862,"ARGO float 5902520 on cycle 119 reported data on 2020-08-29 at location 41.0°S, 129.4°E. The profile measured temperatures from 0.9°C to 11.0°C and salinities around 34.7 PSU."
5902521,109,-37.94552,128.17501,2020-08-01 00:36:07.000052365,0.917,12.858,34.74890619765495,"ARGO float 5902521 on cycle 109 reported data on 2020-08-01 at location 37.9°S, 128.2°E. The profile measured temperatures from 0.9°C to 12.9°C and salinities around 34.7 PSU."
5902521,110,-37.89372,127.94886,2020-08-16 09:23:06.000999158,0.914,12.011,34.71790133779264,"ARGO float 5902521 on cycle 110 reported data on 2020-08-16 at location 37.9°S, 127.9°E. The profile measured temperatures from 0.9°C to 12.0°C and salinities around 34.7 PSU."
5902521,111,-38.00773,127.54076,2020-08-31 18:06:04.001939899,0.913,11.787,34.704647058823525,"ARGO float 5902521 on cycle 111 reported data on 2020-08-31 at location 38.0°S, 127.5°E. The profile measured temperatures from 0.9°C to 11.8°C and salinities around 34.7 PSU."
5902523,112,-42.36405,124.75064,2020-08-14 20:39:38.002202510,0.82,10.413,34.60068267581475,"ARGO float 5902523 on cycle 112 reported data on 2020-08-14 at location 42.4°S, 124.8°E. The profile measured temperatures from 0.8°C to 10.4°C and salinities around 34.6 PSU."
5902523,113,-42.35567,124.81652,2020-08-29 18:21:07.001961768,0.823,9.947,34.61109671848014,"ARGO float 5902523 on cycle 113 reported data on 2020-08-29 at location 42.4°S, 124.8°E. The profile measured temperatures from 0.8°C to 9.9°C and salinities around 34.6 PSU."
5902524,113,-43.09705,114.9682,2020-08-10 07:28:49.000791524,0.856,10.242,35.79563435374149,"ARGO float 5902524 on cycle 113 reported data on 2020-08-10 at location 43.1°S, 115.0°E. The profile measured temperatures from 0.9°C to 10.2°C and salinities around 35.8 PSU."
5902524,114,-43.29357,114.61907,2020-08-22 14:05:17.001509190,0.862,9.979,36.117460767946575,"ARGO float 5902524 on cycle 114 reported data on 2020-08-22 at location 43.3°S, 114.6°E. The profile measured temperatures from 0.9°C to 10.0°C and salinities around 36.1 PSU."
5902525,116,-37.05702,115.2457,2020-08-13 12:40:55.001345545,0.937,18.29,34.97948263888889,"ARGO float 5902525 on cycle 116 reported data on 2020-08-13 at location 37.1°S, 115.2°E. The profile measured temperatures from 0.9°C to 18.3°C and salinities around 35.0 PSU."
5902525,117,-36.99628,115.19762,2020-08-28 09:01:28.000966995,0.975,17.01,34.99014690265487,"ARGO float 5902525 on cycle 117 reported data on 2020-08-28 at location 37.0°S, 115.2°E. The profile measured temperatures from 1.0°C to 17.0°C and salinities around 35.0 PSU."
5902526,114,-38.40019,118.14341,2020-08-15 12:47:20.001355704,0.897,12.637,34.74516691505216,"ARGO float 5902526 on cycle 114 reported data on 2020-08-15 at location 38.4°S, 118.1°E. The profile measured temperatures from 0.9°C to 12.6°C and salinities around 34.7 PSU."
5902526,115,-38.59181,117.86077,2020-08-30 11:17:00.001204874,0.894,12.053,34.72663103953148,"ARGO float 5902526 on cycle 115 reported data on 2020-08-30 at location 38.6°S, 117.9°E. The profile measured temperatures from 0.9°C to 12.1°C and salinities around 34.7 PSU."
5902527,118,-38.14794,109.73935,2020-08-06 15:51:38.001683505,0.94,16.547,34.947695286195284,"ARGO float 5902527 on cycle 118 reported data on 2020-08-06 at location 38.1°S, 109.7°E. The profile measured temperatures from 0.9°C to 16.5°C and salinities around 34.9 PSU."
5902527,119,-37.96989,109.48652,2020-08-21 10:28:24.001113515,0.973,15.08,35.02110600706714,"ARGO float 5902527 on cycle 119 reported data on 2020-08-21 at location 38.0°S, 109.5°E. The profile measured temperatures from 1.0°C to 15.1°C and salinities around 35.0 PSU."
5903581,243,-49.089,116.14,2020-08-06 09:08:26.000977012,2.276,9.827,34.405352112676056,"ARGO float 5903581 on cycle 243 reported data on 2020-08-06 at location 49.1°S, 116.1°E. The profile measured temperatures from 2.3°C to 9.8°C and salinities around 34.4 PSU."
5903581,244,-50.53,116.647,2020-08-16 14:03:43.001506388,2.173,8.25,34.34987323943662,"ARGO float 5903581 on cycle 244 reported data on 2020-08-16 at location 50.5°S, 116.6°E. The profile measured temperatures from 2.2°C to 8.2°C and salinities around 34.3 PSU."
5903581,245,-50.161,119.428,2020-08-26 17:49:01.001895012,2.182,8.882,34.357816901408455,"ARGO float 5903581 on cycle 245 reported data on 2020-08-26 at location 50.2°S, 119.4°E. The profile measured temperatures from 2.2°C to 8.9°C and salinities around 34.4 PSU."
5903685,328,-38.514,106.575,2020-08-02 21:04:00.999980270,2.527,12.641,34.7879014084507,"ARGO float 5903685 on cycle 328 reported data on 2020-08-02 at location 38.5°S, 106.6°E. The profile measured temperatures from 2.5°C to 12.6°C and salinities around 34.8 PSU."
5903685,329,-38.718,106.354,2020-08-12 21:18:02.999999825,2.518,12.26,34.73621126760564,"ARGO float 5903685 on cycle 329 reported data on 2020-08-12 at location 38.7°S, 106.4°E. The profile measured temperatures from 2.5°C to 12.3°C and salinities around 34.7 PSU."
5903685,330,-39.068,106.124,2020-08-22 23:55:04.999990759,2.552,12.135,34.76615714285714,"ARGO float 5903685 on cycle 330 reported data on 2020-08-22 at location 39.1°S, 106.1°E. The profile measured temperatures from 2.6°C to 12.1°C and salinities around 34.8 PSU."
5903694,325,-19.461,77.518,2020-08-03 00:24:00.999989213,2.597,23.598,31.90948571428572,"ARGO float 5903694 on cycle 325 reported data on 2020-08-03 at location 19.5°S, 77.5°E. The profile measured temperatures from 2.6°C to 23.6°C and salinities around 31.9 PSU."
5903694,326,-19.368,77.298,2020-08-13 00:25:39.000020917,2.62,23.838,31.96695714285714,"ARGO float 5903694 on cycle 326 reported data on 2020-08-13 at location 19.4°S, 77.3°E. The profile measured temperatures from 2.6°C to 23.8°C and salinities around 32.0 PSU."
5903694,327,-19.303,76.889,2020-08-22 22:26:09.000005720,2.576,23.484,31.95735211267606,"ARGO float 5903694 on cycle 327 reported data on 2020-08-22 at location 19.3°S, 76.9°E. The profile measured temperatures from 2.6°C to 23.5°C and salinities around 32.0 PSU."
5903706,325,-19.785,72.566,2020-08-01 16:13:19.999992550,2.608,24.345,35.16235714285714,"ARGO float 5903706 on cycle 325 reported data on 2020-08-01 at location 19.8°S, 72.6°E. The profile measured temperatures from 2.6°C to 24.3°C and salinities around 35.2 PSU."
5903706,326,-20.025,72.246,2020-08-11 15:02:00.999987423,2.616,23.396,35.17452112676057,"ARGO float 5903706 on cycle 326 reported data on 2020-08-11 at location 20.0°S, 72.2°E. The profile measured temperatures from 2.6°C to 23.4°C and salinities around 35.2 PSU."
5903706,327,-19.992,71.634,2020-08-21 16:29:35.000014899,2.517,23.45,35.18315714285714,"ARGO float 5903706 on cycle 327 reported data on 2020-08-21 at location 20.0°S, 71.6°E. The profile measured temperatures from 2.5°C to 23.4°C and salinities around 35.2 PSU."
5903706,328,-20.297,71.255,2020-08-31 14:34:52.000012096,2.57,23.149,35.175788732394366,"ARGO float 5903706 on cycle 328 reported data on 2020-08-31 at location 20.3°S, 71.3°E. The profile measured temperatures from 2.6°C to 23.1°C and salinities around 35.2 PSU."
5903860,283,-13.944,63.978,2020-08-05 14:02:00.001504939,2.38,26.066,34.990125000000006,"ARGO float 5903860 on cycle 283 reported data on 2020-08-05 at location 13.9°S, 64.0°E. The profile measured temperatures from 2.4°C to 26.1°C and salinities around 35.0 PSU."
5903860,284,-13.649,63.733,2020-08-16 03:36:45.000373996,2.402,25.896,34.96522222222222,"ARGO float 5903860 on cycle 284 reported data on 2020-08-16 at location 13.6°S, 63.7°E. The profile measured temperatures from 2.4°C to 25.9°C and salinities around 35.0 PSU."
5903860,285,-13.747,63.302,2020-08-27 00:16:03.000023316,2.354,25.771,34.957138888888885,"ARGO float 5903860 on cycle 285 reported data on 2020-08-27 at location 13.7°S, 63.3°E. The profile measured temperatures from 2.4°C to 25.8°C and salinities around 35.0 PSU."
5903861,283,-14.746,80.443,2020-08-02 18:23:19.001964647,2.499,25.657,34.983694444444446,"ARGO float 5903861 on cycle 283 reported data on 2020-08-02 at location 14.7°S, 80.4°E. The profile measured temperatures from 2.5°C to 25.7°C and salinities around 35.0 PSU."
5903861,284,-14.849,80.151,2020-08-13 09:38:01.001020724,2.471,25.212,35.00990277777778,"ARGO float 5903861 on cycle 284 reported data on 2020-08-13 at location 14.8°S, 80.2°E. The profile measured temperatures from 2.5°C to 25.2°C and salinities around 35.0 PSU."
5903861,285,-14.807,79.738,2020-08-24 04:10:36.000443614,2.485,24.806,35.014624999999995,"ARGO float 5903861 on cycle 285 reported data on 2020-08-24 at location 14.8°S, 79.7°E. The profile measured temperatures from 2.5°C to 24.8°C and salinities around 35.0 PSU."
5903862,283,-8.651,84.561,2020-08-03 15:39:12.001665962,2.679,28.114,34.818986111111116,"ARGO float 5903862 on cycle 283 reported data on 2020-08-03 at location 8.7°S, 84.6°E. The profile measured temperatures from 2.7°C to 28.1°C and salinities around 34.8 PSU."
5903862,284,-8.671,83.775,2020-08-14 09:53:37.001042442,2.796,28.38,34.829055555555556,"ARGO float 5903862 on cycle 284 reported data on 2020-08-14 at location 8.7°S, 83.8°E. The profile measured temperatures from 2.8°C to 28.4°C and salinities around 34.8 PSU."
5903862,285,-8.7,83.069,2020-08-24 23:43:04.002530099,2.733,27.965,34.835236111111115,"ARGO float 5903862 on cycle 285 reported data on 2020-08-24 at location 8.7°S, 83.1°E. The profile measured temperatures from 2.7°C to 28.0°C and salinities around 34.8 PSU."
5903878,313,-47.59992,23.18399,2020-08-05 15:37:30.001663176,2.33,5.452,34.423797311271976,"ARGO float 5903878 on cycle 313 reported data on 2020-08-05 at location 47.6°S, 23.2°E. The profile measured temperatures from 2.3°C to 5.5°C and salinities around 34.4 PSU."
5903878,314,-47.80794,23.36954,2020-08-15 16:36:33.001768771,2.297,5.902,34.428874870734234,"ARGO float 5903878 on cycle 314 reported data on 2020-08-15 at location 47.8°S, 23.4°E. The profile measured temperatures from 2.3°C to 5.9°C and salinities around 34.4 PSU."
5903878,315,-48.53505,24.42203,2020-08-25 17:25:51.001860198,2.355,4.944,34.430147455867086,"ARGO float 5903878 on cycle 315 reported data on 2020-08-25 at location 48.5°S, 24.4°E. The profile measured temperatures from 2.4°C to 4.9°C and salinities around 34.4 PSU."
5903909,319,-19.03,88.442,2020-08-02 13:45:19.999998812,2.564,24.382,35.083070422535215,"ARGO float 5903909 on cycle 319 reported data on 2020-08-02 at location 19.0°S, 88.4°E. The profile measured temperatures from 2.6°C to 24.4°C and salinities around 35.1 PSU."
5903909,320,-18.732,88.159,2020-08-12 15:58:53.999982480,2.551,24.113,35.11651428571429,"ARGO float 5903909 on cycle 320 reported data on 2020-08-12 at location 18.7°S, 88.2°E. The profile measured temperatures from 2.6°C to 24.1°C and salinities around 35.1 PSU."
5903909,321,-18.531,87.89,2020-08-22 15:19:25.999992192,2.982,23.747,35.133117647058825,"ARGO float 5903909 on cycle 321 reported data on 2020-08-22 at location 18.5°S, 87.9°E. The profile measured temperatures from 3.0°C to 23.7°C and salinities around 35.1 PSU."
5903914,318,-16.106,79.883,2020-08-06 16:03:02.000005248,2.392,25.439,35.04762686567164,"ARGO float 5903914 on cycle 318 reported data on 2020-08-06 at location 16.1°S, 79.9°E. The profile measured temperatures from 2.4°C to 25.4°C and salinities around 35.0 PSU."
5903914,319,-16.157,79.537,2020-08-16 16:02:25.999999344,2.45,24.891,35.0600895522388,"ARGO float 5903914 on cycle 319 reported data on 2020-08-16 at location 16.2°S, 79.5°E. The profile measured temperatures from 2.5°C to 24.9°C and salinities around 35.1 PSU."
5903914,320,-16.195,79.123,2020-08-26 16:02:31.000012454,2.417,24.717,35.06583582089552,"ARGO float 5903914 on cycle 320 reported data on 2020-08-26 at location 16.2°S, 79.1°E. The profile measured temperatures from 2.4°C to 24.7°C and salinities around 35.1 PSU."
5904239,267,-28.636,103.659,2020-08-08 12:05:41.000001135,2.519,18.815,34.76436602628918,"ARGO float 5904239 on cycle 267 reported data on 2020-08-08 at location 28.6°S, 103.7°E. The profile measured temperatures from 2.5°C to 18.8°C and salinities around 34.8 PSU."
5904239,268,-28.417,103.792,2020-08-18 06:28:39.000010192,2.459,18.746,34.761921608040204,"ARGO float 5904239 on cycle 268 reported data on 2020-08-18 at location 28.4°S, 103.8°E. The profile measured temperatures from 2.5°C to 18.7°C and salinities around 34.8 PSU."
5904239,269,-28.476,104.16,2020-08-28 03:14:14.999989274,2.528,19.794,34.76853387259859,"ARGO float 5904239 on cycle 269 reported data on 2020-08-28 at location 28.5°S, 104.2°E. The profile measured temperatures from 2.5°C to 19.8°C and salinities around 34.8 PSU."
5904241,267,-44.238,97.488,2020-08-10 04:11:34.999998812,2.566,11.194,34.597356425702806,"ARGO float 5904241 on cycle 267 reported data on 2020-08-10 at location 44.2°S, 97.5°E. The profile measured temperatures from 2.6°C to 11.2°C and salinities around 34.6 PSU."
5904241,268,-44.217,98.842,2020-08-20 00:08:30.000009834,2.572,11.315,34.60252064451158,"ARGO float 5904241 on cycle 268 reported data on 2020-08-20 at location 44.2°S, 98.8°E. The profile measured temperatures from 2.6°C to 11.3°C and salinities around 34.6 PSU."
5904241,269,-45.026,100.74,2020-08-29 18:23:05.000011327,2.558,10.957,34.586184553660985,"ARGO float 5904241 on cycle 269 reported data on 2020-08-29 at location 45.0°S, 100.7°E. The profile measured temperatures from 2.6°C to 11.0°C and salinities around 34.6 PSU."
5904242,266,-38.64,100.659,2020-08-01 07:35:09.000013764,2.498,12.304,34.63157386934673,"ARGO float 5904242 on cycle 266 reported data on 2020-08-01 at location 38.6°S, 100.7°E. The profile measured temperatures from 2.5°C to 12.3°C and salinities around 34.6 PSU."
5904242,267,-38.262,101.415,2020-08-11 03:40:18.999995292,2.508,12.093,34.633689759036145,"ARGO float 5904242 on cycle 267 reported data on 2020-08-11 at location 38.3°S, 101.4°E. The profile measured temperatures from 2.5°C to 12.1°C and salinities around 34.6 PSU."
5904242,268,-38.809,101.615,2020-08-20 21:50:18.000005187,2.531,12.006,34.628346733668344,"ARGO float 5904242 on cycle 268 reported data on 2020-08-20 at location 38.8°S, 101.6°E. The profile measured temperatures from 2.5°C to 12.0°C and salinities around 34.6 PSU."
5904242,269,-39.388,101.123,2020-08-30 17:51:08.999983370,2.546,12.337,34.64149547738693,"ARGO float 5904242 on cycle 269 reported data on 2020-08-30 at location 39.4°S, 101.1°E. The profile measured temperatures from 2.5°C to 12.3°C and salinities around 34.6 PSU."
5904243,264,-22.307,76.061,2020-08-03 03:22:31.999989152,2.741,22.387,34.882552879581155,"ARGO float 5904243 on cycle 264 reported data on 2020-08-03 at location 22.3°S, 76.1°E. The profile measured temperatures from 2.7°C to 22.4°C and salinities around 34.9 PSU."
5904243,265,-22.323,75.632,2020-08-12 22:53:00.999992785,2.719,22.394,34.87292797494781,"ARGO float 5904243 on cycle 265 reported data on 2020-08-12 at location 22.3°S, 75.6°E. The profile measured temperatures from 2.7°C to 22.4°C and salinities around 34.9 PSU."
5904243,266,-22.29,75.253,2020-08-22 18:10:47.999985519,2.754,21.928,34.869644791666666,"ARGO float 5904243 on cycle 266 reported data on 2020-08-22 at location 22.3°S, 75.3°E. The profile measured temperatures from 2.8°C to 21.9°C and salinities around 34.9 PSU."
5904244,264,-20.785,109.901,2020-08-01 01:14:17.999999825,2.517,24.536,34.7751129032258,"ARGO float 5904244 on cycle 264 reported data on 2020-08-01 at location 20.8°S, 109.9°E. The profile measured temperatures from 2.5°C to 24.5°C and salinities around 34.8 PSU."
5904244,265,-20.756,110.045,2020-08-10 19:19:07.000001371,2.494,24.701,34.766323971915746,"ARGO float 5904244 on cycle 265 reported data on 2020-08-10 at location 20.8°S, 110.0°E. The profile measured temperatures from 2.5°C to 24.7°C and salinities around 34.8 PSU."
5904244,266,-20.504,110.015,2020-08-20 15:15:24.000017345,2.51,24.442,34.77148487903226,"ARGO float 5904244 on cycle 266 reported data on 2020-08-20 at location 20.5°S, 110.0°E. The profile measured temperatures from 2.5°C to 24.4°C and salinities around 34.8 PSU."
5904244,267,-20.154,109.863,2020-08-30 09:29:47.999998034,2.468,24.115,34.77034168336673,"ARGO float 5904244 on cycle 267 reported data on 2020-08-30 at location 20.2°S, 109.9°E. The profile measured temperatures from 2.5°C to 24.1°C and salinities around 34.8 PSU."
5904246,264,-24.566,61.444,2020-08-07 03:41:53.000008463,2.391,22.139,34.82464629258517,"ARGO float 5904246 on cycle 264 reported data on 2020-08-07 at location 24.6°S, 61.4°E. The profile measured temperatures from 2.4°C to 22.1°C and salinities around 34.8 PSU."
5904246,265,-24.777,61.612,2020-08-16 23:41:11.000008288,2.443,22.189,34.82975708502025,"ARGO float 5904246 on cycle 265 reported data on 2020-08-16 at location 24.8°S, 61.6°E. The profile measured temperatures from 2.4°C to 22.2°C and salinities around 34.8 PSU."
5904246,266,-25.014,61.621,2020-08-26 19:26:16.000007982,2.447,22.013,34.840762762762765,"ARGO float 5904246 on cycle 266 reported data on 2020-08-26 at location 25.0°S, 61.6°E. The profile measured temperatures from 2.4°C to 22.0°C and salinities around 34.8 PSU."
5904247,264,-41.467,95.287,2020-08-07 09:37:20.000000593,2.565,11.222,34.60471715145436,"ARGO float 5904247 on cycle 264 reported data on 2020-08-07 at location 41.5°S, 95.3°E. The profile measured temperatures from 2.6°C to 11.2°C and salinities around 34.6 PSU."
5904247,265,-41.09,95.198,2020-08-17 05:37:02.999985519,2.553,11.221,34.59995472837022,"ARGO float 5904247 on cycle 265 reported data on 2020-08-17 at location 41.1°S, 95.2°E. The profile measured temperatures from 2.6°C to 11.2°C and salinities around 34.6 PSU."
5904247,266,-40.406,95.449,2020-08-26 23:41:12.999997440,2.477,11.879,34.615729187562685,"ARGO float 5904247 on cycle 266 reported data on 2020-08-26 at location 40.4°S, 95.4°E. The profile measured temperatures from 2.5°C to 11.9°C and salinities around 34.6 PSU."
5904257,261,-41.473,126.818,2020-08-09 03:09:23.999998567,2.421,10.848,34.57827897435897,"ARGO float 5904257 on cycle 261 reported data on 2020-08-09 at location 41.5°S, 126.8°E. The profile measured temperatures from 2.4°C to 10.8°C and salinities around 34.6 PSU."
5904257,262,-41.973,127.344,2020-08-18 22:40:30.000002681,2.428,10.922,34.57507897435897,"ARGO float 5904257 on cycle 262 reported data on 2020-08-18 at location 42.0°S, 127.3°E. The profile measured temperatures from 2.4°C to 10.9°C and salinities around 34.6 PSU."
5904257,263,-42.553,126.916,2020-08-28 18:06:25.000003877,2.462,10.858,34.57781454918033,"ARGO float 5904257 on cycle 263 reported data on 2020-08-28 at location 42.6°S, 126.9°E. The profile measured temperatures from 2.5°C to 10.9°C and salinities around 34.6 PSU."
5904261,260,-43.199,131.836,2020-08-05 01:28:37.000007633,2.468,10.198,34.552630566801625,"ARGO float 5904261 on cycle 260 reported data on 2020-08-05 at location 43.2°S, 131.8°E. The profile measured temperatures from 2.5°C to 10.2°C and salinities around 34.6 PSU."
5904261,261,-43.285,131.713,2020-08-14 21:18:31.000008882,2.463,10.984,34.56944028340081,"ARGO float 5904261 on cycle 261 reported data on 2020-08-14 at location 43.3°S, 131.7°E. The profile measured temperatures from 2.5°C to 11.0°C and salinities around 34.6 PSU."
5904261,262,-43.395,131.452,2020-08-24 16:51:46.999991833,2.482,10.577,34.567467611336035,"ARGO float 5904261 on cycle 262 reported data on 2020-08-24 at location 43.4°S, 131.5°E. The profile measured temperatures from 2.5°C to 10.6°C and salinities around 34.6 PSU."
5904274,240,-28.619,36.502,2020-08-06 07:07:40.000761111,2.71,20.763,34.852073662966696,"ARGO float 5904274 on cycle 240 reported data on 2020-08-06 at location 28.6°S, 36.5°E. The profile measured temperatures from 2.7°C to 20.8°C and salinities around 34.9 PSU."
5904371,285,-42.1284,130.69856,2020-08-01 04:16:02.000452241,3.501,11.162,34.57503827751196,"ARGO float 5904371 on cycle 285 reported data on 2020-08-01 at location 42.1°S, 130.7°E. The profile measured temperatures from 3.5°C to 11.2°C and salinities around 34.6 PSU."
5904371,286,-42.24158,130.61167,2020-08-10 22:39:06.002417148,3.492,10.979,34.578971153846155,"ARGO float 5904371 on cycle 286 reported data on 2020-08-10 at location 42.2°S, 130.6°E. The profile measured temperatures from 3.5°C to 11.0°C and salinities around 34.6 PSU."
5904371,287,-42.34097,130.53492,2020-08-20 17:49:46.001895156,3.36,10.884,34.56318834080717,"ARGO float 5904371 on cycle 287 reported data on 2020-08-20 at location 42.3°S, 130.5°E. The profile measured temperatures from 3.4°C to 10.9°C and salinities around 34.6 PSU."
5904371,288,-42.33233,130.5121,2020-08-21 19:00:18.002038288,2.528,10.845,34.5579298245614,"ARGO float 5904371 on cycle 288 reported data on 2020-08-21 at location 42.3°S, 130.5°E. The profile measured temperatures from 2.5°C to 10.8°C and salinities around 34.6 PSU."
5904371,289,-42.41647,130.45716,2020-08-31 13:23:06.001428310,3.549,10.765,34.57548142164782,"ARGO float 5904371 on cycle 289 reported data on 2020-08-31 at location 42.4°S, 130.5°E. The profile measured temperatures from 3.5°C to 10.8°C and salinities around 34.6 PSU."
5904410,206,-29.109,44.374,2020-08-01 14:08:52.001513560,2.701,20.364,35.13515714285714,"ARGO float 5904410 on cycle 206 reported data on 2020-08-01 at location 29.1°S, 44.4°E. The profile measured temperatures from 2.7°C to 20.4°C and salinities around 35.1 PSU."
5904410,207,-29.258,43.992,2020-08-11 17:08:45.001835358,2.667,21.132,35.12884285714286,"ARGO float 5904410 on cycle 207 reported data on 2020-08-11 at location 29.3°S, 44.0°E. The profile measured temperatures from 2.7°C to 21.1°C and salinities around 35.1 PSU."
5904410,208,-29.107,44.078,2020-08-21 22:06:15.002369110,2.684,21.567,35.12732394366197,"ARGO float 5904410 on cycle 208 reported data on 2020-08-21 at location 29.1°S, 44.1°E. The profile measured temperatures from 2.7°C to 21.6°C and salinities around 35.1 PSU."
5904415,206,-34.507,61.956,2020-08-06 10:24:37.001107598,2.629,15.727,35.07942857142857,"ARGO float 5904415 on cycle 206 reported data on 2020-08-06 at location 34.5°S, 62.0°E. The profile measured temperatures from 2.6°C to 15.7°C and salinities around 35.1 PSU."
5904415,207,-34.169,62.673,2020-08-16 14:27:55.001541237,2.578,15.181,35.05237142857143,"ARGO float 5904415 on cycle 207 reported data on 2020-08-16 at location 34.2°S, 62.7°E. The profile measured temperatures from 2.6°C to 15.2°C and salinities around 35.1 PSU."
5904415,208,-33.556,62.477,2020-08-26 18:23:53.001964420,2.589,15.327,35.07265714285714,"ARGO float 5904415 on cycle 208 reported data on 2020-08-26 at location 33.6°S, 62.5°E. The profile measured temperatures from 2.6°C to 15.3°C and salinities around 35.1 PSU."
5904418,205,-37.29,136.545,2020-08-01 20:51:43.002219859,2.399,15.672,35.10535211267606,"ARGO float 5904418 on cycle 205 reported data on 2020-08-01 at location 37.3°S, 136.5°E. The profile measured temperatures from 2.4°C to 15.7°C and salinities around 35.1 PSU."
5904418,206,-37.373,136.575,2020-08-12 01:28:00.000147967,2.389,15.223,35.04556338028169,"ARGO float 5904418 on cycle 206 reported data on 2020-08-12 at location 37.4°S, 136.6°E. The profile measured temperatures from 2.4°C to 15.2°C and salinities around 35.0 PSU."
5904418,207,-37.023,136.329,2020-08-22 05:02:07.000539408,2.359,13.067,34.82456338028169,"ARGO float 5904418 on cycle 207 reported data on 2020-08-22 at location 37.0°S, 136.3°E. The profile measured temperatures from 2.4°C to 13.1°C and salinities around 34.8 PSU."
5904420,206,-27.783,64.818,2020-08-04 08:43:06.000920921,2.443,20.242,35.146728571428575,"ARGO float 5904420 on cycle 206 reported data on 2020-08-04 at location 27.8°S, 64.8°E. The profile measured temperatures from 2.4°C to 20.2°C and salinities around 35.1 PSU."
5904420,207,-27.442,65.048,2020-08-14 12:53:21.001364341,2.38,20.654,35.125571428571426,"ARGO float 5904420 on cycle 207 reported data on 2020-08-14 at location 27.4°S, 65.0°E. The profile measured temperatures from 2.4°C to 20.7°C and salinities around 35.1 PSU."
5904420,208,-26.964,65.233,2020-08-24 16:41:27.001776203,2.395,20.836,35.117285714285714,"ARGO float 5904420 on cycle 208 reported data on 2020-08-24 at location 27.0°S, 65.2°E. The profile measured temperatures from 2.4°C to 20.8°C and salinities around 35.1 PSU."
5904423,206,-28.724,41.796,2020-08-03 18:57:14.002014133,2.673,21.336,35.088614285714286,"ARGO float 5904423 on cycle 206 reported data on 2020-08-03 at location 28.7°S, 41.8°E. The profile measured temperatures from 2.7°C to 21.3°C and salinities around 35.1 PSU."
5904423,207,-27.761,41.969,2020-08-13 22:57:19.002443201,2.71,21.233,35.13308571428571,"ARGO float 5904423 on cycle 207 reported data on 2020-08-13 at location 27.8°S, 42.0°E. The profile measured temperatures from 2.7°C to 21.2°C and salinities around 35.1 PSU."
5904423,208,-28.404,42.874,2020-08-24 03:02:19.000324812,2.695,22.487,35.12198591549296,"ARGO float 5904423 on cycle 208 reported data on 2020-08-24 at location 28.4°S, 42.9°E. The profile measured temperatures from 2.7°C to 22.5°C and salinities around 35.1 PSU."
5904426,205,-39.471,136.375,2020-08-08 01:14:31.000127648,2.423,12.36,34.827735294117645,"ARGO float 5904426 on cycle 205 reported data on 2020-08-08 at location 39.5°S, 136.4°E. The profile measured temperatures from 2.4°C to 12.4°C and salinities around 34.8 PSU."
5904426,206,-39.327,136.299,2020-08-18 05:15:49.000558055,2.415,12.124,34.797676470588236,"ARGO float 5904426 on cycle 206 reported data on 2020-08-18 at location 39.3°S, 136.3°E. The profile measured temperatures from 2.4°C to 12.1°C and salinities around 34.8 PSU."
5904426,207,-39.092,135.475,2020-08-28 09:17:46.000990363,2.415,13.122,34.85926865671642,"ARGO float 5904426 on cycle 207 reported data on 2020-08-28 at location 39.1°S, 135.5°E. The profile measured temperatures from 2.4°C to 13.1°C and salinities around 34.9 PSU."
5904427,207,-43.952,89.84,2020-08-09 03:31:52.000366800,2.433,9.711,34.4938,"ARGO float 5904427 on cycle 207 reported data on 2020-08-09 at location 44.0°S, 89.8°E. The profile measured temperatures from 2.4°C to 9.7°C and salinities around 34.5 PSU."
5904427,208,-43.715,89.026,2020-08-19 07:32:30.000797609,2.495,10.483,34.55377142857143,"ARGO float 5904427 on cycle 208 reported data on 2020-08-19 at location 43.7°S, 89.0°E. The profile measured temperatures from 2.5°C to 10.5°C and salinities around 34.6 PSU."
5904427,209,-43.057,88.434,2020-08-29 11:33:48.001228024,2.524,10.837,34.6997,"ARGO float 5904427 on cycle 209 reported data on 2020-08-29 at location 43.1°S, 88.4°E. The profile measured temperatures from 2.5°C to 10.8°C and salinities around 34.7 PSU."
5904429,209,-25.742,98.837,2020-08-08 13:24:12.001429589,2.532,19.869,35.126720588235294,"ARGO float 5904429 on cycle 209 reported data on 2020-08-08 at location 25.7°S, 98.8°E. The profile measured temperatures from 2.5°C to 19.9°C and salinities around 35.1 PSU."
5904429,210,-25.395,99.566,2020-08-18 17:23:25.001857193,2.545,21.51,35.161794117647055,"ARGO float 5904429 on cycle 210 reported data on 2020-08-18 at location 25.4°S, 99.6°E. The profile measured temperatures from 2.5°C to 21.5°C and salinities around 35.2 PSU."
5904429,211,-25.964,99.758,2020-08-28 21:27:08.002292270,2.59,21.239,35.14717910447761,"ARGO float 5904429 on cycle 211 reported data on 2020-08-28 at location 26.0°S, 99.8°E. The profile measured temperatures from 2.6°C to 21.2°C and salinities around 35.1 PSU."
5904431,206,-26.133,34.7,2020-08-02 13:29:41.001436720,4.925,22.712,35.19322641509434,"ARGO float 5904431 on cycle 206 reported data on 2020-08-02 at location 26.1°S, 34.7°E. The profile measured temperatures from 4.9°C to 22.7°C and salinities around 35.2 PSU."
5904431,207,-26.408,34.37,2020-08-12 16:09:51.001729663,8.654,23.301,35.28997777777778,"ARGO float 5904431 on cycle 207 reported data on 2020-08-12 at location 26.4°S, 34.4°E. The profile measured temperatures from 8.7°C to 23.3°C and salinities around 35.3 PSU."
5904431,208,-26.831,33.992,2020-08-22 21:11:01.002268953,5.545,23.194,35.2638,"ARGO float 5904431 on cycle 208 reported data on 2020-08-22 at location 26.8°S, 34.0°E. The profile measured temperatures from 5.5°C to 23.2°C and salinities around 35.3 PSU."
5904436,205,-47.373,132.937,2020-08-06 23:31:04.002512666,2.551,9.894,34.560428571428574,"ARGO float 5904436 on cycle 205 reported data on 2020-08-06 at location 47.4°S, 132.9°E. The profile measured temperatures from 2.6°C to 9.9°C and salinities around 34.6 PSU."
5904436,206,-47.452,133.661,2020-08-17 03:36:06.000374315,2.542,9.748,34.52312857142857,"ARGO float 5904436 on cycle 206 reported data on 2020-08-17 at location 47.5°S, 133.7°E. The profile measured temperatures from 2.5°C to 9.7°C and salinities around 34.5 PSU."
5904436,207,-47.681,134.42,2020-08-27 07:33:58.000798687,2.56,9.563,34.49854285714286,"ARGO float 5904436 on cycle 207 reported data on 2020-08-27 at location 47.7°S, 134.4°E. The profile measured temperatures from 2.6°C to 9.6°C and salinities around 34.5 PSU."
5904441,210,-31.831,100.079,2020-08-09 23:04:32.002473383,2.65,15.357,34.979897058823525,"ARGO float 5904441 on cycle 210 reported data on 2020-08-09 at location 31.8°S, 100.1°E. The profile measured temperatures from 2.6°C to 15.4°C and salinities around 35.0 PSU."
5904441,211,-31.734,99.915,2020-08-20 03:03:58.000325950,2.579,16.252,34.99464705882353,"ARGO float 5904441 on cycle 211 reported data on 2020-08-20 at location 31.7°S, 99.9°E. The profile measured temperatures from 2.6°C to 16.3°C and salinities around 35.0 PSU."
5904441,212,-31.714,99.713,2020-08-30 06:53:00.000720735,2.602,15.822,34.98858823529412,"ARGO float 5904441 on cycle 212 reported data on 2020-08-30 at location 31.7°S, 99.7°E. The profile measured temperatures from 2.6°C to 15.8°C and salinities around 35.0 PSU."
5904444,206,-31.032,65.769,2020-08-05 07:05:51.000758257,2.432,17.565,35.09601408450704,"ARGO float 5904444 on cycle 206 reported data on 2020-08-05 at location 31.0°S, 65.8°E. The profile measured temperatures from 2.4°C to 17.6°C and salinities around 35.1 PSU."
5904444,207,-30.903,65.407,2020-08-15 10:14:42.001092985,2.444,17.359,35.105,"ARGO float 5904444 on cycle 207 reported data on 2020-08-15 at location 30.9°S, 65.4°E. The profile measured temperatures from 2.4°C to 17.4°C and salinities around 35.1 PSU."
5904444,208,-30.839,65.014,2020-08-25 15:03:19.001613723,2.435,17.894,35.09719718309859,"ARGO float 5904444 on cycle 208 reported data on 2020-08-25 at location 30.8°S, 65.0°E. The profile measured temperatures from 2.4°C to 17.9°C and salinities around 35.1 PSU."
5904445,208,-23.653,72.213,2020-08-05 20:36:44.002197982,2.372,21.968,35.152699999999996,"ARGO float 5904445 on cycle 208 reported data on 2020-08-05 at location 23.7°S, 72.2°E. The profile measured temperatures from 2.4°C to 22.0°C and salinities around 35.2 PSU."
5904445,209,-23.555,72.434,2020-08-16 00:40:02.000057954,2.373,22.024,35.16152857142857,"ARGO float 5904445 on cycle 209 reported data on 2020-08-16 at location 23.6°S, 72.4°E. The profile measured temperatures from 2.4°C to 22.0°C and salinities around 35.2 PSU."
5904445,210,-23.907,72.359,2020-08-26 04:30:40.000472663,2.374,22.081,35.14828571428571,"ARGO float 5904445 on cycle 210 reported data on 2020-08-26 at location 23.9°S, 72.4°E. The profile measured temperatures from 2.4°C to 22.1°C and salinities around 35.1 PSU."
5904446,210,-29.626,111.941,2020-08-08 09:11:30.000981675,2.488,20.804,35.25571014492754,"ARGO float 5904446 on cycle 210 reported data on 2020-08-08 at location 29.6°S, 111.9°E. The profile measured temperatures from 2.5°C to 20.8°C and salinities around 35.3 PSU."
5904446,211,-29.755,112.215,2020-08-18 13:16:44.001417907,2.525,19.027,35.31819117647059,"ARGO float 5904446 on cycle 211 reported data on 2020-08-18 at location 29.8°S, 112.2°E. The profile measured temperatures from 2.5°C to 19.0°C and salinities around 35.3 PSU."
5904446,212,-30.35,111.367,2020-08-28 17:21:13.001854305,2.571,19.812,35.37579710144927,"ARGO float 5904446 on cycle 212 reported data on 2020-08-28 at location 30.4°S, 111.4°E. The profile measured temperatures from 2.6°C to 19.8°C and salinities around 35.4 PSU."
5904447,206,-22.606,81.257,2020-08-04 17:01:23.001825391,2.542,21.663,35.15890140845071,"ARGO float 5904447 on cycle 206 reported data on 2020-08-04 at location 22.6°S, 81.3°E. The profile measured temperatures from 2.5°C to 21.7°C and salinities around 35.2 PSU."
5904447,207,-22.631,81.678,2020-08-14 20:04:28.002151525,2.543,21.264,35.15761971830985,"ARGO float 5904447 on cycle 207 reported data on 2020-08-14 at location 22.6°S, 81.7°E. The profile measured temperatures from 2.5°C to 21.3°C and salinities around 35.2 PSU."
5904447,208,-22.954,81.921,2020-08-25 01:00:17.000107176,2.596,21.811,35.16656338028169,"ARGO float 5904447 on cycle 208 reported data on 2020-08-25 at location 23.0°S, 81.9°E. The profile measured temperatures from 2.6°C to 21.8°C and salinities around 35.2 PSU."
5904448,207,-39.533,43.844,2020-08-10 06:48:05.000713378,2.66,12.438,0.04801428571428572,"ARGO float 5904448 on cycle 207 reported data on 2020-08-10 at location 39.5°S, 43.8°E. The profile measured temperatures from 2.7°C to 12.4°C and salinities around 0.0 PSU."
5904448,208,-38.738,44.943,2020-08-20 10:50:55.001145494,2.681,12.492,0.0373,"ARGO float 5904448 on cycle 208 reported data on 2020-08-20 at location 38.7°S, 44.9°E. The profile measured temperatures from 2.7°C to 12.5°C and salinities around 0.0 PSU."
5904448,209,-38.697,46.081,2020-08-30 15:03:18.001613488,2.689,12.817,0.04355714285714286,"ARGO float 5904448 on cycle 209 reported data on 2020-08-30 at location 38.7°S, 46.1°E. The profile measured temperatures from 2.7°C to 12.8°C and salinities around 0.0 PSU."
5904450,209,-25.77,101.165,2020-08-07 07:12:35.000768459,2.502,21.524,30.538188405797104,"ARGO float 5904450 on cycle 209 reported data on 2020-08-07 at location 25.8°S, 101.2°E. The profile measured temperatures from 2.5°C to 21.5°C and salinities around 30.5 PSU."
5904450,210,-26.353,101.167,2020-08-17 11:05:46.001187502,2.542,20.632,30.517608695652175,"ARGO float 5904450 on cycle 210 reported data on 2020-08-17 at location 26.4°S, 101.2°E. The profile measured temperatures from 2.5°C to 20.6°C and salinities around 30.5 PSU."
5904450,211,-26.815,101.294,2020-08-27 15:02:02.001612073,2.585,20.897,30.514579710144925,"ARGO float 5904450 on cycle 211 reported data on 2020-08-27 at location 26.8°S, 101.3°E. The profile measured temperatures from 2.6°C to 20.9°C and salinities around 30.5 PSU."
5904451,208,-30.866,56.45,2020-08-05 07:03:58.000755101,2.502,18.913,35.157746478873236,"ARGO float 5904451 on cycle 208 reported data on 2020-08-05 at location 30.9°S, 56.5°E. The profile measured temperatures from 2.5°C to 18.9°C and salinities around 35.2 PSU."
5904451,209,-30.968,56.875,2020-08-15 10:54:56.001151226,2.558,18.707,35.13902816901408,"ARGO float 5904451 on cycle 209 reported data on 2020-08-15 at location 31.0°S, 56.9°E. The profile measured temperatures from 2.6°C to 18.7°C and salinities around 35.1 PSU."
5904451,210,-31.02,57.354,2020-08-25 14:57:54.001584898,2.529,18.055,35.10469014084507,"ARGO float 5904451 on cycle 210 reported data on 2020-08-25 at location 31.0°S, 57.4°E. The profile measured temperatures from 2.5°C to 18.1°C and salinities around 35.1 PSU."
5904452,209,-31.604,105.148,2020-08-01 15:49:52.001680416,2.585,16.405,34.98558208955224,"ARGO float 5904452 on cycle 209 reported data on 2020-08-01 at location 31.6°S, 105.1°E. The profile measured temperatures from 2.6°C to 16.4°C and salinities around 35.0 PSU."
5904452,210,-31.265,105.054,2020-08-11 19:45:39.002103861,2.556,15.394,34.98625,"ARGO float 5904452 on cycle 210 reported data on 2020-08-11 at location 31.3°S, 105.1°E. The profile measured temperatures from 2.6°C to 15.4°C and salinities around 35.0 PSU."
5904452,211,-31.193,105.139,2020-08-21 23:37:51.002521363,2.616,15.596,34.98925373134329,"ARGO float 5904452 on cycle 211 reported data on 2020-08-21 at location 31.2°S, 105.1°E. The profile measured temperatures from 2.6°C to 15.6°C and salinities around 35.0 PSU."
5904453,209,-27.912,103.556,2020-08-07 16:52:42.001791919,2.48,19.277,35.121478260869566,"ARGO float 5904453 on cycle 209 reported data on 2020-08-07 at location 27.9°S, 103.6°E. The profile measured temperatures from 2.5°C to 19.3°C and salinities around 35.1 PSU."
5904453,210,-28.179,103.529,2020-08-17 20:46:40.002212519,2.515,18.647,35.114289855072464,"ARGO float 5904453 on cycle 210 reported data on 2020-08-17 at location 28.2°S, 103.5°E. The profile measured temperatures from 2.5°C to 18.6°C and salinities around 35.1 PSU."
5904453,211,-28.453,103.404,2020-08-28 00:55:38.000079992,2.521,18.042,35.057811594202896,"ARGO float 5904453 on cycle 211 reported data on 2020-08-28 at location 28.5°S, 103.4°E. The profile measured temperatures from 2.5°C to 18.0°C and salinities around 35.1 PSU."
5904455,208,-37.881,30.664,2020-08-07 06:17:55.000668396,2.784,16.202,35.02670422535211,"ARGO float 5904455 on cycle 208 reported data on 2020-08-07 at location 37.9°S, 30.7°E. The profile measured temperatures from 2.8°C to 16.2°C and salinities around 35.0 PSU."
5904455,209,-36.388,32.163,2020-08-17 10:36:23.001125215,2.666,16.45,34.973957142857145,"ARGO float 5904455 on cycle 209 reported data on 2020-08-17 at location 36.4°S, 32.2°E. The profile measured temperatures from 2.7°C to 16.4°C and salinities around 35.0 PSU."
5904455,210,-36.335,34.111,2020-08-27 14:37:44.001555706,2.861,17.821,35.156098591549295,"ARGO float 5904455 on cycle 210 reported data on 2020-08-27 at location 36.3°S, 34.1°E. The profile measured temperatures from 2.9°C to 17.8°C and salinities around 35.2 PSU."
5904456,208,-25.915,35.766,2020-08-06 18:04:24.001936953,3.104,22.102,35.193921875,"ARGO float 5904456 on cycle 208 reported data on 2020-08-06 at location 25.9°S, 35.8°E. The profile measured temperatures from 3.1°C to 22.1°C and salinities around 35.2 PSU."
5904456,209,-26.134,35.642,2020-08-16 22:41:42.002419675,3.33,22.911,35.18790625,"ARGO float 5904456 on cycle 209 reported data on 2020-08-16 at location 26.1°S, 35.6°E. The profile measured temperatures from 3.3°C to 22.9°C and salinities around 35.2 PSU."
5904456,210,-26.21,35.184,2020-08-27 00:45:40.000065295,5.118,22.813,35.295686274509805,"ARGO float 5904456 on cycle 210 reported data on 2020-08-27 at location 26.2°S, 35.2°E. The profile measured temperatures from 5.1°C to 22.8°C and salinities around 35.3 PSU."
5904567,194,-11.319,97.64,2020-08-06 16:26:28.001754335,2.678,27.591,34.691987841945284,"ARGO float 5904567 on cycle 194 reported data on 2020-08-06 at location 11.3°S, 97.6°E. The profile measured temperatures from 2.7°C to 27.6°C and salinities around 34.7 PSU."
5904567,195,-11.031,97.015,2020-08-16 15:26:53.001646915,2.559,27.704,34.69291924227318,"ARGO float 5904567 on cycle 195 reported data on 2020-08-16 at location 11.0°S, 97.0°E. The profile measured temperatures from 2.6°C to 27.7°C and salinities around 34.7 PSU."
5904567,196,-11.057,96.326,2020-08-26 16:39:51.001773249,2.588,27.758,34.68697474747475,"ARGO float 5904567 on cycle 196 reported data on 2020-08-26 at location 11.1°S, 96.3°E. The profile measured temperatures from 2.6°C to 27.8°C and salinities around 34.7 PSU."
5904568,194,-11.789,93.282,2020-08-06 15:38:18.001664338,2.793,27.749,33.96778542914171,"ARGO float 5904568 on cycle 194 reported data on 2020-08-06 at location 11.8°S, 93.3°E. The profile measured temperatures from 2.8°C to 27.7°C and salinities around 34.0 PSU."
5904568,195,-11.953,93.498,2020-08-16 17:04:47.001829702,2.853,28.223,34.06163618090452,"ARGO float 5904568 on cycle 195 reported data on 2020-08-16 at location 12.0°S, 93.5°E. The profile measured temperatures from 2.9°C to 28.2°C and salinities around 34.1 PSU."
5904569,194,-16.745,99.949,2020-08-03 16:08:34.001728013,2.529,25.947,34.78435735735735,"ARGO float 5904569 on cycle 194 reported data on 2020-08-03 at location 16.7°S, 99.9°E. The profile measured temperatures from 2.5°C to 25.9°C and salinities around 34.8 PSU."
5904569,195,-16.9,99.928,2020-08-13 16:59:52.001802231,2.606,25.408,34.78805702647658,"ARGO float 5904569 on cycle 195 reported data on 2020-08-13 at location 16.9°S, 99.9°E. The profile measured temperatures from 2.6°C to 25.4°C and salinities around 34.8 PSU."
5904569,196,-17.249,99.772,2020-08-23 16:53:10.001793442,2.529,24.636,34.80261646586346,"ARGO float 5904569 on cycle 196 reported data on 2020-08-23 at location 17.2°S, 99.8°E. The profile measured temperatures from 2.5°C to 24.6°C and salinities around 34.8 PSU."
5904570,195,-8.964,99.969,2020-08-09 15:51:12.001683395,2.456,28.193,34.7134203187251,"ARGO float 5904570 on cycle 195 reported data on 2020-08-09 at location 9.0°S, 100.0°E. The profile measured temperatures from 2.5°C to 28.2°C and salinities around 34.7 PSU."
5904570,196,-8.792,99.591,2020-08-19 17:10:34.001838203,2.505,27.65,34.71157114228457,"ARGO float 5904570 on cycle 196 reported data on 2020-08-19 at location 8.8°S, 99.6°E. The profile measured temperatures from 2.5°C to 27.6°C and salinities around 34.7 PSU."
5904570,197,-8.627,99.277,2020-08-29 15:34:11.001658782,2.54,27.469,34.713500497512435,"ARGO float 5904570 on cycle 197 reported data on 2020-08-29 at location 8.6°S, 99.3°E. The profile measured temperatures from 2.5°C to 27.5°C and salinities around 34.7 PSU."
5904671,165,-57.808,80.342,2020-08-05 16:12:06.001734191,-0.598,1.96,34.61165137614679,"ARGO float 5904671 on cycle 165 reported data on 2020-08-05 at location 57.8°S, 80.3°E. The profile measured temperatures from -0.6°C to 2.0°C and salinities around 34.6 PSU."
5904671,166,-57.953,80.523,2020-08-15 14:36:27.001554367,-0.855,1.939,34.609353479853475,"ARGO float 5904671 on cycle 166 reported data on 2020-08-15 at location 58.0°S, 80.5°E. The profile measured temperatures from -0.9°C to 1.9°C and salinities around 34.6 PSU."
5904671,167,-58.206,80.441,2020-08-25 11:57:39.001262990,-1.0002,1.932,34.599396363636366,"ARGO float 5904671 on cycle 167 reported data on 2020-08-25 at location 58.2°S, 80.4°E. The profile measured temperatures from -1.0°C to 1.9°C and salinities around 34.6 PSU."
5904720,160,-16.442,75.688,2020-08-08 17:45:52.001889180,2.588,25.586,34.81465816326531,"ARGO float 5904720 on cycle 160 reported data on 2020-08-08 at location 16.4°S, 75.7°E. The profile measured temperatures from 2.6°C to 25.6°C and salinities around 34.8 PSU."
5904720,161,-16.482,75.262,2020-08-18 17:41:04.001883463,2.58,25.284,34.820585341365465,"ARGO float 5904720 on cycle 161 reported data on 2020-08-18 at location 16.5°S, 75.3°E. The profile measured temperatures from 2.6°C to 25.3°C and salinities around 34.8 PSU."
5904720,162,-16.564,74.833,2020-08-28 16:27:45.001755673,2.566,25.125,34.81334630738523,"ARGO float 5904720 on cycle 162 reported data on 2020-08-28 at location 16.6°S, 74.8°E. The profile measured temperatures from 2.6°C to 25.1°C and salinities around 34.8 PSU."
5904722,159,-6.992,79.055,2020-08-02 17:39:11.001880618,2.664,28.129,34.81953441295546,"ARGO float 5904722 on cycle 159 reported data on 2020-08-02 at location 7.0°S, 79.1°E. The profile measured temperatures from 2.7°C to 28.1°C and salinities around 34.8 PSU."
5904722,160,-7.026,78.516,2020-08-12 16:38:17.001771708,2.668,27.663,34.82643756243757,"ARGO float 5904722 on cycle 160 reported data on 2020-08-12 at location 7.0°S, 78.5°E. The profile measured temperatures from 2.7°C to 27.7°C and salinities around 34.8 PSU."
5904722,161,-6.992,77.866,2020-08-22 17:52:24.001899407,2.744,27.626,34.83330060728745,"ARGO float 5904722 on cycle 161 reported data on 2020-08-22 at location 7.0°S, 77.9°E. The profile measured temperatures from 2.7°C to 27.6°C and salinities around 34.8 PSU."
5904723,159,-2.488,100.263,2020-08-06 14:42:42.001562819,6.394,29.817,34.79949027237354,"ARGO float 5904723 on cycle 159 reported data on 2020-08-06 at location 2.5°S, 100.3°E. The profile measured temperatures from 6.4°C to 29.8°C and salinities around 34.8 PSU."
5904723,160,-2.573,100.259,2020-08-16 14:48:40.001571691,6.396,30.282,34.837691119691115,"ARGO float 5904723 on cycle 160 reported data on 2020-08-16 at location 2.6°S, 100.3°E. The profile measured temperatures from 6.4°C to 30.3°C and salinities around 34.8 PSU."
5904723,161,-2.646,100.323,2020-08-26 14:46:58.001568594,6.378,29.908,34.827961612284064,"ARGO float 5904723 on cycle 161 reported data on 2020-08-26 at location 2.6°S, 100.3°E. The profile measured temperatures from 6.4°C to 29.9°C and salinities around 34.8 PSU."
5904729,162,1.4,90.914,2020-08-07 16:49:39.001787803,2.742,29.185,34.899547,"ARGO float 5904729 on cycle 162 reported data on 2020-08-07 at location 1.4°N, 90.9°E. The profile measured temperatures from 2.7°C to 29.2°C and salinities around 34.9 PSU."
5904729,163,1.204,91.112,2020-08-17 16:53:04.001793610,2.683,30.417,34.900412778904666,"ARGO float 5904729 on cycle 163 reported data on 2020-08-17 at location 1.2°N, 91.1°E. The profile measured temperatures from 2.7°C to 30.4°C and salinities around 34.9 PSU."
5904729,164,1.066,91.555,2020-08-27 15:55:43.001689229,2.793,30.147,34.90126021934197,"ARGO float 5904729 on cycle 164 reported data on 2020-08-27 at location 1.1°N, 91.6°E. The profile measured temperatures from 2.8°C to 30.1°C and salinities around 34.9 PSU."
5904788,136,-30.833,32.459,2020-08-03 04:38:32.000484295,2.706,21.174,35.14022113502935,"ARGO float 5904788 on cycle 136 reported data on 2020-08-03 at location 30.8°S, 32.5°E. The profile measured temperatures from 2.7°C to 21.2°C and salinities around 35.1 PSU."
5904788,137,-31.033,31.719,2020-08-13 03:58:02.000405974,2.717,20.787,35.1381568627451,"ARGO float 5904788 on cycle 137 reported data on 2020-08-13 at location 31.0°S, 31.7°E. The profile measured temperatures from 2.7°C to 20.8°C and salinities around 35.1 PSU."
5904788,138,-31.855,30.878,2020-08-23 03:48:33.000391454,2.691,19.852,35.16218235294117,"ARGO float 5904788 on cycle 138 reported data on 2020-08-23 at location 31.9°S, 30.9°E. The profile measured temperatures from 2.7°C to 19.9°C and salinities around 35.2 PSU."
5904789,140,-40.426,120.567,2020-08-07 08:05:46.000865636,2.577,11.32,34.62626574803149,"ARGO float 5904789 on cycle 140 reported data on 2020-08-07 at location 40.4°S, 120.6°E. The profile measured temperatures from 2.6°C to 11.3°C and salinities around 34.6 PSU."
5904789,141,-40.182,120.295,2020-08-17 07:34:25.000800286,2.575,10.839,34.603577909270214,"ARGO float 5904789 on cycle 141 reported data on 2020-08-17 at location 40.2°S, 120.3°E. The profile measured temperatures from 2.6°C to 10.8°C and salinities around 34.6 PSU."
5904790,135,-48.786,143.141,2020-08-01 21:42:04.002314071,2.587,9.402,34.57978823529412,"ARGO float 5904790 on cycle 135 reported data on 2020-08-01 at location 48.8°S, 143.1°E. The profile measured temperatures from 2.6°C to 9.4°C and salinities around 34.6 PSU."
5904790,136,-48.843,143.239,2020-08-11 21:24:18.002287733,2.615,9.34,34.58173725490197,"ARGO float 5904790 on cycle 136 reported data on 2020-08-11 at location 48.8°S, 143.2°E. The profile measured temperatures from 2.6°C to 9.3°C and salinities around 34.6 PSU."
5904790,137,-48.836,143.209,2020-08-21 20:28:45.002186281,2.617,9.326,34.58338431372549,"ARGO float 5904790 on cycle 137 reported data on 2020-08-21 at location 48.8°S, 143.2°E. The profile measured temperatures from 2.6°C to 9.3°C and salinities around 34.6 PSU."
5904790,138,-48.795,143.275,2020-08-31 20:20:55.002174792,2.616,9.306,34.57658431372549,"ARGO float 5904790 on cycle 138 reported data on 2020-08-31 at location 48.8°S, 143.3°E. The profile measured temperatures from 2.6°C to 9.3°C and salinities around 34.6 PSU."
5904791,140,-36.951,123.055,2020-08-03 15:47:04.001677604,2.411,14.989,34.9114568627451,"ARGO float 5904791 on cycle 140 reported data on 2020-08-03 at location 37.0°S, 123.1°E. The profile measured temperatures from 2.4°C to 15.0°C and salinities around 34.9 PSU."
5904791,141,-36.582,122.757,2020-08-13 15:29:44.001651367,2.404,15.187,34.97343921568628,"ARGO float 5904791 on cycle 141 reported data on 2020-08-13 at location 36.6°S, 122.8°E. The profile measured temperatures from 2.4°C to 15.2°C and salinities around 35.0 PSU."
5904791,142,-35.976,122.676,2020-08-23 14:51:43.001576127,2.431,14.847,34.940823529411766,"ARGO float 5904791 on cycle 142 reported data on 2020-08-23 at location 36.0°S, 122.7°E. The profile measured temperatures from 2.4°C to 14.8°C and salinities around 34.9 PSU."
5904793,136,-44.491,112.131,2020-08-08 19:56:59.002119804,2.527,11.091,34.651037328094304,"ARGO float 5904793 on cycle 136 reported data on 2020-08-08 at location 44.5°S, 112.1°E. The profile measured temperatures from 2.5°C to 11.1°C and salinities around 34.7 PSU."
5904793,137,-44.872,113.016,2020-08-18 19:20:28.002067480,2.536,10.643,34.67981176470589,"ARGO float 5904793 on cycle 137 reported data on 2020-08-18 at location 44.9°S, 113.0°E. The profile measured temperatures from 2.5°C to 10.6°C and salinities around 34.7 PSU."
5904793,138,-45.15,113.788,2020-08-28 19:00:31.002038498,2.54,10.56,34.670647058823526,"ARGO float 5904793 on cycle 138 reported data on 2020-08-28 at location 45.1°S, 113.8°E. The profile measured temperatures from 2.5°C to 10.6°C and salinities around 34.7 PSU."
5904794,140,-44.072,137.126,2020-08-10 02:07:19.000224791,2.448,9.979,34.58913333333333,"ARGO float 5904794 on cycle 140 reported data on 2020-08-10 at location 44.1°S, 137.1°E. The profile measured temperatures from 2.4°C to 10.0°C and salinities around 34.6 PSU."
5904794,141,-44.255,137.16,2020-08-20 01:29:46.000149483,2.439,10.833,34.648970588235294,"ARGO float 5904794 on cycle 141 reported data on 2020-08-20 at location 44.3°S, 137.2°E. The profile measured temperatures from 2.4°C to 10.8°C and salinities around 34.6 PSU."
5904794,142,-44.353,137.25,2020-08-30 01:12:56.000124610,2.445,10.68,34.648958742632615,"ARGO float 5904794 on cycle 142 reported data on 2020-08-30 at location 44.4°S, 137.2°E. The profile measured temperatures from 2.4°C to 10.7°C and salinities around 34.6 PSU."
5904795,140,-39.92,125.031,2020-08-05 22:18:45.002386324,2.459,10.61,34.62826274509804,"ARGO float 5904795 on cycle 140 reported data on 2020-08-05 at location 39.9°S, 125.0°E. The profile measured temperatures from 2.5°C to 10.6°C and salinities around 34.6 PSU."
5904795,141,-39.849,124.968,2020-08-15 22:00:45.002360180,2.432,10.702,34.62830392156863,"ARGO float 5904795 on cycle 141 reported data on 2020-08-15 at location 39.8°S, 125.0°E. The profile measured temperatures from 2.4°C to 10.7°C and salinities around 34.6 PSU."
5904796,140,-32.639,105.088,2020-08-08 00:08:37.000011474,2.386,16.344,14.450182352941177,"ARGO float 5904796 on cycle 140 reported data on 2020-08-08 at location 32.6°S, 105.1°E. The profile measured temperatures from 2.4°C to 16.3°C and salinities around 14.5 PSU."
5904796,141,-31.907,105.693,2020-08-17 23:53:37.002544486,2.38,15.92,14.386723529411766,"ARGO float 5904796 on cycle 141 reported data on 2020-08-17 at location 31.9°S, 105.7°E. The profile measured temperatures from 2.4°C to 15.9°C and salinities around 14.4 PSU."
5904799,136,-36.235,29.295,2020-08-07 21:25:43.002289367,2.827,18.555,35.06532220039293,"ARGO float 5904799 on cycle 136 reported data on 2020-08-07 at location 36.2°S, 29.3°E. The profile measured temperatures from 2.8°C to 18.6°C and salinities around 35.1 PSU."
5904799,137,-35.653,28.458,2020-08-17 21:06:22.002261883,2.873,17.588,35.198513725490194,"ARGO float 5904799 on cycle 137 reported data on 2020-08-17 at location 35.7°S, 28.5°E. The profile measured temperatures from 2.9°C to 17.6°C and salinities around 35.2 PSU."
5904800,140,-37.317,120.299,2020-08-02 18:32:46.001977745,2.442,13.876,34.74629549902153,"ARGO float 5904800 on cycle 140 reported data on 2020-08-02 at location 37.3°S, 120.3°E. The profile measured temperatures from 2.4°C to 13.9°C and salinities around 34.7 PSU."
5904800,141,-37.123,120.575,2020-08-12 17:47:00.001892184,2.464,14.241,34.73633921568627,"ARGO float 5904800 on cycle 141 reported data on 2020-08-12 at location 37.1°S, 120.6°E. The profile measured temperatures from 2.5°C to 14.2°C and salinities around 34.7 PSU."
5904800,142,-36.901,120.853,2020-08-22 17:30:35.001867496,2.458,14.575,34.78197450980392,"ARGO float 5904800 on cycle 142 reported data on 2020-08-22 at location 36.9°S, 120.9°E. The profile measured temperatures from 2.5°C to 14.6°C and salinities around 34.8 PSU."
5904805,135,-45.91,113.302,2020-08-10 13:33:04.001442687,2.518,10.606,34.57255294117647,"ARGO float 5904805 on cycle 135 reported data on 2020-08-10 at location 45.9°S, 113.3°E. The profile measured temperatures from 2.5°C to 10.6°C and salinities around 34.6 PSU."
5904805,136,-46.856,115.605,2020-08-20 13:29:11.001436938,2.464,10.544,34.55531568627451,"ARGO float 5904805 on cycle 136 reported data on 2020-08-20 at location 46.9°S, 115.6°E. The profile measured temperatures from 2.5°C to 10.5°C and salinities around 34.6 PSU."
5904805,137,-46.027,117.298,2020-08-30 12:33:41.001335242,2.507,10.381,34.58298039215686,"ARGO float 5904805 on cycle 137 reported data on 2020-08-30 at location 46.0°S, 117.3°E. The profile measured temperatures from 2.5°C to 10.4°C and salinities around 34.6 PSU."
5904807,135,-39.516,94.703,2020-08-07 14:40:17.001560040,2.541,11.802,34.751890196078435,"ARGO float 5904807 on cycle 135 reported data on 2020-08-07 at location 39.5°S, 94.7°E. The profile measured temperatures from 2.5°C to 11.8°C and salinities around 34.8 PSU."
5904807,136,-39.417,94.711,2020-08-17 13:32:40.001441164,2.546,11.609,34.75213921568628,"ARGO float 5904807 on cycle 136 reported data on 2020-08-17 at location 39.4°S, 94.7°E. The profile measured temperatures from 2.5°C to 11.6°C and salinities around 34.8 PSU."
5904809,135,-45.79,131.841,2020-08-04 15:16:07.001632637,2.562,9.524,34.54103339882121,"ARGO float 5904809 on cycle 135 reported data on 2020-08-04 at location 45.8°S, 131.8°E. The profile measured temperatures from 2.6°C to 9.5°C and salinities around 34.5 PSU."
5904809,136,-45.495,132.346,2020-08-14 14:55:47.001581927,2.535,9.523,34.533685658153246,"ARGO float 5904809 on cycle 136 reported data on 2020-08-14 at location 45.5°S, 132.3°E. The profile measured temperatures from 2.5°C to 9.5°C and salinities around 34.5 PSU."
5904809,137,-44.803,132.04,2020-08-24 14:30:55.001545588,2.528,9.554,34.540777559055115,"ARGO float 5904809 on cycle 137 reported data on 2020-08-24 at location 44.8°S, 132.0°E. The profile measured temperatures from 2.5°C to 9.6°C and salinities around 34.5 PSU."
5904810,135,-37.283,102.027,2020-08-08 18:54:52.002009538,2.547,12.809,34.760227450980395,"ARGO float 5904810 on cycle 135 reported data on 2020-08-08 at location 37.3°S, 102.0°E. The profile measured temperatures from 2.5°C to 12.8°C and salinities around 34.8 PSU."
5904810,136,-37.241,102.244,2020-08-18 18:39:45.001987686,2.583,12.475,34.76659607843137,"ARGO float 5904810 on cycle 136 reported data on 2020-08-18 at location 37.2°S, 102.2°E. The profile measured temperatures from 2.6°C to 12.5°C and salinities around 34.8 PSU."
5904810,137,-37.307,102.315,2020-08-28 17:44:00.001887832,2.566,12.66,34.761066666666665,"ARGO float 5904810 on cycle 137 reported data on 2020-08-28 at location 37.3°S, 102.3°E. The profile measured temperatures from 2.6°C to 12.7°C and salinities around 34.8 PSU."
5904812,136,-37.132,52.746,2020-08-09 09:18:13.000991641,2.635,15.161,35.05331041257367,"ARGO float 5904812 on cycle 136 reported data on 2020-08-09 at location 37.1°S, 52.7°E. The profile measured temperatures from 2.6°C to 15.2°C and salinities around 35.1 PSU."
5904812,137,-38.251,52.294,2020-08-19 08:27:35.000897546,2.681,15.089,35.08113921568628,"ARGO float 5904812 on cycle 137 reported data on 2020-08-19 at location 38.3°S, 52.3°E. The profile measured temperatures from 2.7°C to 15.1°C and salinities around 35.1 PSU."
5904812,138,-39.125,52.141,2020-08-29 08:04:41.000863961,2.63,14.973,35.05478192534381,"ARGO float 5904812 on cycle 138 reported data on 2020-08-29 at location 39.1°S, 52.1°E. The profile measured temperatures from 2.6°C to 15.0°C and salinities around 35.1 PSU."
5904813,139,-37.859,101.964,2020-08-03 23:43:38.002530184,2.531,12.762,34.767927450980395,"ARGO float 5904813 on cycle 139 reported data on 2020-08-03 at location 37.9°S, 102.0°E. The profile measured temperatures from 2.5°C to 12.8°C and salinities around 34.8 PSU."
5904813,140,-37.79,101.923,2020-08-13 23:19:18.002495040,2.518,12.936,34.76578431372549,"ARGO float 5904813 on cycle 140 reported data on 2020-08-13 at location 37.8°S, 101.9°E. The profile measured temperatures from 2.5°C to 12.9°C and salinities around 34.8 PSU."
5904813,141,-37.605,102.004,2020-08-23 23:06:09.002476252,2.545,12.254,34.73545490196078,"ARGO float 5904813 on cycle 141 reported data on 2020-08-23 at location 37.6°S, 102.0°E. The profile measured temperatures from 2.5°C to 12.3°C and salinities around 34.7 PSU."
5904815,138,-28.288,105.168,2020-08-03 08:03:35.000862672,2.439,19.563,34.94905098039216,"ARGO float 5904815 on cycle 138 reported data on 2020-08-03 at location 28.3°S, 105.2°E. The profile measured temperatures from 2.4°C to 19.6°C and salinities around 34.9 PSU."
5904815,139,-28.711,105.447,2020-08-13 07:32:17.000797398,2.432,18.609,34.92540275049116,"ARGO float 5904815 on cycle 139 reported data on 2020-08-13 at location 28.7°S, 105.4°E. The profile measured temperatures from 2.4°C to 18.6°C and salinities around 34.9 PSU."
5904815,140,-29.233,105.522,2020-08-23 07:21:29.000781388,2.444,18.068,34.942739215686274,"ARGO float 5904815 on cycle 140 reported data on 2020-08-23 at location 29.2°S, 105.5°E. The profile measured temperatures from 2.4°C to 18.1°C and salinities around 34.9 PSU."
5904816,139,-32.499,100.926,2020-08-02 02:41:53.000273958,2.605,15.769,34.86353359683795,"ARGO float 5904816 on cycle 139 reported data on 2020-08-02 at location 32.5°S, 100.9°E. The profile measured temperatures from 2.6°C to 15.8°C and salinities around 34.9 PSU."
5904816,140,-32.467,100.329,2020-08-12 02:08:06.000226347,2.618,14.778,34.85091518737673,"ARGO float 5904816 on cycle 140 reported data on 2020-08-12 at location 32.5°S, 100.3°E. The profile measured temperatures from 2.6°C to 14.8°C and salinities around 34.9 PSU."
5904816,141,-32.503,99.92,2020-08-22 01:07:44.000117371,2.742,15.538,34.87872365805169,"ARGO float 5904816 on cycle 141 reported data on 2020-08-22 at location 32.5°S, 99.9°E. The profile measured temperatures from 2.7°C to 15.5°C and salinities around 34.9 PSU."
5904817,135,-58.353,118.889,2020-08-01 00:53:19.000077046,1.242,2.341,34.462538310412576,"ARGO float 5904817 on cycle 135 reported data on 2020-08-01 at location 58.4°S, 118.9°E. The profile measured temperatures from 1.2°C to 2.3°C and salinities around 34.5 PSU."
5904817,136,-58.142,119.416,2020-08-11 00:23:57.000033225,1.126,2.339,34.44737450980392,"ARGO float 5904817 on cycle 136 reported data on 2020-08-11 at location 58.1°S, 119.4°E. The profile measured temperatures from 1.1°C to 2.3°C and salinities around 34.4 PSU."
5904817,137,-57.735,119.942,2020-08-21 00:17:35.000024706,1.27,2.322,34.429658823529415,"ARGO float 5904817 on cycle 137 reported data on 2020-08-21 at location 57.7°S, 119.9°E. The profile measured temperatures from 1.3°C to 2.3°C and salinities around 34.4 PSU."
5904817,138,-57.302,121.195,2020-08-30 23:45:09.002532911,0.29,2.36,34.42329411764706,"ARGO float 5904817 on cycle 138 reported data on 2020-08-30 at location 57.3°S, 121.2°E. The profile measured temperatures from 0.3°C to 2.4°C and salinities around 34.4 PSU."
5904818,135,-46.556,122.711,2020-08-09 14:51:31.001576152,2.505,4.876,,"ARGO float 5904818 on cycle 135 reported data on 2020-08-09 at location 46.6°S, 122.7°E. The profile measured temperatures from 2.5°C to 4.9°C and no salinity data."
5904818,136,-46.543,123.344,2020-08-19 14:15:48.001523736,2.533,5.001,,"ARGO float 5904818 on cycle 136 reported data on 2020-08-19 at location 46.5°S, 123.3°E. The profile measured temperatures from 2.5°C to 5.0°C and no salinity data."
5904818,137,-46.589,124.08,2020-08-29 14:26:24.001539763,2.553,5.312,,"ARGO float 5904818 on cycle 137 reported data on 2020-08-29 at location 46.6°S, 124.1°E. The profile measured temperatures from 2.6°C to 5.3°C and no salinity data."
5904819,138,-21.908,93.893,2020-08-05 02:18:48.000240633,2.403,22.891,35.00747347740668,"ARGO float 5904819 on cycle 138 reported data on 2020-08-05 at location 21.9°S, 93.9°E. The profile measured temperatures from 2.4°C to 22.9°C and salinities around 35.0 PSU."
5904819,139,-22.165,93.301,2020-08-15 02:29:06.000256852,2.443,22.517,35.010037328094306,"ARGO float 5904819 on cycle 139 reported data on 2020-08-15 at location 22.2°S, 93.3°E. The profile measured temperatures from 2.4°C to 22.5°C and salinities around 35.0 PSU."
5904819,140,-22.436,92.891,2020-08-25 01:48:10.000176848,2.495,22.283,35.009721021611,"ARGO float 5904819 on cycle 140 reported data on 2020-08-25 at location 22.4°S, 92.9°E. The profile measured temperatures from 2.5°C to 22.3°C and salinities around 35.0 PSU."
5904820,135,-35.095,96.682,2020-08-06 13:41:58.001454044,2.614,14.698,34.88193150684932,"ARGO float 5904820 on cycle 135 reported data on 2020-08-06 at location 35.1°S, 96.7°E. The profile measured temperatures from 2.6°C to 14.7°C and salinities around 34.9 PSU."
5904820,136,-35.075,96.617,2020-08-16 13:32:32.001441172,2.596,13.987,34.8541294117647,"ARGO float 5904820 on cycle 136 reported data on 2020-08-16 at location 35.1°S, 96.6°E. The profile measured temperatures from 2.6°C to 14.0°C and salinities around 34.9 PSU."
5904821,137,-17.413,69.454,2020-08-05 09:42:22.001026726,2.456,24.319,35.00597843137255,"ARGO float 5904821 on cycle 137 reported data on 2020-08-05 at location 17.4°S, 69.5°E. The profile measured temperatures from 2.5°C to 24.3°C and salinities around 35.0 PSU."
5904821,138,-17.239,69.029,2020-08-15 09:12:43.000983023,2.497,24.581,34.9842,"ARGO float 5904821 on cycle 138 reported data on 2020-08-15 at location 17.2°S, 69.0°E. The profile measured temperatures from 2.5°C to 24.6°C and salinities around 35.0 PSU."
5904821,139,-17.035,68.601,2020-08-25 08:19:59.000885872,2.611,24.012,34.97238627450981,"ARGO float 5904821 on cycle 139 reported data on 2020-08-25 at location 17.0°S, 68.6°E. The profile measured temperatures from 2.6°C to 24.0°C and salinities around 35.0 PSU."
5904822,137,-11.665,59.186,2020-08-06 20:02:06.002148814,2.506,26.632,34.81450099009901,"ARGO float 5904822 on cycle 137 reported data on 2020-08-06 at location 11.7°S, 59.2°E. The profile measured temperatures from 2.5°C to 26.6°C and salinities around 34.8 PSU."
5904822,138,-11.739,59.601,2020-08-16 19:02:31.002041402,2.602,26.454,34.828269155206286,"ARGO float 5904822 on cycle 138 reported data on 2020-08-16 at location 11.7°S, 59.6°E. The profile measured temperatures from 2.6°C to 26.5°C and salinities around 34.8 PSU."
5904823,138,-17.774,85.599,2020-08-09 15:31:16.001654329,2.515,23.793,34.98785658153241,"ARGO float 5904823 on cycle 138 reported data on 2020-08-09 at location 17.8°S, 85.6°E. The profile measured temperatures from 2.5°C to 23.8°C and salinities around 35.0 PSU."
5904823,139,-17.621,85.197,2020-08-19 14:50:22.001574796,2.491,23.292,34.88873477406679,"ARGO float 5904823 on cycle 139 reported data on 2020-08-19 at location 17.6°S, 85.2°E. The profile measured temperatures from 2.5°C to 23.3°C and salinities around 34.9 PSU."
5904823,140,-17.499,84.817,2020-08-29 13:58:23.001479051,2.502,24.232,34.78226719056974,"ARGO float 5904823 on cycle 140 reported data on 2020-08-29 at location 17.5°S, 84.8°E. The profile measured temperatures from 2.5°C to 24.2°C and salinities around 34.8 PSU."
5904824,137,-15.81,67.853,2020-08-03 20:39:15.002202476,2.355,25.857,34.895852941176464,"ARGO float 5904824 on cycle 137 reported data on 2020-08-03 at location 15.8°S, 67.9°E. The profile measured temperatures from 2.4°C to 25.9°C and salinities around 34.9 PSU."
5904824,138,-16.062,67.287,2020-08-13 19:56:01.002119760,2.387,25.448,34.920335952848724,"ARGO float 5904824 on cycle 138 reported data on 2020-08-13 at location 16.1°S, 67.3°E. The profile measured temperatures from 2.4°C to 25.4°C and salinities around 34.9 PSU."
5904824,139,-16.344,66.752,2020-08-23 19:18:38.002064711,2.336,25.157,34.93116306483301,"ARGO float 5904824 on cycle 139 reported data on 2020-08-23 at location 16.3°S, 66.8°E. The profile measured temperatures from 2.3°C to 25.2°C and salinities around 34.9 PSU."
5904825,136,-37.074,21.552,2020-08-02 15:07:47.001619482,2.793,21.774,34.89287622789784,"ARGO float 5904825 on cycle 136 reported data on 2020-08-02 at location 37.1°S, 21.6°E. The profile measured temperatures from 2.8°C to 21.8°C and salinities around 34.9 PSU."
5904825,137,-37.415,21.048,2020-08-12 14:27:24.001541219,2.68,19.61,34.78599215686275,"ARGO float 5904825 on cycle 137 reported data on 2020-08-12 at location 37.4°S, 21.0°E. The profile measured temperatures from 2.7°C to 19.6°C and salinities around 34.8 PSU."
5904826,138,-21.519,108.903,2020-08-06 05:13:50.000555075,2.474,23.245,28.289434184675834,"ARGO float 5904826 on cycle 138 reported data on 2020-08-06 at location 21.5°S, 108.9°E. The profile measured temperatures from 2.5°C to 23.2°C and salinities around 28.3 PSU."
5904826,139,-21.373,108.781,2020-08-16 04:10:08.000443663,2.476,23.28,28.26383104125737,"ARGO float 5904826 on cycle 139 reported data on 2020-08-16 at location 21.4°S, 108.8°E. The profile measured temperatures from 2.5°C to 23.3°C and salinities around 28.3 PSU."
5904827,138,-21.125,92.635,2020-08-08 06:41:17.000703185,2.441,23.136,34.98615294117647,"ARGO float 5904827 on cycle 138 reported data on 2020-08-08 at location 21.1°S, 92.6°E. The profile measured temperatures from 2.4°C to 23.1°C and salinities around 35.0 PSU."
5904827,139,-20.985,92.83,2020-08-18 06:01:03.000645255,2.414,22.498,35.01141257367387,"ARGO float 5904827 on cycle 139 reported data on 2020-08-18 at location 21.0°S, 92.8°E. The profile measured temperatures from 2.4°C to 22.5°C and salinities around 35.0 PSU."
5904828,138,-18.432,93.061,2020-08-05 13:54:16.001473167,2.583,25.015,34.91150588235294,"ARGO float 5904828 on cycle 138 reported data on 2020-08-05 at location 18.4°S, 93.1°E. The profile measured temperatures from 2.6°C to 25.0°C and salinities around 34.9 PSU."
5904828,139,-18.671,92.761,2020-08-15 13:06:49.001403286,2.507,24.506,34.97311787819253,"ARGO float 5904828 on cycle 139 reported data on 2020-08-15 at location 18.7°S, 92.8°E. The profile measured temperatures from 2.5°C to 24.5°C and salinities around 35.0 PSU."
5904828,140,-18.915,92.414,2020-08-25 12:32:32.001333887,2.498,24.479,34.98458939096267,"ARGO float 5904828 on cycle 140 reported data on 2020-08-25 at location 18.9°S, 92.4°E. The profile measured temperatures from 2.5°C to 24.5°C and salinities around 35.0 PSU."
5904829,138,-18.597,81.114,2020-08-07 04:10:12.000443655,2.461,24.1,34.96825490196078,"ARGO float 5904829 on cycle 138 reported data on 2020-08-07 at location 18.6°S, 81.1°E. The profile measured temperatures from 2.5°C to 24.1°C and salinities around 35.0 PSU."
5904829,139,-18.695,81.194,2020-08-17 03:16:14.000345241,2.487,24.163,34.939921414538304,"ARGO float 5904829 on cycle 139 reported data on 2020-08-17 at location 18.7°S, 81.2°E. The profile measured temperatures from 2.5°C to 24.2°C and salinities around 34.9 PSU."
5904830,137,-18.451,64.175,2020-08-04 07:04:36.000756759,2.264,24.217,27.033846456692913,"ARGO float 5904830 on cycle 137 reported data on 2020-08-04 at location 18.5°S, 64.2°E. The profile measured temperatures from 2.3°C to 24.2°C and salinities around 27.0 PSU."
5904830,138,-18.475,63.611,2020-08-14 06:12:14.000661290,2.267,23.37,26.767364173228348,"ARGO float 5904830 on cycle 138 reported data on 2020-08-14 at location 18.5°S, 63.6°E. The profile measured temperatures from 2.3°C to 23.4°C and salinities around 26.8 PSU."
5904830,139,-18.731,63.196,2020-08-24 05:00:34.000536219,2.254,23.098,10.189275049115913,"ARGO float 5904830 on cycle 139 reported data on 2020-08-24 at location 18.7°S, 63.2°E. The profile measured temperatures from 2.3°C to 23.1°C and salinities around 10.2 PSU."
5904831,137,-9.034,63.998,2020-08-04 17:45:47.001889264,2.651,27.599,29.819819607843137,"ARGO float 5904831 on cycle 137 reported data on 2020-08-04 at location 9.0°S, 64.0°E. The profile measured temperatures from 2.7°C to 27.6°C and salinities around 29.8 PSU."
5904831,138,-10.497,65.018,2020-08-14 16:53:41.001793451,2.42,26.883,30.05527201565558,"ARGO float 5904831 on cycle 138 reported data on 2020-08-14 at location 10.5°S, 65.0°E. The profile measured temperatures from 2.4°C to 26.9°C and salinities around 30.1 PSU."
5904831,139,-9.614,66.202,2020-08-24 15:54:50.001687521,2.688,26.517,30.52687866927593,"ARGO float 5904831 on cycle 139 reported data on 2020-08-24 at location 9.6°S, 66.2°E. The profile measured temperatures from 2.7°C to 26.5°C and salinities around 30.5 PSU."
5904833,138,-18.749,110.517,2020-08-03 11:37:57.001233740,2.452,25.728,34.79914931237721,"ARGO float 5904833 on cycle 138 reported data on 2020-08-03 at location 18.7°S, 110.5°E. The profile measured temperatures from 2.5°C to 25.7°C and salinities around 34.8 PSU."
5904833,139,-19.091,110.458,2020-08-13 11:03:23.001184563,2.528,24.993,34.817738703339884,"ARGO float 5904833 on cycle 139 reported data on 2020-08-13 at location 19.1°S, 110.5°E. The profile measured temperatures from 2.5°C to 25.0°C and salinities around 34.8 PSU."
5904833,140,-19.302,110.763,2020-08-23 10:08:29.001084374,2.476,24.651,34.82873280943026,"ARGO float 5904833 on cycle 140 reported data on 2020-08-23 at location 19.3°S, 110.8°E. The profile measured temperatures from 2.5°C to 24.7°C and salinities around 34.8 PSU."
5904834,137,-20.74,62.397,2020-08-06 01:53:43.000184281,2.371,23.011,34.994786274509806,"ARGO float 5904834 on cycle 137 reported data on 2020-08-06 at location 20.7°S, 62.4°E. The profile measured temperatures from 2.4°C to 23.0°C and salinities around 35.0 PSU."
5904834,138,-21.166,61.791,2020-08-16 01:00:26.000107076,2.381,22.752,34.999455795677804,"ARGO float 5904834 on cycle 138 reported data on 2020-08-16 at location 21.2°S, 61.8°E. The profile measured temperatures from 2.4°C to 22.8°C and salinities around 35.0 PSU."
5904835,137,-10.923,63.035,2020-08-02 05:16:08.000559670,2.298,27.246,34.943907662082516,"ARGO float 5904835 on cycle 137 reported data on 2020-08-02 at location 10.9°S, 63.0°E. The profile measured temperatures from 2.3°C to 27.2°C and salinities around 34.9 PSU."
5904835,138,-10.65,62.744,2020-08-12 04:26:29.000466795,2.243,26.972,34.94511394891945,"ARGO float 5904835 on cycle 138 reported data on 2020-08-12 at location 10.7°S, 62.7°E. The profile measured temperatures from 2.2°C to 27.0°C and salinities around 34.9 PSU."
5904835,139,-9.732,62.65,2020-08-22 03:50:50.000394249,2.277,27.157,34.97917288801572,"ARGO float 5904835 on cycle 139 reported data on 2020-08-22 at location 9.7°S, 62.6°E. The profile measured temperatures from 2.3°C to 27.2°C and salinities around 35.0 PSU."
5904836,137,-12.798,62.373,2020-08-03 23:51:16.002541699,2.459,26.581,34.856539215686276,"ARGO float 5904836 on cycle 137 reported data on 2020-08-03 at location 12.8°S, 62.4°E. The profile measured temperatures from 2.5°C to 26.6°C and salinities around 34.9 PSU."
5904836,138,-11.433,62.573,2020-08-13 23:30:10.002511042,2.331,26.724,34.81434705882353,"ARGO float 5904836 on cycle 138 reported data on 2020-08-13 at location 11.4°S, 62.6°E. The profile measured temperatures from 2.3°C to 26.7°C and salinities around 34.8 PSU."
5904836,139,-11.315,63.096,2020-08-23 22:40:10.002418285,2.307,26.422,34.813163064833006,"ARGO float 5904836 on cycle 139 reported data on 2020-08-23 at location 11.3°S, 63.1°E. The profile measured temperatures from 2.3°C to 26.4°C and salinities around 34.8 PSU."
5904837,136,-37.519,35.587,2020-08-03 00:22:12.000031936,2.958,17.923,35.251636007827784,"ARGO float 5904837 on cycle 136 reported data on 2020-08-03 at location 37.5°S, 35.6°E. The profile measured temperatures from 3.0°C to 17.9°C and salinities around 35.3 PSU."
5904837,137,-37.844,35.639,2020-08-12 23:02:10.002470360,2.973,17.577,35.24869803921568,"ARGO float 5904837 on cycle 137 reported data on 2020-08-12 at location 37.8°S, 35.6°E. The profile measured temperatures from 3.0°C to 17.6°C and salinities around 35.2 PSU."
5904837,138,-37.803,35.689,2020-08-22 22:12:29.002377646,2.971,17.473,35.23392549019608,"ARGO float 5904837 on cycle 138 reported data on 2020-08-22 at location 37.8°S, 35.7°E. The profile measured temperatures from 3.0°C to 17.5°C and salinities around 35.2 PSU."
5904846,94,-37.739,138.749,2020-08-03 19:05:48.002045645,2.2384,13.792,34.77302542372881,"ARGO float 5904846 on cycle 94 reported data on 2020-08-03 at location 37.7°S, 138.7°E. The profile measured temperatures from 2.2°C to 13.8°C and salinities around 34.8 PSU."
5904846,95,-37.43,138.402,2020-08-13 18:52:31.002006760,2.6379,14.1114,34.849043706293706,"ARGO float 5904846 on cycle 95 reported data on 2020-08-13 at location 37.4°S, 138.4°E. The profile measured temperatures from 2.6°C to 14.1°C and salinities around 34.8 PSU."
5904846,96,-37.574,138.562,2020-08-23 18:30:44.001974689,2.6669,13.48,34.784325217391306,"ARGO float 5904846 on cycle 96 reported data on 2020-08-23 at location 37.6°S, 138.6°E. The profile measured temperatures from 2.7°C to 13.5°C and salinities around 34.8 PSU."
5904854,132,-45.075,36.049,2020-08-08 21:49:09.002324147,2.379,5.788,34.43812194891201,"ARGO float 5904854 on cycle 132 reported data on 2020-08-08 at location 45.1°S, 36.0°E. The profile measured temperatures from 2.4°C to 5.8°C and salinities around 34.4 PSU."
5904854,133,-44.979,35.582,2020-08-19 00:29:57.000041937,2.628,5.954,34.29665419532325,"ARGO float 5904854 on cycle 133 reported data on 2020-08-19 at location 45.0°S, 35.6°E. The profile measured temperatures from 2.6°C to 6.0°C and salinities around 34.3 PSU."
5904854,134,-45.181,35.214,2020-08-29 02:10:30.000229201,2.4974,5.775,34.39769820245979,"ARGO float 5904854 on cycle 134 reported data on 2020-08-29 at location 45.2°S, 35.2°E. The profile measured temperatures from 2.5°C to 5.8°C and salinities around 34.4 PSU."
5904888,218,-42.156,129.634,2020-08-03 21:22:02.999985519,2.378,11.331,34.59911256281407,"ARGO float 5904888 on cycle 218 reported data on 2020-08-03 at location 42.2°S, 129.6°E. The profile measured temperatures from 2.4°C to 11.3°C and salinities around 34.6 PSU."
5904888,219,-41.651,129.019,2020-08-13 16:50:01.000003519,2.376,11.179,34.59493252769386,"ARGO float 5904888 on cycle 219 reported data on 2020-08-13 at location 41.7°S, 129.0°E. The profile measured temperatures from 2.4°C to 11.2°C and salinities around 34.6 PSU."
5904888,220,-41.505,129.806,2020-08-23 10:57:26.000003816,2.363,11.628,34.61339095477387,"ARGO float 5904888 on cycle 220 reported data on 2020-08-23 at location 41.5°S, 129.8°E. The profile measured temperatures from 2.4°C to 11.6°C and salinities around 34.6 PSU."
5904889,218,-42.053,129.747,2020-08-05 23:28:27.000008227,2.355,11.424,34.60480362537764,"ARGO float 5904889 on cycle 218 reported data on 2020-08-05 at location 42.1°S, 129.7°E. The profile measured temperatures from 2.4°C to 11.4°C and salinities around 34.6 PSU."
5904889,219,-41.517,129.281,2020-08-15 19:01:11.000003816,2.378,11.776,34.608662977867205,"ARGO float 5904889 on cycle 219 reported data on 2020-08-15 at location 41.5°S, 129.3°E. The profile measured temperatures from 2.4°C to 11.8°C and salinities around 34.6 PSU."
5904889,220,-41.978,129.353,2020-08-25 14:38:42.000011799,2.355,11.812,34.62031319234642,"ARGO float 5904889 on cycle 220 reported data on 2020-08-25 at location 42.0°S, 129.4°E. The profile measured temperatures from 2.4°C to 11.8°C and salinities around 34.6 PSU."
5904890,218,-34.401,124.955,2020-08-07 12:24:36.999995109,2.309,17.244,34.65074523570712,"ARGO float 5904890 on cycle 218 reported data on 2020-08-07 at location 34.4°S, 125.0°E. The profile measured temperatures from 2.3°C to 17.2°C and salinities around 34.7 PSU."
5904890,219,-34.33,124.741,2020-08-17 07:55:35.000002384,2.256,15.105,34.68851557788945,"ARGO float 5904890 on cycle 219 reported data on 2020-08-17 at location 34.3°S, 124.7°E. The profile measured temperatures from 2.3°C to 15.1°C and salinities around 34.7 PSU."
5904890,220,-34.272,124.65,2020-08-27 02:34:24.999997615,3.24,17.118,34.76553627760252,"ARGO float 5904890 on cycle 220 reported data on 2020-08-27 at location 34.3°S, 124.7°E. The profile measured temperatures from 3.2°C to 17.1°C and salinities around 34.8 PSU."
5904891,217,-37.008,95.987,2020-08-07 21:47:43.999995589,2.541,13.032,34.64275504032258,"ARGO float 5904891 on cycle 217 reported data on 2020-08-07 at location 37.0°S, 96.0°E. The profile measured temperatures from 2.5°C to 13.0°C and salinities around 34.6 PSU."
5904891,218,-37.018,95.758,2020-08-17 15:47:05.000005956,2.544,12.598,34.645516549648946,"ARGO float 5904891 on cycle 218 reported data on 2020-08-17 at location 37.0°S, 95.8°E. The profile measured temperatures from 2.5°C to 12.6°C and salinities around 34.6 PSU."
5904891,219,-37.03,95.317,2020-08-27 11:19:46.000017825,2.53,12.608,34.638687184661954,"ARGO float 5904891 on cycle 219 reported data on 2020-08-27 at location 37.0°S, 95.3°E. The profile measured temperatures from 2.5°C to 12.6°C and salinities around 34.6 PSU."
5904892,217,-29.325,90.989,2020-08-10 12:36:36.999992427,2.477,17.115,34.758081300813004,"ARGO float 5904892 on cycle 217 reported data on 2020-08-10 at location 29.3°S, 91.0°E. The profile measured temperatures from 2.5°C to 17.1°C and salinities around 34.8 PSU."
5904892,218,-29.23,90.887,2020-08-20 07:55:47.000017764,2.473,17.607,34.7674979757085,"ARGO float 5904892 on cycle 218 reported data on 2020-08-20 at location 29.2°S, 90.9°E. The profile measured temperatures from 2.5°C to 17.6°C and salinities around 34.8 PSU."
5904892,219,-29.138,90.683,2020-08-30 03:50:38.000017406,2.464,17.271,34.74906889564336,"ARGO float 5904892 on cycle 219 reported data on 2020-08-30 at location 29.1°S, 90.7°E. The profile measured temperatures from 2.5°C to 17.3°C and salinities around 34.7 PSU."
5904893,216,-27.23,54.259,2020-08-01 16:28:50.000017581,2.424,20.58,34.85624172517553,"ARGO float 5904893 on cycle 216 reported data on 2020-08-01 at location 27.2°S, 54.3°E. The profile measured temperatures from 2.4°C to 20.6°C and salinities around 34.9 PSU."
5904893,217,-27.144,53.701,2020-08-11 12:52:56.999987659,2.498,20.839,34.863650809716596,"ARGO float 5904893 on cycle 217 reported data on 2020-08-11 at location 27.1°S, 53.7°E. The profile measured temperatures from 2.5°C to 20.8°C and salinities around 34.9 PSU."
5904893,218,-27.044,53.225,2020-08-21 08:26:13.000010847,2.509,20.619,34.85361909547739,"ARGO float 5904893 on cycle 218 reported data on 2020-08-21 at location 27.0°S, 53.2°E. The profile measured temperatures from 2.5°C to 20.6°C and salinities around 34.9 PSU."
5904893,219,-27.518,52.951,2020-08-31 02:13:13.000017109,2.511,21.403,34.86584368737475,"ARGO float 5904893 on cycle 219 reported data on 2020-08-31 at location 27.5°S, 53.0°E. The profile measured temperatures from 2.5°C to 21.4°C and salinities around 34.9 PSU."
5904894,216,-30.258,90.462,2020-08-03 09:55:30.000002681,2.525,17.22,34.76931746031746,"ARGO float 5904894 on cycle 216 reported data on 2020-08-03 at location 30.3°S, 90.5°E. The profile measured temperatures from 2.5°C to 17.2°C and salinities around 34.8 PSU."
5904894,217,-30.333,90.33,2020-08-13 04:58:50.999985336,2.651,16.335,34.76625655021834,"ARGO float 5904894 on cycle 217 reported data on 2020-08-13 at location 30.3°S, 90.3°E. The profile measured temperatures from 2.7°C to 16.3°C and salinities around 34.8 PSU."
5904894,218,-30.477,90.31,2020-08-22 23:36:38.999994995,2.875,17.15,34.784332524271846,"ARGO float 5904894 on cycle 218 reported data on 2020-08-22 at location 30.5°S, 90.3°E. The profile measured temperatures from 2.9°C to 17.1°C and salinities around 34.8 PSU."
5904895,216,-21.868,74.281,2020-08-07 23:48:06.000010367,2.613,22.954,34.854869608826476,"ARGO float 5904895 on cycle 216 reported data on 2020-08-07 at location 21.9°S, 74.3°E. The profile measured temperatures from 2.6°C to 23.0°C and salinities around 34.9 PSU."
5904895,217,-21.734,74.011,2020-08-17 19:38:06.000019310,2.641,22.459,34.85090918264379,"ARGO float 5904895 on cycle 217 reported data on 2020-08-17 at location 21.7°S, 74.0°E. The profile measured temperatures from 2.6°C to 22.5°C and salinities around 34.9 PSU."
5904895,218,-21.609,73.774,2020-08-27 14:20:04.999995231,2.619,22.416,34.86754262788365,"ARGO float 5904895 on cycle 218 reported data on 2020-08-27 at location 21.6°S, 73.8°E. The profile measured temperatures from 2.6°C to 22.4°C and salinities around 34.9 PSU."
5904897,214,-42.338,91.719,2020-08-08 14:51:06.999994218,2.468,10.993,34.55540301507537,"ARGO float 5904897 on cycle 214 reported data on 2020-08-08 at location 42.3°S, 91.7°E. The profile measured temperatures from 2.5°C to 11.0°C and salinities around 34.6 PSU."
5904897,215,-42.695,92.62,2020-08-18 10:46:01.000017825,2.48,11.181,34.56642078708375,"ARGO float 5904897 on cycle 215 reported data on 2020-08-18 at location 42.7°S, 92.6°E. The profile measured temperatures from 2.5°C to 11.2°C and salinities around 34.6 PSU."
5904897,216,-42.924,93.467,2020-08-28 04:51:46.999991833,2.499,10.777,34.56114829659318,"ARGO float 5904897 on cycle 216 reported data on 2020-08-28 at location 42.9°S, 93.5°E. The profile measured temperatures from 2.5°C to 10.8°C and salinities around 34.6 PSU."
5904899,213,-41.478,104.501,2020-08-03 05:11:24.999999406,2.567,10.755,34.585192964824124,"ARGO float 5904899 on cycle 213 reported data on 2020-08-03 at location 41.5°S, 104.5°E. The profile measured temperatures from 2.6°C to 10.8°C and salinities around 34.6 PSU."
5904899,214,-41.063,104.483,2020-08-13 01:22:32.000015974,2.563,10.738,34.58207042253521,"ARGO float 5904899 on cycle 214 reported data on 2020-08-13 at location 41.1°S, 104.5°E. The profile measured temperatures from 2.6°C to 10.7°C and salinities around 34.6 PSU."
5904899,215,-40.647,104.276,2020-08-22 21:01:02.999980148,2.552,10.742,34.58340483383686,"ARGO float 5904899 on cycle 215 reported data on 2020-08-22 at location 40.6°S, 104.3°E. The profile measured temperatures from 2.6°C to 10.7°C and salinities around 34.6 PSU."
5904902,212,-22.687,91.091,2020-08-04 15:37:14.999987484,2.452,21.116,34.83994773869347,"ARGO float 5904902 on cycle 212 reported data on 2020-08-04 at location 22.7°S, 91.1°E. The profile measured temperatures from 2.5°C to 21.1°C and salinities around 34.8 PSU."
5904902,213,-22.716,90.939,2020-08-14 10:00:39.000016454,2.421,21.223,34.842286860581744,"ARGO float 5904902 on cycle 213 reported data on 2020-08-14 at location 22.7°S, 90.9°E. The profile measured temperatures from 2.4°C to 21.2°C and salinities around 34.8 PSU."
5904902,214,-22.776,90.662,2020-08-24 06:27:04.000002445,2.478,21.386,34.83532931726907,"ARGO float 5904902 on cycle 214 reported data on 2020-08-24 at location 22.8°S, 90.7°E. The profile measured temperatures from 2.5°C to 21.4°C and salinities around 34.8 PSU."
5904903,212,-23.458,98.459,2020-08-04 22:06:10.999985929,2.469,22.789,34.82874649298597,"ARGO float 5904903 on cycle 212 reported data on 2020-08-04 at location 23.5°S, 98.5°E. The profile measured temperatures from 2.5°C to 22.8°C and salinities around 34.8 PSU."
5904903,213,-24.086,98.781,2020-08-14 19:05:23.000004890,2.528,21.702,34.832269424823416,"ARGO float 5904903 on cycle 213 reported data on 2020-08-14 at location 24.1°S, 98.8°E. The profile measured temperatures from 2.5°C to 21.7°C and salinities around 34.8 PSU."
5904903,214,-24.051,99.255,2020-08-24 14:19:27.000000174,2.488,22.162,34.8330140562249,"ARGO float 5904903 on cycle 214 reported data on 2020-08-24 at location 24.1°S, 99.3°E. The profile measured temperatures from 2.5°C to 22.2°C and salinities around 34.8 PSU."
5904904,212,-20.071,78.776,2020-08-07 15:47:48.000014122,2.64,23.125,34.86998893360161,"ARGO float 5904904 on cycle 212 reported data on 2020-08-07 at location 20.1°S, 78.8°E. The profile measured temperatures from 2.6°C to 23.1°C and salinities around 34.9 PSU."
5904904,213,-20.022,79.063,2020-08-17 11:36:27.000019851,2.591,23.382,34.86537975951904,"ARGO float 5904904 on cycle 213 reported data on 2020-08-17 at location 20.0°S, 79.1°E. The profile measured temperatures from 2.6°C to 23.4°C and salinities around 34.9 PSU."
5904904,214,-19.64,78.857,2020-08-27 06:07:09.000006620,2.636,23.304,34.8701122244489,"ARGO float 5904904 on cycle 214 reported data on 2020-08-27 at location 19.6°S, 78.9°E. The profile measured temperatures from 2.6°C to 23.3°C and salinities around 34.9 PSU."
5904940,127,-12.885,92.666,2020-08-07 16:09:16.001729654,2.684,27.018,34.698087,"ARGO float 5904940 on cycle 127 reported data on 2020-08-07 at location 12.9°S, 92.7°E. The profile measured temperatures from 2.7°C to 27.0°C and salinities around 34.7 PSU."
5904940,128,-12.951,92.886,2020-08-17 17:03:21.001828144,2.713,26.738,34.69865682281059,"ARGO float 5904940 on cycle 128 reported data on 2020-08-17 at location 13.0°S, 92.9°E. The profile measured temperatures from 2.7°C to 26.7°C and salinities around 34.7 PSU."
5904940,129,-13.096,93.224,2020-08-27 16:05:43.001723872,2.76,26.405,34.71303293413174,"ARGO float 5904940 on cycle 129 reported data on 2020-08-27 at location 13.1°S, 93.2°E. The profile measured temperatures from 2.8°C to 26.4°C and salinities around 34.7 PSU."
5904941,127,-12.219,87.158,2020-08-09 16:13:18.001735311,2.711,27.307,34.714615384615385,"ARGO float 5904941 on cycle 127 reported data on 2020-08-09 at location 12.2°S, 87.2°E. The profile measured temperatures from 2.7°C to 27.3°C and salinities around 34.7 PSU."
5904941,128,-12.291,87.173,2020-08-19 17:14:57.001844054,2.743,27.945,34.74889658634538,"ARGO float 5904941 on cycle 128 reported data on 2020-08-19 at location 12.3°S, 87.2°E. The profile measured temperatures from 2.7°C to 27.9°C and salinities around 34.7 PSU."
5904941,129,-12.212,87.226,2020-08-29 16:34:03.001766085,2.66,27.862,34.732774451097804,"ARGO float 5904941 on cycle 129 reported data on 2020-08-29 at location 12.2°S, 87.2°E. The profile measured temperatures from 2.7°C to 27.9°C and salinities around 34.7 PSU."
5904994,180,-5.75,97.267,2020-08-04 22:10:34.000007808,2.569,28.583,34.857081243731194,"ARGO float 5904994 on cycle 180 reported data on 2020-08-04 at location 5.8°S, 97.3°E. The profile measured temperatures from 2.6°C to 28.6°C and salinities around 34.9 PSU."
5904994,181,-5.481,97.549,2020-08-14 18:21:20.000017581,2.656,29.197,34.86831362725451,"ARGO float 5904994 on cycle 181 reported data on 2020-08-14 at location 5.5°S, 97.5°E. The profile measured temperatures from 2.7°C to 29.2°C and salinities around 34.9 PSU."
5904994,182,-5.284,97.774,2020-08-24 12:52:42.999983135,2.726,29.332,34.87844633901705,"ARGO float 5904994 on cycle 182 reported data on 2020-08-24 at location 5.3°S, 97.8°E. The profile measured temperatures from 2.7°C to 29.3°C and salinities around 34.9 PSU."
5904995,180,-15.947,115.592,2020-08-05 10:14:57.999984025,2.509,26.058,34.70088004032258,"ARGO float 5904995 on cycle 180 reported data on 2020-08-05 at location 15.9°S, 115.6°E. The profile measured temperatures from 2.5°C to 26.1°C and salinities around 34.7 PSU."
5904995,181,-15.79,115.754,2020-08-15 04:51:24.999990462,2.486,25.883,34.71399398194583,"ARGO float 5904995 on cycle 181 reported data on 2020-08-15 at location 15.8°S, 115.8°E. The profile measured temperatures from 2.5°C to 25.9°C and salinities around 34.7 PSU."
5904995,182,-15.496,115.574,2020-08-25 00:11:42.000014480,2.427,25.998,34.71992431886983,"ARGO float 5904995 on cycle 182 reported data on 2020-08-25 at location 15.5°S, 115.6°E. The profile measured temperatures from 2.4°C to 26.0°C and salinities around 34.7 PSU."
5905007,173,-8.758,93.571,2020-08-06 06:20:24.999994043,2.582,28.764,34.743802618328296,"ARGO float 5905007 on cycle 173 reported data on 2020-08-06 at location 8.8°S, 93.6°E. The profile measured temperatures from 2.6°C to 28.8°C and salinities around 34.7 PSU."
5905007,174,-8.671,93.237,2020-08-16 01:12:55.000007449,2.59,28.632,34.738388164493486,"ARGO float 5905007 on cycle 174 reported data on 2020-08-16 at location 8.7°S, 93.2°E. The profile measured temperatures from 2.6°C to 28.6°C and salinities around 34.7 PSU."
5905007,175,-8.697,93.036,2020-08-25 22:12:55.000007449,2.56,28.386,34.724769385699894,"ARGO float 5905007 on cycle 175 reported data on 2020-08-25 at location 8.7°S, 93.0°E. The profile measured temperatures from 2.6°C to 28.4°C and salinities around 34.7 PSU."
5905008,173,-13.719,101.66,2020-08-07 07:18:54.999985991,2.719,27.087,34.68050809716599,"ARGO float 5905008 on cycle 173 reported data on 2020-08-07 at location 13.7°S, 101.7°E. The profile measured temperatures from 2.7°C to 27.1°C and salinities around 34.7 PSU."
5905008,174,-13.387,101.125,2020-08-17 02:06:11.000012751,2.674,26.908,34.685126379137415,"ARGO float 5905008 on cycle 174 reported data on 2020-08-17 at location 13.4°S, 101.1°E. The profile measured temperatures from 2.7°C to 26.9°C and salinities around 34.7 PSU."
5905008,175,-13.189,100.513,2020-08-26 21:46:44.999993737,2.634,26.85,34.67780182002022,"ARGO float 5905008 on cycle 175 reported data on 2020-08-26 at location 13.2°S, 100.5°E. The profile measured temperatures from 2.6°C to 26.9°C and salinities around 34.7 PSU."
5905009,173,-12.09,86.081,2020-08-07 14:07:51.999987956,2.615,26.877,34.71299596774194,"ARGO float 5905009 on cycle 173 reported data on 2020-08-07 at location 12.1°S, 86.1°E. The profile measured temperatures from 2.6°C to 26.9°C and salinities around 34.7 PSU."
5905009,174,-12.278,85.838,2020-08-17 08:58:15.000006262,2.755,26.854,34.71602911646586,"ARGO float 5905009 on cycle 174 reported data on 2020-08-17 at location 12.3°S, 85.8°E. The profile measured temperatures from 2.8°C to 26.9°C and salinities around 34.7 PSU."
5905009,175,-12.382,85.555,2020-08-27 04:35:25.000007449,2.743,27.471,34.73370724346076,"ARGO float 5905009 on cycle 175 reported data on 2020-08-27 at location 12.4°S, 85.6°E. The profile measured temperatures from 2.7°C to 27.5°C and salinities around 34.7 PSU."
5905010,173,-15.981,114.023,2020-08-06 06:42:24.000001248,2.632,25.85,34.71471313941826,"ARGO float 5905010 on cycle 173 reported data on 2020-08-06 at location 16.0°S, 114.0°E. The profile measured temperatures from 2.6°C to 25.9°C and salinities around 34.7 PSU."
5905010,174,-15.967,114.212,2020-08-16 03:15:56.999999283,2.557,26.01,34.70997563451777,"ARGO float 5905010 on cycle 174 reported data on 2020-08-16 at location 16.0°S, 114.2°E. The profile measured temperatures from 2.6°C to 26.0°C and salinities around 34.7 PSU."
5905010,175,-15.975,114.286,2020-08-25 22:26:05.999981763,2.533,26.238,34.70124572004028,"ARGO float 5905010 on cycle 175 reported data on 2020-08-25 at location 16.0°S, 114.3°E. The profile measured temperatures from 2.5°C to 26.2°C and salinities around 34.7 PSU."
5905011,172,-23.553,109.917,2020-08-01 03:50:33.000004288,2.498,24.007,34.78681048387097,"ARGO float 5905011 on cycle 172 reported data on 2020-08-01 at location 23.6°S, 109.9°E. The profile measured temperatures from 2.5°C to 24.0°C and salinities around 34.8 PSU."
5905011,173,-23.62,110.718,2020-08-10 23:49:12.000014480,2.452,23.165,34.791561122244495,"ARGO float 5905011 on cycle 173 reported data on 2020-08-10 at location 23.6°S, 110.7°E. The profile measured temperatures from 2.5°C to 23.2°C and salinities around 34.8 PSU."
5905011,174,-23.429,111.537,2020-08-20 17:54:20.999988017,2.405,23.271,34.79376559356137,"ARGO float 5905011 on cycle 174 reported data on 2020-08-20 at location 23.4°S, 111.5°E. The profile measured temperatures from 2.4°C to 23.3°C and salinities around 34.8 PSU."
5905011,175,-23.396,111.659,2020-08-30 13:39:24.999993144,2.305,23.07,34.81073073073073,"ARGO float 5905011 on cycle 175 reported data on 2020-08-30 at location 23.4°S, 111.7°E. The profile measured temperatures from 2.3°C to 23.1°C and salinities around 34.8 PSU."
5905012,172,-19.576,112.167,2020-08-01 02:58:08.000003991,2.515,25.471,34.7299903329753,"ARGO float 5905012 on cycle 172 reported data on 2020-08-01 at location 19.6°S, 112.2°E. The profile measured temperatures from 2.5°C to 25.5°C and salinities around 34.7 PSU."
5905012,173,-19.252,112.591,2020-08-10 22:25:25.999997554,2.483,25.013,34.74548062015504,"ARGO float 5905012 on cycle 173 reported data on 2020-08-10 at location 19.3°S, 112.6°E. The profile measured temperatures from 2.5°C to 25.0°C and salinities around 34.7 PSU."
5905012,174,-19.271,112.723,2020-08-20 17:32:09.000011083,2.919,24.582,34.787750889679714,"ARGO float 5905012 on cycle 174 reported data on 2020-08-20 at location 19.3°S, 112.7°E. The profile measured temperatures from 2.9°C to 24.6°C and salinities around 34.8 PSU."
5905012,175,-19.206,112.691,2020-08-30 13:03:20.999982654,2.659,24.864,34.76571397379913,"ARGO float 5905012 on cycle 175 reported data on 2020-08-30 at location 19.2°S, 112.7°E. The profile measured temperatures from 2.7°C to 24.9°C and salinities around 34.8 PSU."
5905013,172,-13.271,110.083,2020-08-05 11:52:19.000006017,2.598,26.96,25.41860764587525,"ARGO float 5905013 on cycle 172 reported data on 2020-08-05 at location 13.3°S, 110.1°E. The profile measured temperatures from 2.6°C to 27.0°C and salinities around 25.4 PSU."
5905013,173,-13.043,109.608,2020-08-15 07:20:07.999992366,2.627,27.071,25.41603510531595,"ARGO float 5905013 on cycle 173 reported data on 2020-08-15 at location 13.0°S, 109.6°E. The profile measured temperatures from 2.6°C to 27.1°C and salinities around 25.4 PSU."
5905013,174,-12.811,108.918,2020-08-25 03:00:26.000019904,2.616,26.77,25.418319796954314,"ARGO float 5905013 on cycle 174 reported data on 2020-08-25 at location 12.8°S, 108.9°E. The profile measured temperatures from 2.6°C to 26.8°C and salinities around 25.4 PSU."
5905014,172,-12.943,106.097,2020-08-06 18:25:13.999995589,2.667,26.842,34.651960843373494,"ARGO float 5905014 on cycle 172 reported data on 2020-08-06 at location 12.9°S, 106.1°E. The profile measured temperatures from 2.7°C to 26.8°C and salinities around 34.7 PSU."
5905014,173,-12.658,105.665,2020-08-16 14:01:31.000002620,2.651,26.769,34.65706186612576,"ARGO float 5905014 on cycle 173 reported data on 2020-08-16 at location 12.7°S, 105.7°E. The profile measured temperatures from 2.7°C to 26.8°C and salinities around 34.7 PSU."
5905014,174,-12.463,105.172,2020-08-26 09:52:24.000005720,2.62,26.859,34.6644829317269,"ARGO float 5905014 on cycle 174 reported data on 2020-08-26 at location 12.5°S, 105.2°E. The profile measured temperatures from 2.6°C to 26.9°C and salinities around 34.7 PSU."
5905015,172,-17.128,104.205,2020-08-07 07:06:10.999985929,2.533,25.977,34.80636008024072,"ARGO float 5905015 on cycle 172 reported data on 2020-08-07 at location 17.1°S, 104.2°E. The profile measured temperatures from 2.5°C to 26.0°C and salinities around 34.8 PSU."
5905015,173,-17.062,104.451,2020-08-17 02:16:42.000010017,2.556,25.832,34.81044052419355,"ARGO float 5905015 on cycle 173 reported data on 2020-08-17 at location 17.1°S, 104.5°E. The profile measured temperatures from 2.6°C to 25.8°C and salinities around 34.8 PSU."
5905015,174,-17.323,104.392,2020-08-26 21:05:29.999980331,2.558,25.844,34.794154773869344,"ARGO float 5905015 on cycle 174 reported data on 2020-08-26 at location 17.3°S, 104.4°E. The profile measured temperatures from 2.6°C to 25.8°C and salinities around 34.8 PSU."
5905017,172,-8.713,110.6,2020-08-06 22:39:36.000013947,5.251,25.917,34.765018552875695,"ARGO float 5905017 on cycle 172 reported data on 2020-08-06 at location 8.7°S, 110.6°E. The profile measured temperatures from 5.3°C to 25.9°C and salinities around 34.8 PSU."
5905017,173,-8.694,110.629,2020-08-16 15:31:58.000017109,5.338,27.562,34.771508230452675,"ARGO float 5905017 on cycle 173 reported data on 2020-08-16 at location 8.7°S, 110.6°E. The profile measured temperatures from 5.3°C to 27.6°C and salinities around 34.8 PSU."
5905017,174,-8.698,110.601,2020-08-26 08:29:29.999988375,5.301,26.684,34.787106,"ARGO float 5905017 on cycle 174 reported data on 2020-08-26 at location 8.7°S, 110.6°E. The profile measured temperatures from 5.3°C to 26.7°C and salinities around 34.8 PSU."
5905018,171,-10.203,97.986,2020-08-01 01:02:27.999988497,2.593,27.699,34.723545636910735,"ARGO float 5905018 on cycle 171 reported data on 2020-08-01 at location 10.2°S, 98.0°E. The profile measured temperatures from 2.6°C to 27.7°C and salinities around 34.7 PSU."
5905018,172,-10.266,97.753,2020-08-10 21:16:48.999998864,2.607,28.076,34.711747219413546,"ARGO float 5905018 on cycle 172 reported data on 2020-08-10 at location 10.3°S, 97.8°E. The profile measured temperatures from 2.6°C to 28.1°C and salinities around 34.7 PSU."
5905018,173,-10.42,97.626,2020-08-20 16:01:29.999981222,2.627,28.145,34.70680885311871,"ARGO float 5905018 on cycle 173 reported data on 2020-08-20 at location 10.4°S, 97.6°E. The profile measured temperatures from 2.6°C to 28.1°C and salinities around 34.7 PSU."
5905018,174,-10.515,97.572,2020-08-30 11:47:06.000013947,2.661,27.792,34.71368511066398,"ARGO float 5905018 on cycle 174 reported data on 2020-08-30 at location 10.5°S, 97.6°E. The profile measured temperatures from 2.7°C to 27.8°C and salinities around 34.7 PSU."
5905019,171,-10.928,96.278,2020-08-02 09:48:22.999985213,2.705,27.832,34.810176529588766,"ARGO float 5905019 on cycle 171 reported data on 2020-08-02 at location 10.9°S, 96.3°E. The profile measured temperatures from 2.7°C to 27.8°C and salinities around 34.8 PSU."
5905019,172,-10.746,95.283,2020-08-12 04:31:06.999998689,2.744,28.027,34.80936847389558,"ARGO float 5905019 on cycle 172 reported data on 2020-08-12 at location 10.7°S, 95.3°E. The profile measured temperatures from 2.7°C to 28.0°C and salinities around 34.8 PSU."
5905019,173,-10.587,94.286,2020-08-22 00:42:19.999982715,2.653,28.25,34.820640562249,"ARGO float 5905019 on cycle 173 reported data on 2020-08-22 at location 10.6°S, 94.3°E. The profile measured temperatures from 2.7°C to 28.2°C and salinities around 34.8 PSU."
5905019,174,-10.439,93.273,2020-08-31 19:23:36.999985274,2.674,28.141,34.8205562248996,"ARGO float 5905019 on cycle 174 reported data on 2020-08-31 at location 10.4°S, 93.3°E. The profile measured temperatures from 2.7°C to 28.1°C and salinities around 34.8 PSU."
5905020,171,-10.233,94.895,2020-08-03 08:37:19.000019432,2.721,28.341,23.15071987951807,"ARGO float 5905020 on cycle 171 reported data on 2020-08-03 at location 10.2°S, 94.9°E. The profile measured temperatures from 2.7°C to 28.3°C and salinities around 23.2 PSU."
5905020,172,-9.983,93.936,2020-08-13 04:35:43.999984864,2.674,28.562,22.656599999999997,"ARGO float 5905020 on cycle 172 reported data on 2020-08-13 at location 10.0°S, 93.9°E. The profile measured temperatures from 2.7°C to 28.6°C and salinities around 22.7 PSU."
5905020,173,-9.762,93.034,2020-08-22 23:08:42.999992969,2.605,28.679,24.161260040160645,"ARGO float 5905020 on cycle 173 reported data on 2020-08-22 at location 9.8°S, 93.0°E. The profile measured temperatures from 2.6°C to 28.7°C and salinities around 24.2 PSU."
5905021,172,-9.497,115.126,2020-08-10 05:40:41.000010070,2.481,25.379,0.03270812437311936,"ARGO float 5905021 on cycle 172 reported data on 2020-08-10 at location 9.5°S, 115.1°E. The profile measured temperatures from 2.5°C to 25.4°C and salinities around 0.0 PSU."
5905021,173,-9.419,115.717,2020-08-20 00:38:28.999988436,2.376,25.519,0.037613981762917935,"ARGO float 5905021 on cycle 173 reported data on 2020-08-20 at location 9.4°S, 115.7°E. The profile measured temperatures from 2.4°C to 25.5°C and salinities around 0.0 PSU."
5905021,174,-9.786,116.302,2020-08-29 18:44:45.999995467,2.473,26.363,0.03917587939698492,"ARGO float 5905021 on cycle 174 reported data on 2020-08-29 at location 9.8°S, 116.3°E. The profile measured temperatures from 2.5°C to 26.4°C and salinities around 0.0 PSU."
5905026,168,-59.429,140.606,2020-08-06 02:58:46.999993624,-0.232,2.322,34.59189627391742,"ARGO float 5905026 on cycle 168 reported data on 2020-08-06 at location 59.4°S, 140.6°E. The profile measured temperatures from -0.2°C to 2.3°C and salinities around 34.6 PSU."
5905026,169,-59.569,141.456,2020-08-15 23:59:58.000010847,-0.398,2.347,34.58698288016113,"ARGO float 5905026 on cycle 169 reported data on 2020-08-15 at location 59.6°S, 141.5°E. The profile measured temperatures from -0.4°C to 2.3°C and salinities around 34.6 PSU."
5905026,170,-59.886,142.409,2020-08-25 18:41:30.000012515,-0.324,2.345,34.59315130260521,"ARGO float 5905026 on cycle 170 reported data on 2020-08-25 at location 59.9°S, 142.4°E. The profile measured temperatures from -0.3°C to 2.3°C and salinities around 34.6 PSU."
5905027,168,-58.985,95.24,2020-08-06 18:06:25.000003877,-0.364,1.989,34.64536973947896,"ARGO float 5905027 on cycle 168 reported data on 2020-08-06 at location 59.0°S, 95.2°E. The profile measured temperatures from -0.4°C to 2.0°C and salinities around 34.6 PSU."
5905027,169,-58.497,95.163,2020-08-16 16:21:30.999984742,0.204,2.191,34.61013995943205,"ARGO float 5905027 on cycle 169 reported data on 2020-08-16 at location 58.5°S, 95.2°E. The profile measured temperatures from 0.2°C to 2.2°C and salinities around 34.6 PSU."
5905027,170,-57.172,95.346,2020-08-26 14:49:16.999987362,0.344,2.178,34.63152710843373,"ARGO float 5905027 on cycle 170 reported data on 2020-08-26 at location 57.2°S, 95.3°E. The profile measured temperatures from 0.3°C to 2.2°C and salinities around 34.6 PSU."
5905064,98,-6.883,87.38,2020-08-10 22:09:00.999999901,2.507,29.21,34.882586206896555,"ARGO float 5905064 on cycle 98 reported data on 2020-08-10 at location 6.9°S, 87.4°E. The profile measured temperatures from 2.5°C to 29.2°C and salinities around 34.9 PSU."
5905064,99,-6.766,87.305,2020-08-20 22:24:13.999999898,2.473,29.231,34.85046551724138,"ARGO float 5905064 on cycle 99 reported data on 2020-08-20 at location 6.8°S, 87.3°E. The profile measured temperatures from 2.5°C to 29.2°C and salinities around 34.9 PSU."
5905064,100,-6.689,87.67,2020-08-30 22:24:32.999999941,2.423,29.225,34.78044827586207,"ARGO float 5905064 on cycle 100 reported data on 2020-08-30 at location 6.7°S, 87.7°E. The profile measured temperatures from 2.4°C to 29.2°C and salinities around 34.8 PSU."
5905069,130,-54.66,144.684,2020-08-04 21:33:02.002300839,1.1383,2.3033,34.475862456140355,"ARGO float 5905069 on cycle 130 reported data on 2020-08-04 at location 54.7°S, 144.7°E. The profile measured temperatures from 1.1°C to 2.3°C and salinities around 34.5 PSU."
5905069,131,-54.46,144.379,2020-08-14 23:18:19.002493828,1.2507,2.314,34.47370319148936,"ARGO float 5905069 on cycle 131 reported data on 2020-08-14 at location 54.5°S, 144.4°E. The profile measured temperatures from 1.3°C to 2.3°C and salinities around 34.5 PSU."
5905069,132,-54.041,144.124,2020-08-24 23:46:08.002534451,0.97,2.331,34.47503789473684,"ARGO float 5905069 on cycle 132 reported data on 2020-08-24 at location 54.0°S, 144.1°E. The profile measured temperatures from 1.0°C to 2.3°C and salinities around 34.5 PSU."
5905070,130,-55.896,137.098,2020-08-08 13:20:41.001423647,1.7034,2.662,34.256974340949036,"ARGO float 5905070 on cycle 130 reported data on 2020-08-08 at location 55.9°S, 137.1°E. The profile measured temperatures from 1.7°C to 2.7°C and salinities around 34.3 PSU."
5905070,131,-55.624,137.169,2020-08-18 15:35:05.001660087,1.6785,2.7451,34.26241216931217,"ARGO float 5905070 on cycle 131 reported data on 2020-08-18 at location 55.6°S, 137.2°E. The profile measured temperatures from 1.7°C to 2.7°C and salinities around 34.3 PSU."
5905070,132,-55.512,137.587,2020-08-28 17:10:11.001838488,1.6874,2.828,34.26531150442478,"ARGO float 5905070 on cycle 132 reported data on 2020-08-28 at location 55.5°S, 137.6°E. The profile measured temperatures from 1.7°C to 2.8°C and salinities around 34.3 PSU."
5905071,97,-40.31,83.137,2020-08-02 16:26:02.001754224,2.6058,12.453,34.85336610169492,"ARGO float 5905071 on cycle 97 reported data on 2020-08-02 at location 40.3°S, 83.1°E. The profile measured temperatures from 2.6°C to 12.5°C and salinities around 34.9 PSU."
5905071,98,-40.271,83.308,2020-08-12 17:19:32.001851444,2.6319,12.396,34.85731122448979,"ARGO float 5905071 on cycle 98 reported data on 2020-08-12 at location 40.3°S, 83.3°E. The profile measured temperatures from 2.6°C to 12.4°C and salinities around 34.9 PSU."
5905071,99,-40.196,83.507,2020-08-22 16:32:06.001763248,2.5992,12.353,34.85801353637902,"ARGO float 5905071 on cycle 99 reported data on 2020-08-22 at location 40.2°S, 83.5°E. The profile measured temperatures from 2.6°C to 12.4°C and salinities around 34.9 PSU."
5905082,126,14.315,57.693,2020-08-01 10:07:59.001083011,3.351,26.001,35.908544204322205,"ARGO float 5905082 on cycle 126 reported data on 2020-08-01 at location 14.3°N, 57.7°E. The profile measured temperatures from 3.4°C to 26.0°C and salinities around 35.9 PSU."
5905082,127,15.306,57.617,2020-08-11 09:13:38.000984563,3.254,24.448,35.83549508840864,"ARGO float 5905082 on cycle 127 reported data on 2020-08-11 at location 15.3°N, 57.6°E. The profile measured temperatures from 3.3°C to 24.4°C and salinities around 35.8 PSU."
5905082,128,15.936,57.922,2020-08-21 08:36:23.000910644,3.223,24.159,35.933617647058824,"ARGO float 5905082 on cycle 128 reported data on 2020-08-21 at location 15.9°N, 57.9°E. The profile measured temperatures from 3.2°C to 24.2°C and salinities around 35.9 PSU."
5905082,129,16.157,57.677,2020-08-31 07:55:26.000830715,3.357,25.215,35.935713725490196,"ARGO float 5905082 on cycle 129 reported data on 2020-08-31 at location 16.2°N, 57.7°E. The profile measured temperatures from 3.4°C to 25.2°C and salinities around 35.9 PSU."
5905083,126,10.034,67.131,2020-08-02 19:47:56.002106656,2.991,28.457,35.50001176470588,"ARGO float 5905083 on cycle 126 reported data on 2020-08-02 at location 10.0°N, 67.1°E. The profile measured temperatures from 3.0°C to 28.5°C and salinities around 35.5 PSU."
5905083,127,9.951,67.332,2020-08-12 19:08:10.002049920,3.017,28.18,35.47432745098039,"ARGO float 5905083 on cycle 127 reported data on 2020-08-12 at location 10.0°N, 67.3°E. The profile measured temperatures from 3.0°C to 28.2°C and salinities around 35.5 PSU."
5905083,128,10.081,67.44,2020-08-22 18:39:33.001987711,2.99,28.341,35.49535490196079,"ARGO float 5905083 on cycle 128 reported data on 2020-08-22 at location 10.1°N, 67.4°E. The profile measured temperatures from 3.0°C to 28.3°C and salinities around 35.5 PSU."
5905084,126,11.058,60.64,2020-08-03 04:53:51.000506131,3.11,26.768,33.3639294117647,"ARGO float 5905084 on cycle 126 reported data on 2020-08-03 at location 11.1°N, 60.6°E. The profile measured temperatures from 3.1°C to 26.8°C and salinities around 33.4 PSU."
5905084,127,10.898,60.478,2020-08-13 04:20:56.000458101,3.023,8.42,,"ARGO float 5905084 on cycle 127 reported data on 2020-08-13 at location 10.9°N, 60.5°E. The profile measured temperatures from 3.0°C to 8.4°C and no salinity data."
5905084,128,10.664,60.247,2020-08-23 04:11:43.000445129,3.058,10.076,32.77026241134752,"ARGO float 5905084 on cycle 128 reported data on 2020-08-23 at location 10.7°N, 60.2°E. The profile measured temperatures from 3.1°C to 10.1°C and salinities around 32.8 PSU."
5905085,126,10.176,64.019,2020-08-03 04:11:19.000445179,2.925,28.147,35.664074509803925,"ARGO float 5905085 on cycle 126 reported data on 2020-08-03 at location 10.2°N, 64.0°E. The profile measured temperatures from 2.9°C to 28.1°C and salinities around 35.7 PSU."
5905085,127,10.067,64.077,2020-08-13 03:45:12.000387219,2.932,27.798,35.676679060665364,"ARGO float 5905085 on cycle 127 reported data on 2020-08-13 at location 10.1°N, 64.1°E. The profile measured temperatures from 2.9°C to 27.8°C and salinities around 35.7 PSU."
5905085,128,10.258,64.183,2020-08-23 03:03:25.000326092,2.905,27.782,35.67487254901961,"ARGO float 5905085 on cycle 128 reported data on 2020-08-23 at location 10.3°N, 64.2°E. The profile measured temperatures from 2.9°C to 27.8°C and salinities around 35.7 PSU."
5905088,126,9.559,71.813,2020-08-03 20:51:27.002219892,2.851,28.473,35.39428962818004,"ARGO float 5905088 on cycle 126 reported data on 2020-08-03 at location 9.6°N, 71.8°E. The profile measured temperatures from 2.9°C to 28.5°C and salinities around 35.4 PSU."
5905088,127,9.497,71.983,2020-08-13 20:18:41.002171761,2.804,28.233,35.42514117647059,"ARGO float 5905088 on cycle 127 reported data on 2020-08-13 at location 9.5°N, 72.0°E. The profile measured temperatures from 2.8°C to 28.2°C and salinities around 35.4 PSU."
5905088,128,9.523,72.24,2020-08-23 19:47:07.002106831,2.827,29.123,35.42337647058823,"ARGO float 5905088 on cycle 128 reported data on 2020-08-23 at location 9.5°N, 72.2°E. The profile measured temperatures from 2.8°C to 29.1°C and salinities around 35.4 PSU."
5905089,126,12.001,70.103,2020-08-04 04:52:18.000504505,3.056,28.317,35.609396078431374,"ARGO float 5905089 on cycle 126 reported data on 2020-08-04 at location 12.0°N, 70.1°E. The profile measured temperatures from 3.1°C to 28.3°C and salinities around 35.6 PSU."
5905089,127,12.324,70.191,2020-08-14 04:18:41.000455146,3.038,28.066,35.60281568627451,"ARGO float 5905089 on cycle 127 reported data on 2020-08-14 at location 12.3°N, 70.2°E. The profile measured temperatures from 3.0°C to 28.1°C and salinities around 35.6 PSU."
5905089,128,12.4,70.336,2020-08-24 03:20:25.000350797,3.036,28.294,35.585475538160466,"ARGO float 5905089 on cycle 128 reported data on 2020-08-24 at location 12.4°N, 70.3°E. The profile measured temperatures from 3.0°C to 28.3°C and salinities around 35.6 PSU."
5905090,126,2.778,76.229,2020-08-04 18:39:56.001987737,2.771,29.257,28.40985882352941,"ARGO float 5905090 on cycle 126 reported data on 2020-08-04 at location 2.8°N, 76.2°E. The profile measured temperatures from 2.8°C to 29.3°C and salinities around 28.4 PSU."
5905090,127,3.812,75.3,2020-08-14 18:11:16.001947138,2.844,29.495,28.411665354330708,"ARGO float 5905090 on cycle 127 reported data on 2020-08-14 at location 3.8°N, 75.3°E. The profile measured temperatures from 2.8°C to 29.5°C and salinities around 28.4 PSU."
5905090,128,4.266,74.569,2020-08-24 17:57:17.001906603,2.744,29.754,28.419449019607843,"ARGO float 5905090 on cycle 128 reported data on 2020-08-24 at location 4.3°N, 74.6°E. The profile measured temperatures from 2.7°C to 29.8°C and salinities around 28.4 PSU."
5905135,105,-51.051,36.429,2020-08-02 07:03:21.000755260,1.4365,2.37,34.3522139084507,"ARGO float 5905135 on cycle 105 reported data on 2020-08-02 at location 51.1°S, 36.4°E. The profile measured temperatures from 1.4°C to 2.4°C and salinities around 34.4 PSU."
5905135,106,-51.358,36.461,2020-08-12 08:21:15.000888867,1.5281,2.418,34.34964885361552,"ARGO float 5905135 on cycle 106 reported data on 2020-08-12 at location 51.4°S, 36.5°E. The profile measured temperatures from 1.5°C to 2.4°C and salinities around 34.3 PSU."
5905135,107,-51.854,34.5,2020-08-22 09:44:38.001029605,1.3385,2.391,34.39778383128295,"ARGO float 5905135 on cycle 107 reported data on 2020-08-22 at location 51.9°S, 34.5°E. The profile measured temperatures from 1.3°C to 2.4°C and salinities around 34.4 PSU."
5905168,143,-38.562,124.958,2020-08-07 15:19:38.000007572,2.393,11.998,34.59176506024097,"ARGO float 5905168 on cycle 143 reported data on 2020-08-07 at location 38.6°S, 125.0°E. The profile measured temperatures from 2.4°C to 12.0°C and salinities around 34.6 PSU."
5905168,144,-38.457,124.478,2020-08-17 11:16:20.000008646,2.397,12.095,34.59443158953722,"ARGO float 5905168 on cycle 144 reported data on 2020-08-17 at location 38.5°S, 124.5°E. The profile measured temperatures from 2.4°C to 12.1°C and salinities around 34.6 PSU."
5905168,145,-38.347,123.942,2020-08-27 05:32:27.999988497,2.398,12.518,34.60856539235412,"ARGO float 5905168 on cycle 145 reported data on 2020-08-27 at location 38.3°S, 123.9°E. The profile measured temperatures from 2.4°C to 12.5°C and salinities around 34.6 PSU."
5905169,142,-35.291,108.752,2020-08-04 15:20:25.999988611,2.393,16.406,34.70207522567703,"ARGO float 5905169 on cycle 142 reported data on 2020-08-04 at location 35.3°S, 108.8°E. The profile measured temperatures from 2.4°C to 16.4°C and salinities around 34.7 PSU."
5905169,143,-35.378,109.431,2020-08-14 10:47:57.999986707,2.52,16.625,34.70586947791165,"ARGO float 5905169 on cycle 143 reported data on 2020-08-14 at location 35.4°S, 109.4°E. The profile measured temperatures from 2.5°C to 16.6°C and salinities around 34.7 PSU."
5905169,144,-35.504,109.499,2020-08-24 04:56:29.999985694,2.517,17.167,34.70553306613227,"ARGO float 5905169 on cycle 144 reported data on 2020-08-24 at location 35.5°S, 109.5°E. The profile measured temperatures from 2.5°C to 17.2°C and salinities around 34.7 PSU."
5905170,139,-40.2318,113.6411,2020-08-04 08:24:44.000010786,2.491,10.82,34.5778872255489,"ARGO float 5905170 on cycle 139 reported data on 2020-08-04 at location 40.2°S, 113.6°E. The profile measured temperatures from 2.5°C to 10.8°C and salinities around 34.6 PSU."
5905170,140,-40.3286,113.5228,2020-08-14 05:58:45.999999048,5.124,10.83,34.62446653543307,"ARGO float 5905170 on cycle 140 reported data on 2020-08-14 at location 40.3°S, 113.5°E. The profile measured temperatures from 5.1°C to 10.8°C and salinities around 34.6 PSU."
5905170,141,-40.265,113.0705,2020-08-24 03:18:42.999984025,4.953,11.489,34.65416536964981,"ARGO float 5905170 on cycle 141 reported data on 2020-08-24 at location 40.3°S, 113.1°E. The profile measured temperatures from 5.0°C to 11.5°C and salinities around 34.7 PSU."
5905171,139,-34.7402,97.1584,2020-08-07 17:43:50.999985336,2.595,14.891,34.69492292292293,"ARGO float 5905171 on cycle 139 reported data on 2020-08-07 at location 34.7°S, 97.2°E. The profile measured temperatures from 2.6°C to 14.9°C and salinities around 34.7 PSU."
5905171,140,-34.7224,97.0195,2020-08-17 18:38:11.000005607,2.622,14.554,34.6854578680203,"ARGO float 5905171 on cycle 140 reported data on 2020-08-17 at location 34.7°S, 97.0°E. The profile measured temperatures from 2.6°C to 14.6°C and salinities around 34.7 PSU."
5905171,141,-34.6917,97.1565,2020-08-27 18:07:56.999987659,2.653,14.06,34.69876476476476,"ARGO float 5905171 on cycle 141 reported data on 2020-08-27 at location 34.7°S, 97.2°E. The profile measured temperatures from 2.7°C to 14.1°C and salinities around 34.7 PSU."
5905174,138,-35.6298,93.3805,2020-08-04 00:05:34.999993440,2.591,13.926,34.71233167330677,"ARGO float 5905174 on cycle 138 reported data on 2020-08-04 at location 35.6°S, 93.4°E. The profile measured temperatures from 2.6°C to 13.9°C and salinities around 34.7 PSU."
5905174,139,-35.4777,93.316,2020-08-14 00:07:25.999994873,2.576,13.367,34.712462,"ARGO float 5905174 on cycle 139 reported data on 2020-08-14 at location 35.5°S, 93.3°E. The profile measured temperatures from 2.6°C to 13.4°C and salinities around 34.7 PSU."
5905174,140,-35.2366,93.0953,2020-08-24 00:27:54.000012873,2.614,13.379,34.710583926754836,"ARGO float 5905174 on cycle 140 reported data on 2020-08-24 at location 35.2°S, 93.1°E. The profile measured temperatures from 2.6°C to 13.4°C and salinities around 34.7 PSU."
5905175,138,-40.9474,95.283,2020-08-04 22:49:05.999979973,2.567,11.182,34.62722722722722,"ARGO float 5905175 on cycle 138 reported data on 2020-08-04 at location 40.9°S, 95.3°E. The profile measured temperatures from 2.6°C to 11.2°C and salinities around 34.6 PSU."
5905175,139,-40.7765,94.6291,2020-08-14 23:08:24.000015554,2.57,11.222,34.62642073170732,"ARGO float 5905175 on cycle 139 reported data on 2020-08-14 at location 40.8°S, 94.6°E. The profile measured temperatures from 2.6°C to 11.2°C and salinities around 34.6 PSU."
5905175,140,-40.538,93.8688,2020-08-25 00:25:34.000007808,2.558,11.208,34.62897194388778,"ARGO float 5905175 on cycle 140 reported data on 2020-08-25 at location 40.5°S, 93.9°E. The profile measured temperatures from 2.6°C to 11.2°C and salinities around 34.6 PSU."
5905176,138,-25.8922,90.4941,2020-08-06 05:39:45.999986532,2.45,19.926,34.7960140562249,"ARGO float 5905176 on cycle 138 reported data on 2020-08-06 at location 25.9°S, 90.5°E. The profile measured temperatures from 2.5°C to 19.9°C and salinities around 34.8 PSU."
5905176,139,-25.9534,90.6991,2020-08-16 05:00:32.000000777,2.393,20.116,34.7838123752495,"ARGO float 5905176 on cycle 139 reported data on 2020-08-16 at location 26.0°S, 90.7°E. The profile measured temperatures from 2.4°C to 20.1°C and salinities around 34.8 PSU."
5905176,140,-26.0847,90.8275,2020-08-26 05:12:28.000019790,2.393,19.489,34.77794583751254,"ARGO float 5905176 on cycle 140 reported data on 2020-08-26 at location 26.1°S, 90.8°E. The profile measured temperatures from 2.4°C to 19.5°C and salinities around 34.8 PSU."
5905177,141,-22.7,104.92,2020-08-09 00:30:04.999986288,2.412,22.391,34.821501504513535,"ARGO float 5905177 on cycle 141 reported data on 2020-08-09 at location 22.7°S, 104.9°E. The profile measured temperatures from 2.4°C to 22.4°C and salinities around 34.8 PSU."
5905177,142,-22.309,104.588,2020-08-18 20:03:49.000018533,2.475,23.171,34.79930668016194,"ARGO float 5905177 on cycle 142 reported data on 2020-08-18 at location 22.3°S, 104.6°E. The profile measured temperatures from 2.5°C to 23.2°C and salinities around 34.8 PSU."
5905177,143,-21.759,104.152,2020-08-28 15:37:30.999981161,2.38,22.369,34.80511770623742,"ARGO float 5905177 on cycle 143 reported data on 2020-08-28 at location 21.8°S, 104.2°E. The profile measured temperatures from 2.4°C to 22.4°C and salinities around 34.8 PSU."
5905178,138,-16.913,109.2591,2020-08-08 13:37:42.999983135,2.587,25.552,34.74112919633774,"ARGO float 5905178 on cycle 138 reported data on 2020-08-08 at location 16.9°S, 109.3°E. The profile measured temperatures from 2.6°C to 25.6°C and salinities around 34.7 PSU."
5905178,139,-16.6565,108.9445,2020-08-18 13:52:15.999995467,2.527,25.247,34.73367067067067,"ARGO float 5905178 on cycle 139 reported data on 2020-08-18 at location 16.7°S, 108.9°E. The profile measured temperatures from 2.5°C to 25.2°C and salinities around 34.7 PSU."
5905178,140,-16.5123,108.7171,2020-08-28 14:37:10.999982357,2.598,25.934,34.71794410569106,"ARGO float 5905178 on cycle 140 reported data on 2020-08-28 at location 16.5°S, 108.7°E. The profile measured temperatures from 2.6°C to 25.9°C and salinities around 34.7 PSU."
5905179,137,-19.2909,103.715,2020-08-02 16:30:24.999985100,2.536,24.706,34.937951417004044,"ARGO float 5905179 on cycle 137 reported data on 2020-08-02 at location 19.3°S, 103.7°E. The profile measured temperatures from 2.5°C to 24.7°C and salinities around 34.9 PSU."
5905179,138,-19.3237,103.8418,2020-08-12 17:04:00.999993685,2.505,23.234,34.95819296482412,"ARGO float 5905179 on cycle 138 reported data on 2020-08-12 at location 19.3°S, 103.8°E. The profile measured temperatures from 2.5°C to 23.2°C and salinities around 35.0 PSU."
5905179,139,-19.7869,103.7682,2020-08-22 16:26:24.999999406,2.46,24.126,34.96837025948104,"ARGO float 5905179 on cycle 139 reported data on 2020-08-22 at location 19.8°S, 103.8°E. The profile measured temperatures from 2.5°C to 24.1°C and salinities around 35.0 PSU."
5905180,137,-19.3519,101.3004,2020-08-02 13:39:16.999996305,2.535,24.151,34.78007178968655,"ARGO float 5905180 on cycle 137 reported data on 2020-08-02 at location 19.4°S, 101.3°E. The profile measured temperatures from 2.5°C to 24.2°C and salinities around 34.8 PSU."
5905180,138,-19.4214,101.6975,2020-08-12 13:27:53.999999467,2.482,24.184,34.79408991008991,"ARGO float 5905180 on cycle 138 reported data on 2020-08-12 at location 19.4°S, 101.7°E. The profile measured temperatures from 2.5°C to 24.2°C and salinities around 34.8 PSU."
5905180,139,-19.363,101.8915,2020-08-22 14:11:41.999987659,2.549,23.693,34.79937739656912,"ARGO float 5905180 on cycle 139 reported data on 2020-08-22 at location 19.4°S, 101.9°E. The profile measured temperatures from 2.5°C to 23.7°C and salinities around 34.8 PSU."
5905182,137,-45.0274,137.4228,2020-08-10 06:27:19.000001545,2.398,10.097,34.580758,"ARGO float 5905182 on cycle 137 reported data on 2020-08-10 at location 45.0°S, 137.4°E. The profile measured temperatures from 2.4°C to 10.1°C and salinities around 34.6 PSU."
5905182,138,-45.126,137.168,2020-08-20 08:04:30.999991895,2.418,10.022,34.56153042596349,"ARGO float 5905182 on cycle 138 reported data on 2020-08-20 at location 45.1°S, 137.2°E. The profile measured temperatures from 2.4°C to 10.0°C and salinities around 34.6 PSU."
5905182,139,-45.1104,136.9676,2020-08-30 08:52:05.999996069,2.403,9.818,34.565356,"ARGO float 5905182 on cycle 139 reported data on 2020-08-30 at location 45.1°S, 137.0°E. The profile measured temperatures from 2.4°C to 9.8°C and salinities around 34.6 PSU."
5905183,137,-41.991,126.856,2020-08-04 18:54:38.999997676,2.378,11.277,34.59314185110664,"ARGO float 5905183 on cycle 137 reported data on 2020-08-04 at location 42.0°S, 126.9°E. The profile measured temperatures from 2.4°C to 11.3°C and salinities around 34.6 PSU."
5905183,138,-42.18,126.873,2020-08-14 14:21:04.999991659,2.378,11.255,34.591239635995954,"ARGO float 5905183 on cycle 138 reported data on 2020-08-14 at location 42.2°S, 126.9°E. The profile measured temperatures from 2.4°C to 11.3°C and salinities around 34.6 PSU."
5905183,139,-42.053,126.753,2020-08-24 08:27:48.000018594,2.366,11.234,34.59326659959759,"ARGO float 5905183 on cycle 139 reported data on 2020-08-24 at location 42.1°S, 126.8°E. The profile measured temperatures from 2.4°C to 11.2°C and salinities around 34.6 PSU."
5905184,137,-40.813,115.974,2020-08-06 05:41:51.999987065,2.558,10.411,34.66293058350101,"ARGO float 5905184 on cycle 137 reported data on 2020-08-06 at location 40.8°S, 116.0°E. The profile measured temperatures from 2.6°C to 10.4°C and salinities around 34.7 PSU."
5905184,138,-40.487,115.016,2020-08-15 23:33:25.000001187,2.551,10.67,34.67197885196375,"ARGO float 5905184 on cycle 138 reported data on 2020-08-15 at location 40.5°S, 115.0°E. The profile measured temperatures from 2.6°C to 10.7°C and salinities around 34.7 PSU."
5905184,139,-40.254,114.043,2020-08-25 19:31:51.000001432,2.522,10.925,34.68042756539236,"ARGO float 5905184 on cycle 139 reported data on 2020-08-25 at location 40.3°S, 114.0°E. The profile measured temperatures from 2.5°C to 10.9°C and salinities around 34.7 PSU."
5905189,137,-39.536,140.122,2020-08-09 13:51:35.000016690,2.336,13.666,34.68950755287009,"ARGO float 5905189 on cycle 137 reported data on 2020-08-09 at location 39.5°S, 140.1°E. The profile measured temperatures from 2.3°C to 13.7°C and salinities around 34.7 PSU."
5905189,138,-39.26,140.38,2020-08-19 08:10:15.000016987,2.357,13.417,34.67131891348088,"ARGO float 5905189 on cycle 138 reported data on 2020-08-19 at location 39.3°S, 140.4°E. The profile measured temperatures from 2.4°C to 13.4°C and salinities around 34.7 PSU."
5905189,139,-38.879,140.189,2020-08-29 05:16:07.999993266,2.361,12.843,34.658792756539235,"ARGO float 5905189 on cycle 139 reported data on 2020-08-29 at location 38.9°S, 140.2°E. The profile measured temperatures from 2.4°C to 12.8°C and salinities around 34.7 PSU."
5905190,134,-38.8124,127.116,2020-08-07 13:07:37.999996838,2.332,11.595,34.578838323353295,"ARGO float 5905190 on cycle 134 reported data on 2020-08-07 at location 38.8°S, 127.1°E. The profile measured temperatures from 2.3°C to 11.6°C and salinities around 34.6 PSU."
5905190,135,-38.8803,126.9277,2020-08-17 13:23:49.999995231,2.341,11.414,34.585242242242245,"ARGO float 5905190 on cycle 135 reported data on 2020-08-17 at location 38.9°S, 126.9°E. The profile measured temperatures from 2.3°C to 11.4°C and salinities around 34.6 PSU."
5905190,136,-38.6878,127.0183,2020-08-27 13:47:55.999997554,2.354,11.59,34.587417773238,"ARGO float 5905190 on cycle 136 reported data on 2020-08-27 at location 38.7°S, 127.0°E. The profile measured temperatures from 2.4°C to 11.6°C and salinities around 34.6 PSU."
5905191,134,-51.9186,141.2373,2020-08-08 11:29:10.000016393,2.719,5.647,34.29004,"ARGO float 5905191 on cycle 134 reported data on 2020-08-08 at location 51.9°S, 141.2°E. The profile measured temperatures from 2.7°C to 5.6°C and salinities around 34.3 PSU."
5905191,135,-52.8168,143.8063,2020-08-18 09:35:15.999989213,2.624,6.159,34.33193172690763,"ARGO float 5905191 on cycle 135 reported data on 2020-08-18 at location 52.8°S, 143.8°E. The profile measured temperatures from 2.6°C to 6.2°C and salinities around 34.3 PSU."
5905195,122,-34.528,130.2688,2020-08-02 20:36:21.000012157,2.396,15.909,34.741976470588234,"ARGO float 5905195 on cycle 122 reported data on 2020-08-02 at location 34.5°S, 130.3°E. The profile measured temperatures from 2.4°C to 15.9°C and salinities around 34.7 PSU."
5905195,123,-34.4374,129.6694,2020-08-12 18:52:19.999987187,2.33,14.977,34.696036381514254,"ARGO float 5905195 on cycle 123 reported data on 2020-08-12 at location 34.4°S, 129.7°E. The profile measured temperatures from 2.3°C to 15.0°C and salinities around 34.7 PSU."
5905195,124,-34.3315,129.3831,2020-08-22 17:12:08.000007572,2.31,14.752,34.70872664700099,"ARGO float 5905195 on cycle 124 reported data on 2020-08-22 at location 34.3°S, 129.4°E. The profile measured temperatures from 2.3°C to 14.8°C and salinities around 34.7 PSU."
5905196,122,-37.2207,135.0389,2020-08-03 16:20:06.000003222,2.405,15.445,34.727805000000004,"ARGO float 5905196 on cycle 122 reported data on 2020-08-03 at location 37.2°S, 135.0°E. The profile measured temperatures from 2.4°C to 15.4°C and salinities around 34.7 PSU."
5905196,123,-37.183,135.856,2020-08-13 15:28:40.999999344,2.396,15.301,34.77076447105788,"ARGO float 5905196 on cycle 123 reported data on 2020-08-13 at location 37.2°S, 135.9°E. The profile measured temperatures from 2.4°C to 15.3°C and salinities around 34.8 PSU."
5905196,124,-36.8621,134.7335,2020-08-23 14:59:17.999986410,2.368,14.79,34.764345999999996,"ARGO float 5905196 on cycle 124 reported data on 2020-08-23 at location 36.9°S, 134.7°E. The profile measured temperatures from 2.4°C to 14.8°C and salinities around 34.8 PSU."
5905200,117,-27.205,110.984,2020-08-02 13:48:09.000007511,2.373,22.225,34.78955967903711,"ARGO float 5905200 on cycle 117 reported data on 2020-08-02 at location 27.2°S, 111.0°E. The profile measured temperatures from 2.4°C to 22.2°C and salinities around 34.8 PSU."
5905200,118,-26.704,111.14,2020-08-12 09:52:02.000004349,2.349,19.548,34.7664593495935,"ARGO float 5905200 on cycle 118 reported data on 2020-08-12 at location 26.7°S, 111.1°E. The profile measured temperatures from 2.3°C to 19.5°C and salinities around 34.8 PSU."
5905200,119,-26.57,111.385,2020-08-22 05:32:24.000010192,2.26,20.764,34.77342885771543,"ARGO float 5905200 on cycle 119 reported data on 2020-08-22 at location 26.6°S, 111.4°E. The profile measured temperatures from 2.3°C to 20.8°C and salinities around 34.8 PSU."
5905200,120,-27.316,111.813,2020-08-31 23:32:02.000008821,2.314,19.79,34.77909337349397,"ARGO float 5905200 on cycle 120 reported data on 2020-08-31 at location 27.3°S, 111.8°E. The profile measured temperatures from 2.3°C to 19.8°C and salinities around 34.8 PSU."
5905201,116,-8.48,80.982,2020-08-01 04:44:05.000003275,2.72,28.137,34.786898696088265,"ARGO float 5905201 on cycle 116 reported data on 2020-08-01 at location 8.5°S, 81.0°E. The profile measured temperatures from 2.7°C to 28.1°C and salinities around 34.8 PSU."
5905201,117,-8.714,80.417,2020-08-11 01:19:30.999991895,2.71,27.998,34.78950250250251,"ARGO float 5905201 on cycle 117 reported data on 2020-08-11 at location 8.7°S, 80.4°E. The profile measured temperatures from 2.7°C to 28.0°C and salinities around 34.8 PSU."
5905201,118,-8.893,79.902,2020-08-20 20:13:58.000014428,2.738,27.38,34.78923293172691,"ARGO float 5905201 on cycle 118 reported data on 2020-08-20 at location 8.9°S, 79.9°E. The profile measured temperatures from 2.7°C to 27.4°C and salinities around 34.8 PSU."
5905201,119,-8.882,79.424,2020-08-30 16:11:17.000015974,2.757,27.122,34.78590872617853,"ARGO float 5905201 on cycle 119 reported data on 2020-08-30 at location 8.9°S, 79.4°E. The profile measured temperatures from 2.8°C to 27.1°C and salinities around 34.8 PSU."
5905210,102,-12.8982,144.604,2020-08-06 02:21:09.000010192,2.372,25.469,34.721823823823826,"ARGO float 5905210 on cycle 102 reported data on 2020-08-06 at location 12.9°S, 144.6°E. The profile measured temperatures from 2.4°C to 25.5°C and salinities around 34.7 PSU."
5905210,103,-12.9282,144.7647,2020-08-16 02:43:03.000004288,2.399,25.728,34.714023255813956,"ARGO float 5905210 on cycle 103 reported data on 2020-08-16 at location 12.9°S, 144.8°E. The profile measured temperatures from 2.4°C to 25.7°C and salinities around 34.7 PSU."
5905211,100,-15.1861,113.0892,2020-08-01 05:30:06.999988855,2.577,26.561,34.6608453815261,"ARGO float 5905211 on cycle 100 reported data on 2020-08-01 at location 15.2°S, 113.1°E. The profile measured temperatures from 2.6°C to 26.6°C and salinities around 34.7 PSU."
5905211,101,-14.8337,112.7151,2020-08-11 04:56:05.000000593,2.485,26.526,34.673482107355866,"ARGO float 5905211 on cycle 101 reported data on 2020-08-11 at location 14.8°S, 112.7°E. The profile measured temperatures from 2.5°C to 26.5°C and salinities around 34.7 PSU."
5905211,102,-14.6774,112.4604,2020-08-21 05:18:20.000001493,2.504,26.645,34.65364629258517,"ARGO float 5905211 on cycle 102 reported data on 2020-08-21 at location 14.7°S, 112.5°E. The profile measured temperatures from 2.5°C to 26.6°C and salinities around 34.7 PSU."
5905211,103,-14.6236,112.2523,2020-08-31 04:30:15.999993685,2.557,26.609,34.684641076769694,"ARGO float 5905211 on cycle 103 reported data on 2020-08-31 at location 14.6°S, 112.3°E. The profile measured temperatures from 2.6°C to 26.6°C and salinities around 34.7 PSU."
5905212,100,-12.8983,106.1395,2020-08-01 14:40:25.000016393,2.671,26.923,34.65091208791209,"ARGO float 5905212 on cycle 100 reported data on 2020-08-01 at location 12.9°S, 106.1°E. The profile measured temperatures from 2.7°C to 26.9°C and salinities around 34.7 PSU."
5905212,101,-12.3969,105.4424,2020-08-11 15:16:56.000001135,2.656,27.038,34.656634170854275,"ARGO float 5905212 on cycle 101 reported data on 2020-08-11 at location 12.4°S, 105.4°E. The profile measured temperatures from 2.7°C to 27.0°C and salinities around 34.7 PSU."
5905212,102,-12.2964,104.9477,2020-08-21 14:37:37.999996838,2.659,26.865,34.656526420737784,"ARGO float 5905212 on cycle 102 reported data on 2020-08-21 at location 12.3°S, 104.9°E. The profile measured temperatures from 2.7°C to 26.9°C and salinities around 34.7 PSU."
5905212,103,-11.7682,104.7049,2020-08-31 15:25:27.000005545,2.575,26.828,34.659162134944616,"ARGO float 5905212 on cycle 103 reported data on 2020-08-31 at location 11.8°S, 104.7°E. The profile measured temperatures from 2.6°C to 26.8°C and salinities around 34.7 PSU."
5905213,100,-16.181,117.567,2020-08-02 19:20:45.999987423,2.44,26.539,34.68454491017964,"ARGO float 5905213 on cycle 100 reported data on 2020-08-02 at location 16.2°S, 117.6°E. The profile measured temperatures from 2.4°C to 26.5°C and salinities around 34.7 PSU."
5905213,101,-16.0253,117.4059,2020-08-12 19:41:50.000011327,2.445,26.251,34.67724048096192,"ARGO float 5905213 on cycle 101 reported data on 2020-08-12 at location 16.0°S, 117.4°E. The profile measured temperatures from 2.4°C to 26.3°C and salinities around 34.7 PSU."
5905213,102,-15.9693,117.0394,2020-08-22 19:05:17.999991772,2.475,26.319,34.6836497005988,"ARGO float 5905213 on cycle 102 reported data on 2020-08-22 at location 16.0°S, 117.0°E. The profile measured temperatures from 2.5°C to 26.3°C and salinities around 34.7 PSU."
5905214,100,-15.2218,107.8189,2020-08-04 08:58:44.000009895,2.594,26.431,34.70808067729084,"ARGO float 5905214 on cycle 100 reported data on 2020-08-04 at location 15.2°S, 107.8°E. The profile measured temperatures from 2.6°C to 26.4°C and salinities around 34.7 PSU."
5905214,101,-15.1447,107.6376,2020-08-14 10:21:57.000004646,2.526,26.477,34.66867638190955,"ARGO float 5905214 on cycle 101 reported data on 2020-08-14 at location 15.1°S, 107.6°E. The profile measured temperatures from 2.5°C to 26.5°C and salinities around 34.7 PSU."
5905214,102,-15.1774,107.5457,2020-08-24 09:36:25.000017284,2.612,26.539,34.701346613545816,"ARGO float 5905214 on cycle 102 reported data on 2020-08-24 at location 15.2°S, 107.5°E. The profile measured temperatures from 2.6°C to 26.5°C and salinities around 34.7 PSU."
5905215,97,-58.522,114.567,2020-08-06 22:53:05.999999925,0.712,2.28,34.39160344827586,"ARGO float 5905215 on cycle 97 reported data on 2020-08-06 at location 58.5°S, 114.6°E. The profile measured temperatures from 0.7°C to 2.3°C and salinities around 34.4 PSU."
5905215,98,-58.935,115.231,2020-08-16 22:53:08.000000085,-0.162,2.282,34.37205172413793,"ARGO float 5905215 on cycle 98 reported data on 2020-08-16 at location 58.9°S, 115.2°E. The profile measured temperatures from -0.2°C to 2.3°C and salinities around 34.4 PSU."
5905215,99,-59.877,116.479,2020-08-26 23:00:25.000000079,0.148,2.292,34.3895,"ARGO float 5905215 on cycle 99 reported data on 2020-08-26 at location 59.9°S, 116.5°E. The profile measured temperatures from 0.1°C to 2.3°C and salinities around 34.4 PSU."
5905217,94,-57.941,141.048,2020-08-06 22:41:22.000000067,1.608,2.568,34.251508620689656,"ARGO float 5905217 on cycle 94 reported data on 2020-08-06 at location 57.9°S, 141.0°E. The profile measured temperatures from 1.6°C to 2.6°C and salinities around 34.3 PSU."
5905217,95,-57.979,141.271,2020-08-16 22:41:46.000000017,1.617,2.588,34.26525862068966,"ARGO float 5905217 on cycle 95 reported data on 2020-08-16 at location 58.0°S, 141.3°E. The profile measured temperatures from 1.6°C to 2.6°C and salinities around 34.3 PSU."
5905217,96,-58.085,141.623,2020-08-26 22:20:09.000000144,1.602,2.579,34.250439655172414,"ARGO float 5905217 on cycle 96 reported data on 2020-08-26 at location 58.1°S, 141.6°E. The profile measured temperatures from 1.6°C to 2.6°C and salinities around 34.3 PSU."
5905220,56,-52.805,92.001,2020-08-05 11:38:54.000000144,2.52,4.888,34.311728,"ARGO float 5905220 on cycle 56 reported data on 2020-08-05 at location 52.8°S, 92.0°E. The profile measured temperatures from 2.5°C to 4.9°C and salinities around 34.3 PSU."
5905220,57,-52.374,93.172,2020-08-15 08:52:55.999999896,2.529,5.68,34.3115796812749,"ARGO float 5905220 on cycle 57 reported data on 2020-08-15 at location 52.4°S, 93.2°E. The profile measured temperatures from 2.5°C to 5.7°C and salinities around 34.3 PSU."
5905220,58,-51.977,92.694,2020-08-25 06:27:18.000000057,2.413,6.534,34.24624158415841,"ARGO float 5905220 on cycle 58 reported data on 2020-08-25 at location 52.0°S, 92.7°E. The profile measured temperatures from 2.4°C to 6.5°C and salinities around 34.2 PSU."
5905268,95,-56.95768,143.09727,2020-08-10 04:40:58.000486998,0.454,2.43,34.3333131147541,"ARGO float 5905268 on cycle 95 reported data on 2020-08-10 at location 57.0°S, 143.1°E. The profile measured temperatures from 0.5°C to 2.4°C and salinities around 34.3 PSU."
5905268,96,-57.07192,142.9044,2020-08-20 03:46:57.000388509,0.465,2.461,34.32513826366559,"ARGO float 5905268 on cycle 96 reported data on 2020-08-20 at location 57.1°S, 142.9°E. The profile measured temperatures from 0.5°C to 2.5°C and salinities around 34.3 PSU."
5905268,97,-57.0118,142.78442,2020-08-30 03:25:20.000358145,0.464,2.493,34.31456389776358,"ARGO float 5905268 on cycle 97 reported data on 2020-08-30 at location 57.0°S, 142.8°E. The profile measured temperatures from 0.5°C to 2.5°C and salinities around 34.3 PSU."
5905368,93,-54.966,83.976,2020-08-05 02:38:20.000269749,0.142,1.782,34.567479401408455,"ARGO float 5905368 on cycle 93 reported data on 2020-08-05 at location 55.0°S, 84.0°E. The profile measured temperatures from 0.1°C to 1.8°C and salinities around 34.6 PSU."
5905368,94,-55.199,83.47,2020-08-15 07:50:55.000823628,-0.0337,2.024,34.58356879432624,"ARGO float 5905368 on cycle 94 reported data on 2020-08-15 at location 55.2°S, 83.5°E. The profile measured temperatures from -0.0°C to 2.0°C and salinities around 34.6 PSU."
5905368,95,-55.258,82.343,2020-08-25 09:42:20.001026574,-0.06,1.969,34.550614814814814,"ARGO float 5905368 on cycle 95 reported data on 2020-08-25 at location 55.3°S, 82.3°E. The profile measured temperatures from -0.1°C to 2.0°C and salinities around 34.6 PSU."
5905384,100,-36.1541,104.5035,2020-08-06 00:39:26.000001135,2.395,15.016,34.69230869130869,"ARGO float 5905384 on cycle 100 reported data on 2020-08-06 at location 36.2°S, 104.5°E. The profile measured temperatures from 2.4°C to 15.0°C and salinities around 34.7 PSU."
5905384,101,-35.8228,103.8165,2020-08-16 00:42:34.999981816,2.401,14.774,34.70650405679513,"ARGO float 5905384 on cycle 101 reported data on 2020-08-16 at location 35.8°S, 103.8°E. The profile measured temperatures from 2.4°C to 14.8°C and salinities around 34.7 PSU."
5905384,102,-36.1863,103.5384,2020-08-26 00:34:57.000011799,2.409,14.611,34.71064535464536,"ARGO float 5905384 on cycle 102 reported data on 2020-08-26 at location 36.2°S, 103.5°E. The profile measured temperatures from 2.4°C to 14.6°C and salinities around 34.7 PSU."
5905385,100,-30.7526,102.2161,2020-08-06 08:09:34.999992550,2.476,17.639,34.749799184505605,"ARGO float 5905385 on cycle 100 reported data on 2020-08-06 at location 30.8°S, 102.2°E. The profile measured temperatures from 2.5°C to 17.6°C and salinities around 34.7 PSU."
5905385,101,-31.159,102.9333,2020-08-16 08:42:48.000005187,2.471,17.372,34.78951354062186,"ARGO float 5905385 on cycle 101 reported data on 2020-08-16 at location 31.2°S, 102.9°E. The profile measured temperatures from 2.5°C to 17.4°C and salinities around 34.8 PSU."
5905385,102,-31.6223,102.6145,2020-08-26 08:17:31.999980209,2.498,17.867,34.76073080757727,"ARGO float 5905385 on cycle 102 reported data on 2020-08-26 at location 31.6°S, 102.6°E. The profile measured temperatures from 2.5°C to 17.9°C and salinities around 34.8 PSU."
5905386,100,-37.7282,124.188,2020-08-08 05:43:53.000014725,2.37,12.278,34.59046733668342,"ARGO float 5905386 on cycle 100 reported data on 2020-08-08 at location 37.7°S, 124.2°E. The profile measured temperatures from 2.4°C to 12.3°C and salinities around 34.6 PSU."
5905386,101,-37.5279,124.286,2020-08-18 04:54:31.999981999,2.355,12.217,34.5927754491018,"ARGO float 5905386 on cycle 101 reported data on 2020-08-18 at location 37.5°S, 124.3°E. The profile measured temperatures from 2.4°C to 12.2°C and salinities around 34.6 PSU."
5905386,102,-37.4522,124.2886,2020-08-28 06:14:13.000000122,2.379,12.651,34.597198388721054,"ARGO float 5905386 on cycle 102 reported data on 2020-08-28 at location 37.5°S, 124.3°E. The profile measured temperatures from 2.4°C to 12.7°C and salinities around 34.6 PSU."
5905387,102,-19.441,97.652,2020-08-08 13:33:26.000009179,2.458,23.471,34.827667670682736,"ARGO float 5905387 on cycle 102 reported data on 2020-08-08 at location 19.4°S, 97.7°E. The profile measured temperatures from 2.5°C to 23.5°C and salinities around 34.8 PSU."
5905387,103,-19.116,97.599,2020-08-18 09:10:21.000011266,2.472,24.248,34.80683249243188,"ARGO float 5905387 on cycle 103 reported data on 2020-08-18 at location 19.1°S, 97.6°E. The profile measured temperatures from 2.5°C to 24.2°C and salinities around 34.8 PSU."
5905387,104,-18.756,97.775,2020-08-28 04:01:28.999986646,2.51,24.324,34.799763819095475,"ARGO float 5905387 on cycle 104 reported data on 2020-08-28 at location 18.8°S, 97.8°E. The profile measured temperatures from 2.5°C to 24.3°C and salinities around 34.8 PSU."
5905388,100,-35.5338,119.9613,2020-08-09 13:52:17.999984619,2.416,18.601,34.72553458498024,"ARGO float 5905388 on cycle 100 reported data on 2020-08-09 at location 35.5°S, 120.0°E. The profile measured temperatures from 2.4°C to 18.6°C and salinities around 34.7 PSU."
5905388,101,-36.138,119.5135,2020-08-19 12:53:53.000005781,2.479,16.814,34.694017928286854,"ARGO float 5905388 on cycle 101 reported data on 2020-08-19 at location 36.1°S, 119.5°E. The profile measured temperatures from 2.5°C to 16.8°C and salinities around 34.7 PSU."
5905388,102,-36.4088,119.0885,2020-08-29 11:19:55.000009240,2.451,15.437,34.65809970089731,"ARGO float 5905388 on cycle 102 reported data on 2020-08-29 at location 36.4°S, 119.1°E. The profile measured temperatures from 2.5°C to 15.4°C and salinities around 34.7 PSU."
5905393,96,-45.4548,127.0814,2020-08-19 04:14:05.999984445,2.5425,9.7737,34.51678444444445,"ARGO float 5905393 on cycle 96 reported data on 2020-08-19 at location 45.5°S, 127.1°E. The profile measured temperatures from 2.5°C to 9.8°C and salinities around 34.5 PSU."
5905393,97,-45.9177,127.3609,2020-08-29 03:50:51.999981702,2.5391,9.6426,34.503248387096775,"ARGO float 5905393 on cycle 97 reported data on 2020-08-29 at location 45.9°S, 127.4°E. The profile measured temperatures from 2.5°C to 9.6°C and salinities around 34.5 PSU."
5905402,86,-41.6243,141.0791,2020-08-08 23:22:08.000012043,2.316,12.352,34.635246,"ARGO float 5905402 on cycle 86 reported data on 2020-08-08 at location 41.6°S, 141.1°E. The profile measured temperatures from 2.3°C to 12.4°C and salinities around 34.6 PSU."
5905402,87,-41.4437,141.1913,2020-08-18 23:42:14.999983012,2.314,12.079,34.629378405650854,"ARGO float 5905402 on cycle 87 reported data on 2020-08-18 at location 41.4°S, 141.2°E. The profile measured temperatures from 2.3°C to 12.1°C and salinities around 34.6 PSU."
5905402,88,-40.9903,141.5936,2020-08-28 23:03:17.999985519,2.318,12.373,34.669533,"ARGO float 5905402 on cycle 88 reported data on 2020-08-28 at location 41.0°S, 141.6°E. The profile measured temperatures from 2.3°C to 12.4°C and salinities around 34.7 PSU."
5905403,72,-16.011,112.578,2020-08-06 16:20:30.999988314,2.527,25.96,34.70202923387097,"ARGO float 5905403 on cycle 72 reported data on 2020-08-06 at location 16.0°S, 112.6°E. The profile measured temperatures from 2.5°C to 26.0°C and salinities around 34.7 PSU."
5905403,73,-15.664,112.569,2020-08-16 10:34:44.999983012,2.509,26.169,34.69795591182365,"ARGO float 5905403 on cycle 73 reported data on 2020-08-16 at location 15.7°S, 112.6°E. The profile measured temperatures from 2.5°C to 26.2°C and salinities around 34.7 PSU."
5905403,74,-15.419,112.444,2020-08-26 06:09:00.000008043,2.501,25.721,34.71295440729484,"ARGO float 5905403 on cycle 74 reported data on 2020-08-26 at location 15.4°S, 112.4°E. The profile measured temperatures from 2.5°C to 25.7°C and salinities around 34.7 PSU."
5905404,70,-12.2152,107.6478,2020-08-01 03:47:56.000010969,2.549,26.758,34.660029175050305,"ARGO float 5905404 on cycle 70 reported data on 2020-08-01 at location 12.2°S, 107.6°E. The profile measured temperatures from 2.5°C to 26.8°C and salinities around 34.7 PSU."
5905404,71,-12.061,107.3485,2020-08-11 03:08:22.000012995,2.471,27.03,34.669217782217785,"ARGO float 5905404 on cycle 71 reported data on 2020-08-11 at location 12.1°S, 107.3°E. The profile measured temperatures from 2.5°C to 27.0°C and salinities around 34.7 PSU."
5905404,72,-12.0722,106.8985,2020-08-21 03:35:51.999995109,2.448,26.95,34.65553660982949,"ARGO float 5905404 on cycle 72 reported data on 2020-08-21 at location 12.1°S, 106.9°E. The profile measured temperatures from 2.4°C to 26.9°C and salinities around 34.7 PSU."
5905404,73,-12.1897,106.3808,2020-08-31 02:42:33.000006078,2.571,26.882,34.644108782435126,"ARGO float 5905404 on cycle 73 reported data on 2020-08-31 at location 12.2°S, 106.4°E. The profile measured temperatures from 2.6°C to 26.9°C and salinities around 34.6 PSU."
5905405,71,-13.2029,103.1746,2020-08-10 04:38:24.000002148,2.625,26.956,34.66334665334666,"ARGO float 5905405 on cycle 71 reported data on 2020-08-10 at location 13.2°S, 103.2°E. The profile measured temperatures from 2.6°C to 27.0°C and salinities around 34.7 PSU."
5905405,72,-13.4988,102.7103,2020-08-20 04:57:49.999994340,2.632,26.995,34.65642338709677,"ARGO float 5905405 on cycle 72 reported data on 2020-08-20 at location 13.5°S, 102.7°E. The profile measured temperatures from 2.6°C to 27.0°C and salinities around 34.7 PSU."
5905405,73,-13.651,102.217,2020-08-30 04:30:34.000016751,2.653,26.833,34.66294205794206,"ARGO float 5905405 on cycle 73 reported data on 2020-08-30 at location 13.7°S, 102.2°E. The profile measured temperatures from 2.7°C to 26.8°C and salinities around 34.7 PSU."
5905414,67,-21.548,108.0864,2020-08-02 00:26:10.000013712,2.625,23.467,34.85857084607544,"ARGO float 5905414 on cycle 67 reported data on 2020-08-02 at location 21.5°S, 108.1°E. The profile measured temperatures from 2.6°C to 23.5°C and salinities around 34.9 PSU."
5905414,68,-21.4772,108.3276,2020-08-12 00:48:34.000006017,2.563,23.064,34.857885,"ARGO float 5905414 on cycle 68 reported data on 2020-08-12 at location 21.5°S, 108.3°E. The profile measured temperatures from 2.6°C to 23.1°C and salinities around 34.9 PSU."
5905414,69,-21.2242,108.3388,2020-08-22 00:04:56.000003816,2.514,22.998,34.84764307078764,"ARGO float 5905414 on cycle 69 reported data on 2020-08-22 at location 21.2°S, 108.3°E. The profile measured temperatures from 2.5°C to 23.0°C and salinities around 34.8 PSU."
5905415,67,-24.57212,103.987651666667,2020-08-04 00:51:48.999999741,2.425,20.87,34.81259545004946,"ARGO float 5905415 on cycle 67 reported data on 2020-08-04 at location 24.6°S, 104.0°E. The profile measured temperatures from 2.4°C to 20.9°C and salinities around 34.8 PSU."
5905415,68,-24.451615,103.770365,2020-08-14 00:56:58.000000303,2.405,21.05,34.81531082423039,"ARGO float 5905415 on cycle 68 reported data on 2020-08-14 at location 24.5°S, 103.8°E. The profile measured temperatures from 2.4°C to 21.1°C and salinities around 34.8 PSU."
5905415,69,-24.35261,103.621603333333,2020-08-24 00:55:20.000000032,2.4,20.724,34.813320679320675,"ARGO float 5905415 on cycle 69 reported data on 2020-08-24 at location 24.4°S, 103.6°E. The profile measured temperatures from 2.4°C to 20.7°C and salinities around 34.8 PSU."
5905416,67,-16.3914,116.3161,2020-08-04 16:19:44.999996427,2.483,26.16,34.65478093306288,"ARGO float 5905416 on cycle 67 reported data on 2020-08-04 at location 16.4°S, 116.3°E. The profile measured temperatures from 2.5°C to 26.2°C and salinities around 34.7 PSU."
5905416,68,-16.0426,116.5537,2020-08-14 15:51:40.999997554,2.458,26.117,34.65897105788423,"ARGO float 5905416 on cycle 68 reported data on 2020-08-14 at location 16.0°S, 116.6°E. The profile measured temperatures from 2.5°C to 26.1°C and salinities around 34.7 PSU."
5905416,69,-15.6335,116.376,2020-08-24 16:12:19.999996122,2.516,26.409,34.66333197969543,"ARGO float 5905416 on cycle 69 reported data on 2020-08-24 at location 15.6°S, 116.4°E. The profile measured temperatures from 2.5°C to 26.4°C and salinities around 34.7 PSU."
5905417,67,-15.2607,116.9318,2020-08-05 03:14:29.999988375,2.521,26.579,34.6886033966034,"ARGO float 5905417 on cycle 67 reported data on 2020-08-05 at location 15.3°S, 116.9°E. The profile measured temperatures from 2.5°C to 26.6°C and salinities around 34.7 PSU."
5905417,68,-14.8473,116.9848,2020-08-15 03:35:21.999996899,2.459,26.562,34.693241624365484,"ARGO float 5905417 on cycle 68 reported data on 2020-08-15 at location 14.8°S, 117.0°E. The profile measured temperatures from 2.5°C to 26.6°C and salinities around 34.7 PSU."
5905417,69,-14.7796,117.0921,2020-08-25 03:23:46.999984680,2.421,26.559,34.70390690690691,"ARGO float 5905417 on cycle 69 reported data on 2020-08-25 at location 14.8°S, 117.1°E. The profile measured temperatures from 2.4°C to 26.6°C and salinities around 34.7 PSU."
5905418,67,-14.2666516666667,117.836626666667,2020-08-08 00:57:17.999999951,2.381,26.645,34.655430417495026,"ARGO float 5905418 on cycle 67 reported data on 2020-08-08 at location 14.3°S, 117.8°E. The profile measured temperatures from 2.4°C to 26.6°C and salinities around 34.7 PSU."
5905418,68,-14.3329666666667,117.764576666667,2020-08-18 01:02:56.000000068,2.4,26.501,34.65446396841066,"ARGO float 5905418 on cycle 68 reported data on 2020-08-18 at location 14.3°S, 117.8°E. The profile measured temperatures from 2.4°C to 26.5°C and salinities around 34.7 PSU."
5905418,69,-14.40985,117.833143333333,2020-08-28 01:09:23.999999935,2.463,26.982,34.65324596774193,"ARGO float 5905418 on cycle 69 reported data on 2020-08-28 at location 14.4°S, 117.8°E. The profile measured temperatures from 2.5°C to 27.0°C and salinities around 34.7 PSU."
5905419,66,-13.618713,117.8405,2020-08-01 23:05:27.000010017,2.4534,26.5793,34.639455231388325,"ARGO float 5905419 on cycle 66 reported data on 2020-08-01 at location 13.6°S, 117.8°E. The profile measured temperatures from 2.5°C to 26.6°C and salinities around 34.6 PSU."
5905419,67,-13.392415,117.871346,2020-08-12 00:20:36.000014838,2.4596,26.648,34.651290863453816,"ARGO float 5905419 on cycle 67 reported data on 2020-08-12 at location 13.4°S, 117.9°E. The profile measured temperatures from 2.5°C to 26.6°C and salinities around 34.7 PSU."
5905419,68,-13.629475,118.074837,2020-08-22 01:43:10.000019965,2.4526,26.9776,34.62589024144869,"ARGO float 5905419 on cycle 68 reported data on 2020-08-22 at location 13.6°S, 118.1°E. The profile measured temperatures from 2.5°C to 27.0°C and salinities around 34.6 PSU."
5905420,66,-12.135366,111.536789,2020-08-02 01:30:19.000017642,2.5133,27.0507,34.61793644578313,"ARGO float 5905420 on cycle 66 reported data on 2020-08-02 at location 12.1°S, 111.5°E. The profile measured temperatures from 2.5°C to 27.1°C and salinities around 34.6 PSU."
5905420,67,-11.870136,110.734131,2020-08-12 03:07:39.999999406,2.5706,26.909,34.62989075376885,"ARGO float 5905420 on cycle 67 reported data on 2020-08-12 at location 11.9°S, 110.7°E. The profile measured temperatures from 2.6°C to 26.9°C and salinities around 34.6 PSU."
5905420,68,-11.944137,110.151443,2020-08-22 04:46:34.999994340,2.5959,26.7293,34.61869416498995,"ARGO float 5905420 on cycle 68 reported data on 2020-08-22 at location 11.9°S, 110.2°E. The profile measured temperatures from 2.6°C to 26.7°C and salinities around 34.6 PSU."
5905421,66,-13.99676,113.788719,2020-08-02 04:49:10.999993082,2.5561,26.7186,34.65619577464789,"ARGO float 5905421 on cycle 66 reported data on 2020-08-02 at location 14.0°S, 113.8°E. The profile measured temperatures from 2.6°C to 26.7°C and salinities around 34.7 PSU."
5905421,67,-14.242023,113.790634,2020-08-12 06:37:05.999996069,2.5169,27.0835,34.646977822580645,"ARGO float 5905421 on cycle 67 reported data on 2020-08-12 at location 14.2°S, 113.8°E. The profile measured temperatures from 2.5°C to 27.1°C and salinities around 34.6 PSU."
5905421,68,-14.455345,113.831017,2020-08-22 07:52:03.999980095,2.5098,26.7808,34.65262346424974,"ARGO float 5905421 on cycle 68 reported data on 2020-08-22 at location 14.5°S, 113.8°E. The profile measured temperatures from 2.5°C to 26.8°C and salinities around 34.7 PSU."
5905422,64,-27.7611,99.7882,2020-08-01 06:01:14.999995528,2.453,19.684,34.802558,"ARGO float 5905422 on cycle 64 reported data on 2020-08-01 at location 27.8°S, 99.8°E. The profile measured temperatures from 2.5°C to 19.7°C and salinities around 34.8 PSU."
5905422,65,-27.6178,99.13,2020-08-11 06:07:14.000019729,2.466,19.106,34.81749646107179,"ARGO float 5905422 on cycle 65 reported data on 2020-08-11 at location 27.6°S, 99.1°E. The profile measured temperatures from 2.5°C to 19.1°C and salinities around 34.8 PSU."
5905422,66,-27.3261,98.4074,2020-08-21 05:12:28.000019790,2.437,18.671,34.78397197197197,"ARGO float 5905422 on cycle 66 reported data on 2020-08-21 at location 27.3°S, 98.4°E. The profile measured temperatures from 2.4°C to 18.7°C and salinities around 34.8 PSU."
5905422,67,-27.1736,97.9037,2020-08-31 05:32:09.000011083,2.428,18.885,34.76802749490835,"ARGO float 5905422 on cycle 67 reported data on 2020-08-31 at location 27.2°S, 97.9°E. The profile measured temperatures from 2.4°C to 18.9°C and salinities around 34.8 PSU."
5905423,64,-34.5266,100.534,2020-08-01 18:24:31.999981999,2.566,14.195,34.68443656343656,"ARGO float 5905423 on cycle 64 reported data on 2020-08-01 at location 34.5°S, 100.5°E. The profile measured temperatures from 2.6°C to 14.2°C and salinities around 34.7 PSU."
5905423,65,-34.4128,100.5261,2020-08-11 18:57:51.999996899,2.576,13.818,34.68106559031282,"ARGO float 5905423 on cycle 65 reported data on 2020-08-11 at location 34.4°S, 100.5°E. The profile measured temperatures from 2.6°C to 13.8°C and salinities around 34.7 PSU."
5905423,66,-34.3142,100.5448,2020-08-21 18:16:13.999987545,2.552,13.923,34.67973726273726,"ARGO float 5905423 on cycle 66 reported data on 2020-08-21 at location 34.3°S, 100.5°E. The profile measured temperatures from 2.6°C to 13.9°C and salinities around 34.7 PSU."
5905423,67,-34.1632,100.5838,2020-08-31 18:24:36.999995109,2.583,13.774,34.67835721493441,"ARGO float 5905423 on cycle 67 reported data on 2020-08-31 at location 34.2°S, 100.6°E. The profile measured temperatures from 2.6°C to 13.8°C and salinities around 34.7 PSU."
5905424,64,-25.1282,93.8839,2020-08-02 02:15:58.000007275,2.47,20.043,34.825534079348934,"ARGO float 5905424 on cycle 64 reported data on 2020-08-02 at location 25.1°S, 93.9°E. The profile measured temperatures from 2.5°C to 20.0°C and salinities around 34.8 PSU."
5905424,65,-24.9077,93.4582,2020-08-12 01:43:49.000009598,2.419,19.926,34.812172,"ARGO float 5905424 on cycle 65 reported data on 2020-08-12 at location 24.9°S, 93.5°E. The profile measured temperatures from 2.4°C to 19.9°C and salinities around 34.8 PSU."
5905424,66,-24.7448,93.0621,2020-08-22 01:46:54.000011982,2.501,19.585,34.824436991869916,"ARGO float 5905424 on cycle 66 reported data on 2020-08-22 at location 24.7°S, 93.1°E. The profile measured temperatures from 2.5°C to 19.6°C and salinities around 34.8 PSU."
5905425,64,-31.3437,91.033,2020-08-05 13:14:55.999994873,2.478,16.231,34.72284691848907,"ARGO float 5905425 on cycle 64 reported data on 2020-08-05 at location 31.3°S, 91.0°E. The profile measured temperatures from 2.5°C to 16.2°C and salinities around 34.7 PSU."
5905425,65,-31.4222,90.7122,2020-08-15 11:50:48.000016812,2.373,15.918,34.722979125248514,"ARGO float 5905425 on cycle 65 reported data on 2020-08-15 at location 31.4°S, 90.7°E. The profile measured temperatures from 2.4°C to 15.9°C and salinities around 34.7 PSU."
5905425,66,-31.5229,90.3981,2020-08-25 10:54:48.000015912,2.503,16.001,34.719570717131475,"ARGO float 5905425 on cycle 66 reported data on 2020-08-25 at location 31.5°S, 90.4°E. The profile measured temperatures from 2.5°C to 16.0°C and salinities around 34.7 PSU."
5905426,64,-41.4282,88.263,2020-08-09 01:13:49.999990759,2.494,11.477,34.583633603238866,"ARGO float 5905426 on cycle 64 reported data on 2020-08-09 at location 41.4°S, 88.3°E. The profile measured temperatures from 2.5°C to 11.5°C and salinities around 34.6 PSU."
5905426,65,-41.4263,88.5168,2020-08-19 00:33:51.000007685,2.474,11.374,34.61528071928072,"ARGO float 5905426 on cycle 65 reported data on 2020-08-19 at location 41.4°S, 88.5°E. The profile measured temperatures from 2.5°C to 11.4°C and salinities around 34.6 PSU."
5905426,66,-41.4927,88.895,2020-08-29 00:45:41.000019013,2.49,11.328,34.59870647773279,"ARGO float 5905426 on cycle 66 reported data on 2020-08-29 at location 41.5°S, 88.9°E. The profile measured temperatures from 2.5°C to 11.3°C and salinities around 34.6 PSU."
5905427,64,-36.6083,79.5027,2020-08-09 16:02:52.000019249,2.522,13.188,34.6821031031031,"ARGO float 5905427 on cycle 64 reported data on 2020-08-09 at location 36.6°S, 79.5°E. The profile measured temperatures from 2.5°C to 13.2°C and salinities around 34.7 PSU."
5905427,65,-36.5638,79.8821,2020-08-19 16:06:57.000018061,2.544,12.887,34.6841700610998,"ARGO float 5905427 on cycle 65 reported data on 2020-08-19 at location 36.6°S, 79.9°E. The profile measured temperatures from 2.5°C to 12.9°C and salinities around 34.7 PSU."
5905427,66,-36.3937,80.0415,2020-08-29 16:08:50.000008646,2.489,13.335,34.69734,"ARGO float 5905427 on cycle 66 reported data on 2020-08-29 at location 36.4°S, 80.0°E. The profile measured temperatures from 2.5°C to 13.3°C and salinities around 34.7 PSU."
5905428,62,-27.9719,57.7782,2020-08-05 05:55:12.999987598,2.324,18.507,34.79346953046953,"ARGO float 5905428 on cycle 62 reported data on 2020-08-05 at location 28.0°S, 57.8°E. The profile measured temperatures from 2.3°C to 18.5°C and salinities around 34.8 PSU."
5905428,63,-27.8775,57.484,2020-08-15 05:53:01.000019607,2.365,18.627,34.80599594320487,"ARGO float 5905428 on cycle 63 reported data on 2020-08-15 at location 27.9°S, 57.5°E. The profile measured temperatures from 2.4°C to 18.6°C and salinities around 34.8 PSU."
5905428,64,-27.7882,57.261,2020-08-25 05:47:05.000019371,2.313,19.568,34.803551,"ARGO float 5905428 on cycle 64 reported data on 2020-08-25 at location 27.8°S, 57.3°E. The profile measured temperatures from 2.3°C to 19.6°C and salinities around 34.8 PSU."
5905429,62,-33.5563,80.4752,2020-08-08 10:19:01.999988261,2.488,14.328,34.706291666666665,"ARGO float 5905429 on cycle 62 reported data on 2020-08-08 at location 33.6°S, 80.5°E. The profile measured temperatures from 2.5°C to 14.3°C and salinities around 34.7 PSU."
5905429,63,-33.8049,80.2669,2020-08-18 09:36:00.999986532,2.489,14.682,34.719617,"ARGO float 5905429 on cycle 63 reported data on 2020-08-18 at location 33.8°S, 80.3°E. The profile measured temperatures from 2.5°C to 14.7°C and salinities around 34.7 PSU."
5905429,64,-33.2941,79.5535,2020-08-28 09:46:29.000000061,2.561,14.513,34.71426821862348,"ARGO float 5905429 on cycle 64 reported data on 2020-08-28 at location 33.3°S, 79.6°E. The profile measured temperatures from 2.6°C to 14.5°C and salinities around 34.7 PSU."
5905432,44,-18.24931,108.469864,2020-08-05 13:30:49.000015851,2.5675,24.8302,34.749976028084255,"ARGO float 5905432 on cycle 44 reported data on 2020-08-05 at location 18.2°S, 108.5°E. The profile measured temperatures from 2.6°C to 24.8°C and salinities around 34.7 PSU."
5905432,45,-18.071508,108.598076,2020-08-15 14:17:48.000014122,2.5742,24.637,34.76199839034205,"ARGO float 5905432 on cycle 45 reported data on 2020-08-15 at location 18.1°S, 108.6°E. The profile measured temperatures from 2.6°C to 24.6°C and salinities around 34.8 PSU."
5905432,46,-17.810711,108.825478,2020-08-25 15:42:01.000005301,2.5592,24.7992,34.75031128364389,"ARGO float 5905432 on cycle 46 reported data on 2020-08-25 at location 17.8°S, 108.8°E. The profile measured temperatures from 2.6°C to 24.8°C and salinities around 34.8 PSU."
5905448,21,-47.5261,107.3739,2020-08-02 12:44:33.999980095,2.149,7.439,34.44545845845846,"ARGO float 5905448 on cycle 21 reported data on 2020-08-02 at location 47.5°S, 107.4°E. The profile measured temperatures from 2.1°C to 7.4°C and salinities around 34.4 PSU."
5905448,22,-47.7282,108.0789,2020-08-12 13:00:34.000003336,2.149,7.815,34.45719433198381,"ARGO float 5905448 on cycle 22 reported data on 2020-08-12 at location 47.7°S, 108.1°E. The profile measured temperatures from 2.1°C to 7.8°C and salinities around 34.5 PSU."
5905448,23,-47.9224,108.8448,2020-08-22 12:38:34.000001545,2.106,7.136,34.462565000000005,"ARGO float 5905448 on cycle 23 reported data on 2020-08-22 at location 47.9°S, 108.8°E. The profile measured temperatures from 2.1°C to 7.1°C and salinities around 34.5 PSU."
5905449,21,-48.9134,117.0023,2020-08-03 01:18:09.999988672,2.288,9.162,34.446554545454546,"ARGO float 5905449 on cycle 21 reported data on 2020-08-03 at location 48.9°S, 117.0°E. The profile measured temperatures from 2.3°C to 9.2°C and salinities around 34.4 PSU."
5905449,22,-48.3812,116.9295,2020-08-13 00:59:56.000008288,2.338,9.333,34.43414214214214,"ARGO float 5905449 on cycle 22 reported data on 2020-08-13 at location 48.4°S, 116.9°E. The profile measured temperatures from 2.3°C to 9.3°C and salinities around 34.4 PSU."
5905449,23,-47.8086,117.0211,2020-08-23 01:35:33.999998864,2.308,8.365,34.418899396378265,"ARGO float 5905449 on cycle 23 reported data on 2020-08-23 at location 47.8°S, 117.0°E. The profile measured temperatures from 2.3°C to 8.4°C and salinities around 34.4 PSU."
5905450,21,-48.7559,110.8733,2020-08-04 01:17:15.999999938,2.099,8.052,34.479022066198596,"ARGO float 5905450 on cycle 21 reported data on 2020-08-04 at location 48.8°S, 110.9°E. The profile measured temperatures from 2.1°C to 8.1°C and salinities around 34.5 PSU."
5905450,22,-49.5124,111.6753,2020-08-14 00:33:40.999981466,1.872,7.071,34.483432567432565,"ARGO float 5905450 on cycle 22 reported data on 2020-08-14 at location 49.5°S, 111.7°E. The profile measured temperatures from 1.9°C to 7.1°C and salinities around 34.5 PSU."
5905450,23,-48.9045,114.1278,2020-08-24 00:01:21.999997790,2.055,7.569,34.44857228315055,"ARGO float 5905450 on cycle 23 reported data on 2020-08-24 at location 48.9°S, 114.1°E. The profile measured temperatures from 2.1°C to 7.6°C and salinities around 34.4 PSU."
5905451,20,-52.2179,85.2878,2020-08-03 03:42:59.000012576,1.733,4.005,34.49442099898064,"ARGO float 5905451 on cycle 20 reported data on 2020-08-03 at location 52.2°S, 85.3°E. The profile measured temperatures from 1.7°C to 4.0°C and salinities around 34.5 PSU."
5905451,21,-52.5366,86.3399,2020-08-13 04:33:04.000007808,1.597,3.887,34.533824,"ARGO float 5905451 on cycle 21 reported data on 2020-08-13 at location 52.5°S, 86.3°E. The profile measured temperatures from 1.6°C to 3.9°C and salinities around 34.5 PSU."
5905451,22,-52.1213,87.9761,2020-08-23 05:04:32.999981047,1.436,4.008,34.532240609137055,"ARGO float 5905451 on cycle 22 reported data on 2020-08-23 at location 52.1°S, 88.0°E. The profile measured temperatures from 1.4°C to 4.0°C and salinities around 34.5 PSU."
5905452,20,-55.9489326477051,98.6543579101562,2020-08-03 20:39:21.000000170,1.3531,3.5969,34.54961838649156,"ARGO float 5905452 on cycle 20 reported data on 2020-08-03 at location 55.9°S, 98.7°E. The profile measured temperatures from 1.4°C to 3.6°C and salinities around 34.5 PSU."
5905452,21,-55.6738548278809,99.3286590576172,2020-08-13 21:50:27.999999983,1.2775,2.7919,34.57046219512195,"ARGO float 5905452 on cycle 21 reported data on 2020-08-13 at location 55.7°S, 99.3°E. The profile measured temperatures from 1.3°C to 2.8°C and salinities around 34.6 PSU."
5905452,22,-55.4321174621582,99.3903732299805,2020-08-23 22:06:57.000000142,1.1981,2.4675,34.573076973684216,"ARGO float 5905452 on cycle 22 reported data on 2020-08-23 at location 55.4°S, 99.4°E. The profile measured temperatures from 1.2°C to 2.5°C and salinities around 34.6 PSU."
5905454,20,-56.444912,83.991127,2020-08-04 06:34:53.999987842,0.8861,2.3409,34.60828176291793,"ARGO float 5905454 on cycle 20 reported data on 2020-08-04 at location 56.4°S, 84.0°E. The profile measured temperatures from 0.9°C to 2.3°C and salinities around 34.6 PSU."
5905454,21,-58.259026,86.26963,2020-08-14 06:35:31.999982890,0.0063,2.3687,34.61335131313131,"ARGO float 5905454 on cycle 21 reported data on 2020-08-14 at location 58.3°S, 86.3°E. The profile measured temperatures from 0.0°C to 2.4°C and salinities around 34.6 PSU."
5905454,22,-58.263977,88.22258,2020-08-24 06:17:02.000008821,0.2492,2.2892,34.62377212121212,"ARGO float 5905454 on cycle 22 reported data on 2020-08-24 at location 58.3°S, 88.2°E. The profile measured temperatures from 0.2°C to 2.3°C and salinities around 34.6 PSU."
5905455,20,-49.1287,98.2374,2020-08-04 19:21:13.999996480,2.121,8.211,34.43310898082745,"ARGO float 5905455 on cycle 20 reported data on 2020-08-04 at location 49.1°S, 98.2°E. The profile measured temperatures from 2.1°C to 8.2°C and salinities around 34.4 PSU."
5905455,21,-48.5849,98.4089,2020-08-14 18:08:46.999998096,2.124,7.534,34.45348751248751,"ARGO float 5905455 on cycle 21 reported data on 2020-08-14 at location 48.6°S, 98.4°E. The profile measured temperatures from 2.1°C to 7.5°C and salinities around 34.5 PSU."
5905455,22,-48.1418,96.7261,2020-08-24 17:37:35.000013109,2.089,7.109,34.417717282717284,"ARGO float 5905455 on cycle 22 reported data on 2020-08-24 at location 48.1°S, 96.7°E. The profile measured temperatures from 2.1°C to 7.1°C and salinities around 34.4 PSU."
5905459,20,-38.958,94.2446,2020-08-06 20:41:20.999994279,2.549,11.745,34.63525525525526,"ARGO float 5905459 on cycle 20 reported data on 2020-08-06 at location 39.0°S, 94.2°E. The profile measured temperatures from 2.5°C to 11.7°C and salinities around 34.6 PSU."
5905459,21,-38.8438,93.7688,2020-08-16 21:11:00.999995467,2.577,11.612,34.63251373346897,"ARGO float 5905459 on cycle 21 reported data on 2020-08-16 at location 38.8°S, 93.8°E. The profile measured temperatures from 2.6°C to 11.6°C and salinities around 34.6 PSU."
5905459,22,-38.882,93.0965,2020-08-26 21:25:20.000003275,2.535,11.852,34.632047047047045,"ARGO float 5905459 on cycle 22 reported data on 2020-08-26 at location 38.9°S, 93.1°E. The profile measured temperatures from 2.5°C to 11.9°C and salinities around 34.6 PSU."
5905460,20,-31.5417,93.3823,2020-08-08 07:56:07.999984322,2.471,17.295,34.730135375494065,"ARGO float 5905460 on cycle 20 reported data on 2020-08-08 at location 31.5°S, 93.4°E. The profile measured temperatures from 2.5°C to 17.3°C and salinities around 34.7 PSU."
5905460,21,-31.8476,93.5056,2020-08-18 07:22:27.999997440,2.475,16.61,34.741288822947574,"ARGO float 5905460 on cycle 21 reported data on 2020-08-18 at location 31.8°S, 93.5°E. The profile measured temperatures from 2.5°C to 16.6°C and salinities around 34.7 PSU."
5905460,22,-32.0643,93.7289,2020-08-28 05:43:40.999999344,2.485,16.751,34.745532608695655,"ARGO float 5905460 on cycle 22 reported data on 2020-08-28 at location 32.1°S, 93.7°E. The profile measured temperatures from 2.5°C to 16.8°C and salinities around 34.7 PSU."
5905461,18,-48.1896934509277,83.7391357421875,2020-08-04 14:40:25.000000046,1.9658,4.7012,34.434568041237114,"ARGO float 5905461 on cycle 18 reported data on 2020-08-04 at location 48.2°S, 83.7°E. The profile measured temperatures from 2.0°C to 4.7°C and salinities around 34.4 PSU."
5905461,19,-47.3029937744141,84.1424789428711,2020-08-14 15:35:27.999999876,2.0382,5.7361,34.442769043151976,"ARGO float 5905461 on cycle 19 reported data on 2020-08-14 at location 47.3°S, 84.1°E. The profile measured temperatures from 2.0°C to 5.7°C and salinities around 34.4 PSU."
5905461,20,-47.124080657959,85.2135238647461,2020-08-24 15:12:21.000000026,2.1356,7.4318,34.42669981220657,"ARGO float 5905461 on cycle 20 reported data on 2020-08-24 at location 47.1°S, 85.2°E. The profile measured temperatures from 2.1°C to 7.4°C and salinities around 34.4 PSU."
5905462,18,-59.2693,142.0297,2020-08-09 20:21:41.999992130,1.139,2.493,34.569692,"ARGO float 5905462 on cycle 18 reported data on 2020-08-09 at location 59.3°S, 142.0°E. The profile measured temperatures from 1.1°C to 2.5°C and salinities around 34.6 PSU."
5905462,19,-59.4074,142.8681,2020-08-19 21:31:04.999982715,0.927,2.499,34.575539156626505,"ARGO float 5905462 on cycle 19 reported data on 2020-08-19 at location 59.4°S, 142.9°E. The profile measured temperatures from 0.9°C to 2.5°C and salinities around 34.6 PSU."
5905462,20,-59.2773,143.362,2020-08-29 20:55:26.999992130,0.903,2.491,34.57194825870646,"ARGO float 5905462 on cycle 20 reported data on 2020-08-29 at location 59.3°S, 143.4°E. The profile measured temperatures from 0.9°C to 2.5°C and salinities around 34.6 PSU."
5905463,18,-34.044,95.4838,2020-08-09 18:30:49.999983606,2.482,15.189,34.716037,"ARGO float 5905463 on cycle 18 reported data on 2020-08-09 at location 34.0°S, 95.5°E. The profile measured temperatures from 2.5°C to 15.2°C and salinities around 34.7 PSU."
5905463,19,-33.5073,95.4366,2020-08-19 18:39:31.000014244,2.421,14.821,34.71242142857143,"ARGO float 5905463 on cycle 19 reported data on 2020-08-19 at location 33.5°S, 95.4°E. The profile measured temperatures from 2.4°C to 14.8°C and salinities around 34.7 PSU."
5905463,20,-34.2107,95.4624,2020-08-29 18:37:42.999996541,2.428,16.028,34.717062,"ARGO float 5905463 on cycle 20 reported data on 2020-08-29 at location 34.2°S, 95.5°E. The profile measured temperatures from 2.4°C to 16.0°C and salinities around 34.7 PSU."
5905464,17,-34.5659,104.0872,2020-08-10 07:38:33.999988139,2.559,15.362,34.73234530938124,"ARGO float 5905464 on cycle 17 reported data on 2020-08-10 at location 34.6°S, 104.1°E. The profile measured temperatures from 2.6°C to 15.4°C and salinities around 34.7 PSU."
5905464,18,-34.5535,104.0561,2020-08-20 08:22:10.999995764,2.596,15.104,34.741551515151514,"ARGO float 5905464 on cycle 18 reported data on 2020-08-20 at location 34.6°S, 104.1°E. The profile measured temperatures from 2.6°C to 15.1°C and salinities around 34.7 PSU."
5905464,19,-34.5766,103.848,2020-08-30 08:50:43.999998270,2.583,14.778,34.727944,"ARGO float 5905464 on cycle 19 reported data on 2020-08-30 at location 34.6°S, 103.8°E. The profile measured temperatures from 2.6°C to 14.8°C and salinities around 34.7 PSU."
5905465,16,-32.0608,104.4078,2020-08-01 17:06:30.999984742,2.485,15.98,34.71028197381671,"ARGO float 5905465 on cycle 16 reported data on 2020-08-01 at location 32.1°S, 104.4°E. The profile measured temperatures from 2.5°C to 16.0°C and salinities around 34.7 PSU."
5905465,17,-31.8262,104.3285,2020-08-11 16:16:53.000003991,2.487,15.376,34.71939221556886,"ARGO float 5905465 on cycle 17 reported data on 2020-08-11 at location 31.8°S, 104.3°E. The profile measured temperatures from 2.5°C to 15.4°C and salinities around 34.7 PSU."
5905465,18,-31.8773,104.3328,2020-08-21 16:30:29.999998209,2.492,15.463,34.71203229061555,"ARGO float 5905465 on cycle 18 reported data on 2020-08-21 at location 31.9°S, 104.3°E. The profile measured temperatures from 2.5°C to 15.5°C and salinities around 34.7 PSU."
5905465,19,-31.7351,104.4486,2020-08-31 15:48:42.999997440,2.494,15.518,34.706396999999996,"ARGO float 5905465 on cycle 19 reported data on 2020-08-31 at location 31.7°S, 104.4°E. The profile measured temperatures from 2.5°C to 15.5°C and salinities around 34.7 PSU."
5905467,16,-31.8462,113.3443,2020-08-02 17:27:26.000017223,2.398,18.963,34.759503489531404,"ARGO float 5905467 on cycle 16 reported data on 2020-08-02 at location 31.8°S, 113.3°E. The profile measured temperatures from 2.4°C to 19.0°C and salinities around 34.8 PSU."
5905467,17,-31.225,113.5762,2020-08-12 17:43:08.000017406,2.476,21.24,34.76292222222222,"ARGO float 5905467 on cycle 17 reported data on 2020-08-12 at location 31.2°S, 113.6°E. The profile measured temperatures from 2.5°C to 21.2°C and salinities around 34.8 PSU."
5905467,18,-30.9859,113.6554,2020-08-22 17:05:04.000014070,2.356,19.777,34.733432,"ARGO float 5905467 on cycle 18 reported data on 2020-08-22 at location 31.0°S, 113.7°E. The profile measured temperatures from 2.4°C to 19.8°C and salinities around 34.7 PSU."
5905470,2,-39.6864,139.3919,2020-08-10 15:39:34.999992550,2.203,14.11,34.700681954137586,"ARGO float 5905470 on cycle 2 reported data on 2020-08-10 at location 39.7°S, 139.4°E. The profile measured temperatures from 2.2°C to 14.1°C and salinities around 34.7 PSU."
5905470,3,-39.4041,139.8357,2020-08-20 15:05:23.000018297,2.337,12.693,34.661512512512516,"ARGO float 5905470 on cycle 3 reported data on 2020-08-20 at location 39.4°S, 139.8°E. The profile measured temperatures from 2.3°C to 12.7°C and salinities around 34.7 PSU."
5905470,4,-39.1095,139.7705,2020-08-30 16:12:48.000005187,2.37,12.443,34.66018998978549,"ARGO float 5905470 on cycle 4 reported data on 2020-08-30 at location 39.1°S, 139.8°E. The profile measured temperatures from 2.4°C to 12.4°C and salinities around 34.7 PSU."
5905471,1,-39.5444,135.0188,2020-08-01 13:15:19.999985397,2.302,11.765,34.6201018981019,"ARGO float 5905471 on cycle 1 reported data on 2020-08-01 at location 39.5°S, 135.0°E. The profile measured temperatures from 2.3°C to 11.8°C and salinities around 34.6 PSU."
5905471,2,-39.6379,134.8253,2020-08-11 12:07:30.000013415,2.307,12.745,34.63776019900497,"ARGO float 5905471 on cycle 2 reported data on 2020-08-11 at location 39.6°S, 134.8°E. The profile measured temperatures from 2.3°C to 12.7°C and salinities around 34.6 PSU."
5905471,3,-39.6727,134.569,2020-08-21 11:09:55.000004768,2.315,12.186,34.638993013972055,"ARGO float 5905471 on cycle 3 reported data on 2020-08-21 at location 39.7°S, 134.6°E. The profile measured temperatures from 2.3°C to 12.2°C and salinities around 34.6 PSU."
5905471,4,-39.6087,134.5793,2020-08-31 12:34:31.999986471,2.337,11.959,34.6226466395112,"ARGO float 5905471 on cycle 4 reported data on 2020-08-31 at location 39.6°S, 134.6°E. The profile measured temperatures from 2.3°C to 12.0°C and salinities around 34.6 PSU."
5905472,1,-39.2135,127.4871,2020-08-03 07:48:00.000016096,2.341,11.647,34.58885544554455,"ARGO float 5905472 on cycle 1 reported data on 2020-08-03 at location 39.2°S, 127.5°E. The profile measured temperatures from 2.3°C to 11.6°C and salinities around 34.6 PSU."
5905472,2,-39.0261,127.3435,2020-08-13 06:02:11.000013650,2.314,12.071,34.587268700787405,"ARGO float 5905472 on cycle 2 reported data on 2020-08-13 at location 39.0°S, 127.3°E. The profile measured temperatures from 2.3°C to 12.1°C and salinities around 34.6 PSU."
5905472,3,-39.0341,127.4552,2020-08-23 04:21:43.999994698,2.303,11.9,34.60101083743842,"ARGO float 5905472 on cycle 3 reported data on 2020-08-23 at location 39.0°S, 127.5°E. The profile measured temperatures from 2.3°C to 11.9°C and salinities around 34.6 PSU."
5905473,1,-38.9925,117.4845,2020-08-05 08:00:12.999983135,2.526,12.883,34.605798210735585,"ARGO float 5905473 on cycle 1 reported data on 2020-08-05 at location 39.0°S, 117.5°E. The profile measured temperatures from 2.5°C to 12.9°C and salinities around 34.6 PSU."
5905473,2,-38.8388,117.5526,2020-08-15 06:32:58.000013528,2.503,12.782,34.605822596630325,"ARGO float 5905473 on cycle 2 reported data on 2020-08-15 at location 38.8°S, 117.6°E. The profile measured temperatures from 2.5°C to 12.8°C and salinities around 34.6 PSU."
5905473,3,-38.6301,117.6887,2020-08-25 05:10:32.999999825,2.524,11.805,34.57948207171315,"ARGO float 5905473 on cycle 3 reported data on 2020-08-25 at location 38.6°S, 117.7°E. The profile measured temperatures from 2.5°C to 11.8°C and salinities around 34.6 PSU."
5905474,1,-37.5093,112.5468,2020-08-06 11:34:58.000019790,2.526,12.285,34.52124031777557,"ARGO float 5905474 on cycle 1 reported data on 2020-08-06 at location 37.5°S, 112.5°E. The profile measured temperatures from 2.5°C to 12.3°C and salinities around 34.5 PSU."
5905474,2,-37.6674,113.1386,2020-08-16 09:53:02.000000777,2.502,12.396,34.55912685827552,"ARGO float 5905474 on cycle 2 reported data on 2020-08-16 at location 37.7°S, 113.1°E. The profile measured temperatures from 2.5°C to 12.4°C and salinities around 34.6 PSU."
5905474,3,-37.2384,113.1448,2020-08-26 09:11:19.000018533,2.439,16.287,34.651857142857146,"ARGO float 5905474 on cycle 3 reported data on 2020-08-26 at location 37.2°S, 113.1°E. The profile measured temperatures from 2.4°C to 16.3°C and salinities around 34.7 PSU."
5905475,1,-33.0136,112.5533,2020-08-07 22:56:28.999991117,2.752,17.966,34.74124231678487,"ARGO float 5905475 on cycle 1 reported data on 2020-08-07 at location 33.0°S, 112.6°E. The profile measured temperatures from 2.8°C to 18.0°C and salinities around 34.7 PSU."
5905475,2,-32.3186,112.7387,2020-08-17 22:51:06.000013056,2.617,16.836,34.71024657534247,"ARGO float 5905475 on cycle 2 reported data on 2020-08-17 at location 32.3°S, 112.7°E. The profile measured temperatures from 2.6°C to 16.8°C and salinities around 34.7 PSU."
5905475,3,-31.9332,112.6993,2020-08-27 22:41:00.000000890,2.573,17.302,34.711386061946904,"ARGO float 5905475 on cycle 3 reported data on 2020-08-27 at location 31.9°S, 112.7°E. The profile measured temperatures from 2.6°C to 17.3°C and salinities around 34.7 PSU."
5905476,1,-31.257,112.8071,2020-08-13 00:51:08.000015616,2.563,21.249,34.79328436516264,"ARGO float 5905476 on cycle 1 reported data on 2020-08-13 at location 31.3°S, 112.8°E. The profile measured temperatures from 2.6°C to 21.2°C and salinities around 34.8 PSU."
5905476,2,-31.3816,113.2186,2020-08-23 01:02:34.999990759,2.394,18.646,34.70891624106231,"ARGO float 5905476 on cycle 2 reported data on 2020-08-23 at location 31.4°S, 113.2°E. The profile measured temperatures from 2.4°C to 18.6°C and salinities around 34.7 PSU."
5905477,1,-20.0031,101.9843,2020-08-16 23:28:19.000011388,2.64,23.501,34.819278251599144,"ARGO float 5905477 on cycle 1 reported data on 2020-08-16 at location 20.0°S, 102.0°E. The profile measured temperatures from 2.6°C to 23.5°C and salinities around 34.8 PSU."
5905477,2,-19.9714,102.1959,2020-08-26 23:44:32.000004349,2.56,23.014,34.810628571428566,"ARGO float 5905477 on cycle 2 reported data on 2020-08-26 at location 20.0°S, 102.2°E. The profile measured temperatures from 2.6°C to 23.0°C and salinities around 34.8 PSU."
5905478,1,-25.9749,81.2455,2020-08-25 09:00:23.999990523,2.46,19.684,34.80444031311154,"ARGO float 5905478 on cycle 1 reported data on 2020-08-25 at location 26.0°S, 81.2°E. The profile measured temperatures from 2.5°C to 19.7°C and salinities around 34.8 PSU."
5905770,68,-28.87636,109.4274,2020-08-09 21:29:51.002295167,2.461,18.539,35.18452582322357,"ARGO float 5905770 on cycle 68 reported data on 2020-08-09 at location 28.9°S, 109.4°E. The profile measured temperatures from 2.5°C to 18.5°C and salinities around 35.2 PSU."
5905770,69,-28.67298,109.29496,2020-08-19 19:33:02.002086259,2.41,19.237,35.151473646638905,"ARGO float 5905770 on cycle 69 reported data on 2020-08-19 at location 28.7°S, 109.3°E. The profile measured temperatures from 2.4°C to 19.2°C and salinities around 35.2 PSU."
5905770,70,-28.91566,109.92536,2020-08-29 17:33:40.001871764,2.378,19.822,35.20052352941176,"ARGO float 5905770 on cycle 70 reported data on 2020-08-29 at location 28.9°S, 109.9°E. The profile measured temperatures from 2.4°C to 19.8°C and salinities around 35.2 PSU."
5905771,67,-29.1385,91.45965,2020-08-04 08:45:38.000923767,2.425,18.188,35.10469054609513,"ARGO float 5905771 on cycle 67 reported data on 2020-08-04 at location 29.1°S, 91.5°E. The profile measured temperatures from 2.4°C to 18.2°C and salinities around 35.1 PSU."
5905771,68,-28.91918,91.3281,2020-08-14 06:46:21.000710441,2.409,17.839,35.14844394110985,"ARGO float 5905771 on cycle 68 reported data on 2020-08-14 at location 28.9°S, 91.3°E. The profile measured temperatures from 2.4°C to 17.8°C and salinities around 35.1 PSU."
5905771,69,-28.46778,91.60712,2020-08-24 04:49:21.000500221,2.383,18.494,35.17839897084048,"ARGO float 5905771 on cycle 69 reported data on 2020-08-24 at location 28.5°S, 91.6°E. The profile measured temperatures from 2.4°C to 18.5°C and salinities around 35.2 PSU."
5905772,72,-51.33733,109.37019,2020-08-04 21:52:46.002328668,1.523,3.313,34.2973617260788,"ARGO float 5905772 on cycle 72 reported data on 2020-08-04 at location 51.3°S, 109.4°E. The profile measured temperatures from 1.5°C to 3.3°C and salinities around 34.3 PSU."
5905772,73,-51.60009,109.551,2020-08-14 18:07:54.001941407,1.427,3.095,34.28617746478873,"ARGO float 5905772 on cycle 73 reported data on 2020-08-14 at location 51.6°S, 109.6°E. The profile measured temperatures from 1.4°C to 3.1°C and salinities around 34.3 PSU."
5905772,74,-51.8343,109.72991,2020-08-24 14:22:16.001533971,1.423,3.081,34.284005282555285,"ARGO float 5905772 on cycle 74 reported data on 2020-08-24 at location 51.8°S, 109.7°E. The profile measured temperatures from 1.4°C to 3.1°C and salinities around 34.3 PSU."
5905773,65,-35.92839,78.60674,2020-08-06 10:20:22.001102050,2.477,13.34,34.89965300613497,"ARGO float 5905773 on cycle 65 reported data on 2020-08-06 at location 35.9°S, 78.6°E. The profile measured temperatures from 2.5°C to 13.3°C and salinities around 34.9 PSU."
5905773,66,-36.42647,78.35267,2020-08-16 08:22:58.000889997,2.514,13.792,34.930922700119474,"ARGO float 5905773 on cycle 66 reported data on 2020-08-16 at location 36.4°S, 78.4°E. The profile measured temperatures from 2.5°C to 13.8°C and salinities around 34.9 PSU."
5905773,67,-36.81415,78.14012,2020-08-26 06:38:44.000698850,2.491,13.472,34.912470927318296,"ARGO float 5905773 on cycle 67 reported data on 2020-08-26 at location 36.8°S, 78.1°E. The profile measured temperatures from 2.5°C to 13.5°C and salinities around 34.9 PSU."
5905774,67,-35.02492,91.09805,2020-08-10 15:05:53.001616410,2.548,13.82,34.910747926267284,"ARGO float 5905774 on cycle 67 reported data on 2020-08-10 at location 35.0°S, 91.1°E. The profile measured temperatures from 2.5°C to 13.8°C and salinities around 34.9 PSU."
5905774,68,-35.29841,90.66388,2020-08-20 13:10:00.001409278,2.536,13.71,34.89354174869716,"ARGO float 5905774 on cycle 68 reported data on 2020-08-20 at location 35.3°S, 90.7°E. The profile measured temperatures from 2.5°C to 13.7°C and salinities around 34.9 PSU."
5905774,69,-35.57378,90.30302,2020-08-30 11:13:18.001198865,2.55,13.732,34.936869061413674,"ARGO float 5905774 on cycle 69 reported data on 2020-08-30 at location 35.6°S, 90.3°E. The profile measured temperatures from 2.5°C to 13.7°C and salinities around 34.9 PSU."
5905775,66,-38.53439,77.23156,2020-08-01 11:59:23.001265927,2.551,12.506,34.856364563106794,"ARGO float 5905775 on cycle 66 reported data on 2020-08-01 at location 38.5°S, 77.2°E. The profile measured temperatures from 2.6°C to 12.5°C and salinities around 34.9 PSU."
5905775,67,-38.11527,77.16029,2020-08-11 09:57:19.001048451,2.62,12.41,34.850350243309,"ARGO float 5905775 on cycle 67 reported data on 2020-08-11 at location 38.1°S, 77.2°E. The profile measured temperatures from 2.6°C to 12.4°C and salinities around 34.9 PSU."
5905775,68,-37.7304,77.07057,2020-08-21 08:13:32.000877134,2.596,12.453,34.87118485370052,"ARGO float 5905775 on cycle 68 reported data on 2020-08-21 at location 37.7°S, 77.1°E. The profile measured temperatures from 2.6°C to 12.5°C and salinities around 34.9 PSU."
5905775,69,-37.4744,77.17816,2020-08-31 06:23:54.000677192,2.561,12.258,34.82950813880126,"ARGO float 5905775 on cycle 69 reported data on 2020-08-31 at location 37.5°S, 77.2°E. The profile measured temperatures from 2.6°C to 12.3°C and salinities around 34.8 PSU."
5905776,65,-30.20489,82.99588,2020-08-07 19:51:34.002112354,2.538,17.744,35.11396433649289,"ARGO float 5905776 on cycle 65 reported data on 2020-08-07 at location 30.2°S, 83.0°E. The profile measured temperatures from 2.5°C to 17.7°C and salinities around 35.1 PSU."
5905776,66,-30.02337,83.07478,2020-08-17 17:56:24.001905215,2.518,17.355,35.126197987421385,"ARGO float 5905776 on cycle 66 reported data on 2020-08-17 at location 30.0°S, 83.1°E. The profile measured temperatures from 2.5°C to 17.4°C and salinities around 35.1 PSU."
5905776,67,-29.66036,83.23779,2020-08-27 16:05:07.001723938,2.473,17.551,35.08633482866043,"ARGO float 5905776 on cycle 67 reported data on 2020-08-27 at location 29.7°S, 83.2°E. The profile measured temperatures from 2.5°C to 17.6°C and salinities around 35.1 PSU."
5905777,65,-30.91161,81.68937,2020-08-07 10:12:14.001090451,2.577,16.854,35.08116173808087,"ARGO float 5905777 on cycle 65 reported data on 2020-08-07 at location 30.9°S, 81.7°E. The profile measured temperatures from 2.6°C to 16.9°C and salinities around 35.1 PSU."
5905777,66,-29.98939,80.57539,2020-08-17 08:12:51.000875720,2.42,18.101,35.12108971848225,"ARGO float 5905777 on cycle 66 reported data on 2020-08-17 at location 30.0°S, 80.6°E. The profile measured temperatures from 2.4°C to 18.1°C and salinities around 35.1 PSU."
5905777,67,-29.84942,81.41555,2020-08-27 06:08:04.000655348,2.416,17.86,35.12319592326139,"ARGO float 5905777 on cycle 67 reported data on 2020-08-27 at location 29.8°S, 81.4°E. The profile measured temperatures from 2.4°C to 17.9°C and salinities around 35.1 PSU."
5905778,59,-33.29109,92.5719,2020-08-06 22:27:09.002399472,2.511,14.536,34.93075577516986,"ARGO float 5905778 on cycle 59 reported data on 2020-08-06 at location 33.3°S, 92.6°E. The profile measured temperatures from 2.5°C to 14.5°C and salinities around 34.9 PSU."
5905778,60,-33.11164,92.74298,2020-08-16 20:31:45.002190642,2.509,14.2,34.93546228462029,"ARGO float 5905778 on cycle 60 reported data on 2020-08-16 at location 33.1°S, 92.7°E. The profile measured temperatures from 2.5°C to 14.2°C and salinities around 34.9 PSU."
5905778,61,-33.06756,93.05433,2020-08-26 18:31:34.001976002,2.509,14.449,34.927437476808905,"ARGO float 5905778 on cycle 61 reported data on 2020-08-26 at location 33.1°S, 93.1°E. The profile measured temperatures from 2.5°C to 14.4°C and salinities around 34.9 PSU."
5905779,59,-39.78819,87.12954,2020-08-06 21:56:26.002334207,2.582,11.862,34.78009395571514,"ARGO float 5905779 on cycle 59 reported data on 2020-08-06 at location 39.8°S, 87.1°E. The profile measured temperatures from 2.6°C to 11.9°C and salinities around 34.8 PSU."
5905779,60,-39.58914,87.49358,2020-08-16 19:56:20.002119803,2.565,11.702,34.76721772920462,"ARGO float 5905779 on cycle 60 reported data on 2020-08-16 at location 39.6°S, 87.5°E. The profile measured temperatures from 2.6°C to 11.7°C and salinities around 34.8 PSU."
5905779,61,-39.48723,87.81048,2020-08-26 17:45:07.001889347,2.544,11.803,34.765865121951215,"ARGO float 5905779 on cycle 61 reported data on 2020-08-26 at location 39.5°S, 87.8°E. The profile measured temperatures from 2.5°C to 11.8°C and salinities around 34.8 PSU."
5905848,62,-37.772,105.86,2020-08-09 19:40:27.000000091,0.9684,12.2424,34.62629725448786,"ARGO float 5905848 on cycle 62 reported data on 2020-08-09 at location 37.8°S, 105.9°E. The profile measured temperatures from 1.0°C to 12.2°C and salinities around 34.6 PSU."
5905848,63,-37.69,105.969,2020-08-19 18:19:30.000000046,0.9728,11.5995,34.63246812248996,"ARGO float 5905848 on cycle 63 reported data on 2020-08-19 at location 37.7°S, 106.0°E. The profile measured temperatures from 1.0°C to 11.6°C and salinities around 34.6 PSU."
5905848,64,-37.537,106.198,2020-08-29 17:27:44.000000061,0.9596,11.6758,34.63137407221665,"ARGO float 5905848 on cycle 64 reported data on 2020-08-29 at location 37.5°S, 106.2°E. The profile measured temperatures from 1.0°C to 11.7°C and salinities around 34.6 PSU."
5905849,81,-63.58,134.899,2020-08-03 14:59:47.000000100,-1.8171,1.9977,34.672204563691075,"ARGO float 5905849 on cycle 81 reported data on 2020-08-03 at location 63.6°S, 134.9°E. The profile measured temperatures from -1.8°C to 2.0°C and salinities around 34.7 PSU."
5905849,82,-63.423,138.061,2020-08-13 04:25:58.000000010,-1.8051,2.0521,34.6800140562249,"ARGO float 5905849 on cycle 82 reported data on 2020-08-13 at location 63.4°S, 138.1°E. The profile measured temperatures from -1.8°C to 2.1°C and salinities around 34.7 PSU."
5905849,83,-63.536,140.459,2020-08-22 19:56:24.999999930,-1.7593,2.1035,34.685281426372505,"ARGO float 5905849 on cycle 83 reported data on 2020-08-22 at location 63.5°S, 140.5°E. The profile measured temperatures from -1.8°C to 2.1°C and salinities around 34.7 PSU."
5905875,58,-39.955,104.519,2020-08-08 03:13:58.000000071,0.9682,10.8883,34.61020646940822,"ARGO float 5905875 on cycle 58 reported data on 2020-08-08 at location 40.0°S, 104.5°E. The profile measured temperatures from 1.0°C to 10.9°C and salinities around 34.6 PSU."
5905875,59,-39.896,104.391,2020-08-17 14:15:04.999999907,0.9641,10.5813,34.599331913827655,"ARGO float 5905875 on cycle 59 reported data on 2020-08-17 at location 39.9°S, 104.4°E. The profile measured temperatures from 1.0°C to 10.6°C and salinities around 34.6 PSU."
5905875,60,-39.825,104.191,2020-08-27 00:53:03.999999986,0.9534,11.9118,34.6297376753507,"ARGO float 5905875 on cycle 60 reported data on 2020-08-27 at location 39.8°S, 104.2°E. The profile measured temperatures from 1.0°C to 11.9°C and salinities around 34.6 PSU."
5905876,53,-9.825,111.134,2020-08-04 14:57:08.999999945,1.6999,26.374,34.66905756501182,"ARGO float 5905876 on cycle 53 reported data on 2020-08-04 at location 9.8°S, 111.1°E. The profile measured temperatures from 1.7°C to 26.4°C and salinities around 34.7 PSU."
5905876,54,-10.438,111.325,2020-08-13 17:57:35.000000055,1.6855,26.2154,34.67072464346834,"ARGO float 5905876 on cycle 54 reported data on 2020-08-13 at location 10.4°S, 111.3°E. The profile measured temperatures from 1.7°C to 26.2°C and salinities around 34.7 PSU."
5905876,55,-10.896,111.892,2020-08-22 21:06:58.999999875,1.6469,26.8245,34.65634286529681,"ARGO float 5905876 on cycle 55 reported data on 2020-08-22 at location 10.9°S, 111.9°E. The profile measured temperatures from 1.6°C to 26.8°C and salinities around 34.7 PSU."
5905876,56,-10.057,112.263,2020-08-31 23:43:02.999999890,1.7993,26.7554,34.65576532782044,"ARGO float 5905876 on cycle 56 reported data on 2020-08-31 at location 10.1°S, 112.3°E. The profile measured temperatures from 1.8°C to 26.8°C and salinities around 34.7 PSU."
5905877,25,-53.102,114.472,2020-08-01 21:17:37.000000026,1.084,2.3661,34.59394542743539,"ARGO float 5905877 on cycle 25 reported data on 2020-08-01 at location 53.1°S, 114.5°E. The profile measured temperatures from 1.1°C to 2.4°C and salinities around 34.6 PSU."
5905877,26,-53.229,114.298,2020-08-11 20:14:36.999999965,1.191,2.3529,34.58955980099502,"ARGO float 5905877 on cycle 26 reported data on 2020-08-11 at location 53.2°S, 114.3°E. The profile measured temperatures from 1.2°C to 2.4°C and salinities around 34.6 PSU."
5905877,27,-53.327,113.935,2020-08-21 19:03:39.000000061,1.2096,2.366,34.590106972111556,"ARGO float 5905877 on cycle 27 reported data on 2020-08-21 at location 53.3°S, 113.9°E. The profile measured temperatures from 1.2°C to 2.4°C and salinities around 34.6 PSU."
5905877,28,-53.225,113.642,2020-08-31 18:36:20.000000088,1.1843,2.3563,34.588897517378356,"ARGO float 5905877 on cycle 28 reported data on 2020-08-31 at location 53.2°S, 113.6°E. The profile measured temperatures from 1.2°C to 2.4°C and salinities around 34.6 PSU."
5905878,25,-57.743,117.678,2020-08-02 22:26:57.999999886,1.3071,2.4361,34.58016676616916,"ARGO float 5905878 on cycle 25 reported data on 2020-08-02 at location 57.7°S, 117.7°E. The profile measured temperatures from 1.3°C to 2.4°C and salinities around 34.6 PSU."
5905878,27,-58.359,118.325,2020-08-22 21:14:02.000000063,1.0228,2.4203,34.58646368159204,"ARGO float 5905878 on cycle 27 reported data on 2020-08-22 at location 58.4°S, 118.3°E. The profile measured temperatures from 1.0°C to 2.4°C and salinities around 34.6 PSU."
5905879,19,-58.517,99.318,2020-08-07 17:11:29.999999944,-0.6351,1.9488,34.63520744786494,"ARGO float 5905879 on cycle 19 reported data on 2020-08-07 at location 58.5°S, 99.3°E. The profile measured temperatures from -0.6°C to 1.9°C and salinities around 34.6 PSU."
5905879,20,-58.682,99.792,2020-08-17 16:15:26.999999919,-0.5061,1.9977,34.6426728897716,"ARGO float 5905879 on cycle 20 reported data on 2020-08-17 at location 58.7°S, 99.8°E. The profile measured temperatures from -0.5°C to 2.0°C and salinities around 34.6 PSU."
5905881,38,-61.358,98.242,2020-08-09 11:34:47.999999853,-1.7963,1.835,34.66723226613307,"ARGO float 5905881 on cycle 38 reported data on 2020-08-09 at location 61.4°S, 98.2°E. The profile measured temperatures from -1.8°C to 1.8°C and salinities around 34.7 PSU."
5905881,39,-61.622,98.318,2020-08-18 09:53:32.999999853,-1.7463,1.8374,34.66584367816092,"ARGO float 5905881 on cycle 39 reported data on 2020-08-18 at location 61.6°S, 98.3°E. The profile measured temperatures from -1.7°C to 1.8°C and salinities around 34.7 PSU."
5905881,40,-61.913,99.218,2020-08-27 08:08:21.000000082,-1.693,1.8222,34.665311038961036,"ARGO float 5905881 on cycle 40 reported data on 2020-08-27 at location 61.9°S, 99.2°E. The profile measured temperatures from -1.7°C to 1.8°C and salinities around 34.7 PSU."
5905882,20,-57.66,136.843,2020-08-07 07:06:58.000000066,1.0541,2.4904,34.55876279761905,"ARGO float 5905882 on cycle 20 reported data on 2020-08-07 at location 57.7°S, 136.8°E. The profile measured temperatures from 1.1°C to 2.5°C and salinities around 34.6 PSU."
5905882,21,-57.65,136.621,2020-08-17 06:01:01.000000110,1.2417,2.4814,34.56429742063492,"ARGO float 5905882 on cycle 21 reported data on 2020-08-17 at location 57.6°S, 136.6°E. The profile measured temperatures from 1.2°C to 2.5°C and salinities around 34.6 PSU."
5905882,22,-57.587,136.548,2020-08-27 04:59:35.000000027,1.0329,2.4736,34.55339294234593,"ARGO float 5905882 on cycle 22 reported data on 2020-08-27 at location 57.6°S, 136.5°E. The profile measured temperatures from 1.0°C to 2.5°C and salinities around 34.6 PSU."
5905996,60,-49.687,36.268,2020-08-05 00:16:16.000023216,1.682,2.915,34.33846768707483,"ARGO float 5905996 on cycle 60 reported data on 2020-08-05 at location 49.7°S, 36.3°E. The profile measured temperatures from 1.7°C to 2.9°C and salinities around 34.3 PSU."
5905996,61,-49.198,37.722,2020-08-15 00:34:01.000049318,1.8353,3.053,34.29324361158432,"ARGO float 5905996 on cycle 61 reported data on 2020-08-15 at location 49.2°S, 37.7°E. The profile measured temperatures from 1.8°C to 3.1°C and salinities around 34.3 PSU."
5905996,62,-49.743,40.01,2020-08-25 01:57:27.000190123,1.7781,2.938,34.37964115646258,"ARGO float 5905996 on cycle 62 reported data on 2020-08-25 at location 49.7°S, 40.0°E. The profile measured temperatures from 1.8°C to 2.9°C and salinities around 34.4 PSU."
5906002,60,-55.04,100.036,2020-08-05 14:27:08.001541252,1.3189,2.523,34.44647692307692,"ARGO float 5906002 on cycle 60 reported data on 2020-08-05 at location 55.0°S, 100.0°E. The profile measured temperatures from 1.3°C to 2.5°C and salinities around 34.4 PSU."
5906002,61,-54.766,101.052,2020-08-15 15:19:04.001636922,1.1785,2.384,34.474376325088336,"ARGO float 5906002 on cycle 61 reported data on 2020-08-15 at location 54.8°S, 101.1°E. The profile measured temperatures from 1.2°C to 2.4°C and salinities around 34.5 PSU."
5906002,62,-53.894,100.989,2020-08-25 16:08:56.001728123,1.214,2.466,34.41791079646018,"ARGO float 5906002 on cycle 62 reported data on 2020-08-25 at location 53.9°S, 101.0°E. The profile measured temperatures from 1.2°C to 2.5°C and salinities around 34.4 PSU."
5906007,50,-58.451,48.029,2020-08-05 17:00:38.001823986,-0.871,1.938,34.54046203866432,"ARGO float 5906007 on cycle 50 reported data on 2020-08-05 at location 58.5°S, 48.0°E. The profile measured temperatures from -0.9°C to 1.9°C and salinities around 34.5 PSU."
5906007,51,-58.902,48.693,2020-08-15 18:08:52.001942712,-0.3196,1.974,34.508027175843694,"ARGO float 5906007 on cycle 51 reported data on 2020-08-15 at location 58.9°S, 48.7°E. The profile measured temperatures from -0.3°C to 2.0°C and salinities around 34.5 PSU."
5906007,52,-58.867,49.632,2020-08-25 21:21:02.002283406,-1.168,1.936,34.521593805309735,"ARGO float 5906007 on cycle 52 reported data on 2020-08-25 at location 58.9°S, 49.6°E. The profile measured temperatures from -1.2°C to 1.9°C and salinities around 34.5 PSU."
5906030,53,-56.507,57.783,2020-08-01 02:40:22.000272804,1.1,2.27,34.416217793594306,"ARGO float 5906030 on cycle 53 reported data on 2020-08-01 at location 56.5°S, 57.8°E. The profile measured temperatures from 1.1°C to 2.3°C and salinities around 34.4 PSU."
5906030,54,-56.95,58.182,2020-08-11 10:15:50.001094416,0.806,2.269,34.43601535714286,"ARGO float 5906030 on cycle 54 reported data on 2020-08-11 at location 57.0°S, 58.2°E. The profile measured temperatures from 0.8°C to 2.3°C and salinities around 34.4 PSU."
5906030,55,-57.205,60.037,2020-08-21 19:09:14.002051680,0.6075,2.22,34.45661205673759,"ARGO float 5906030 on cycle 55 reported data on 2020-08-21 at location 57.2°S, 60.0°E. The profile measured temperatures from 0.6°C to 2.2°C and salinities around 34.5 PSU."
5906031,47,-51.162,41.033,2020-08-01 21:23:00.002286470,1.245,2.152,34.40632390158172,"ARGO float 5906031 on cycle 47 reported data on 2020-08-01 at location 51.2°S, 41.0°E. The profile measured temperatures from 1.2°C to 2.2°C and salinities around 34.4 PSU."
5906031,48,-51.24,40.725,2020-08-11 23:04:42.002473206,1.287,2.191,34.447780994671405,"ARGO float 5906031 on cycle 48 reported data on 2020-08-11 at location 51.2°S, 40.7°E. The profile measured temperatures from 1.3°C to 2.2°C and salinities around 34.4 PSU."
5906031,49,-51.198,40.737,2020-08-22 00:16:52.000023141,1.096,2.187,34.42499590747331,"ARGO float 5906031 on cycle 49 reported data on 2020-08-22 at location 51.2°S, 40.7°E. The profile measured temperatures from 1.1°C to 2.2°C and salinities around 34.4 PSU."
5906032,46,-43.382,47.584,2020-08-02 19:31:03.002083590,1.9732,4.624,34.2418380952381,"ARGO float 5906032 on cycle 46 reported data on 2020-08-02 at location 43.4°S, 47.6°E. The profile measured temperatures from 2.0°C to 4.6°C and salinities around 34.2 PSU."
5906032,47,-43.543,47.717,2020-08-12 20:58:17.002229917,1.893,4.525,34.25795512367491,"ARGO float 5906032 on cycle 47 reported data on 2020-08-12 at location 43.5°S, 47.7°E. The profile measured temperatures from 1.9°C to 4.5°C and salinities around 34.3 PSU."
5906032,48,-43.677,48.472,2020-08-22 22:07:36.002370440,2.0097,4.4633,34.24650088652482,"ARGO float 5906032 on cycle 48 reported data on 2020-08-22 at location 43.7°S, 48.5°E. The profile measured temperatures from 2.0°C to 4.5°C and salinities around 34.2 PSU."
5906035,46,-37.075,32.424,2020-08-02 04:22:48.000461021,2.7114,15.6067,34.77314285714286,"ARGO float 5906035 on cycle 46 reported data on 2020-08-02 at location 37.1°S, 32.4°E. The profile measured temperatures from 2.7°C to 15.6°C and salinities around 34.8 PSU."
5906035,47,-37.657,32.341,2020-08-12 04:12:22.000446702,2.6912,15.5114,34.78544406779661,"ARGO float 5906035 on cycle 47 reported data on 2020-08-12 at location 37.7°S, 32.3°E. The profile measured temperatures from 2.7°C to 15.5°C and salinities around 34.8 PSU."
5906035,48,-37.696,31.543,2020-08-22 05:01:26.000537684,2.6738,14.969,34.768911564625846,"ARGO float 5906035 on cycle 48 reported data on 2020-08-22 at location 37.7°S, 31.5°E. The profile measured temperatures from 2.7°C to 15.0°C and salinities around 34.8 PSU."
5906036,48,-40.913,74.055,2020-08-10 15:12:31.001626779,11.8478,11.9146,35.014520000000005,"ARGO float 5906036 on cycle 48 reported data on 2020-08-10 at location 40.9°S, 74.1°E. The profile measured temperatures from 11.8°C to 11.9°C and salinities around 35.0 PSU."
5906036,49,-40.667,73.857,2020-08-20 07:07:36.000761119,11.772,12.004,35.02726877470356,"ARGO float 5906036 on cycle 49 reported data on 2020-08-20 at location 40.7°S, 73.9°E. The profile measured temperatures from 11.8°C to 12.0°C and salinities around 35.0 PSU."
5906036,50,-40.952,74.198,2020-08-29 23:30:35.002511228,12.2,12.307,35.110119521912345,"ARGO float 5906036 on cycle 50 reported data on 2020-08-29 at location 41.0°S, 74.2°E. The profile measured temperatures from 12.2°C to 12.3°C and salinities around 35.1 PSU."
5906140,0,-30.01352,109.49402,2020-08-13 01:44:49.000171041,19.254,19.939,35.75267857142857,"ARGO float 5906140 on cycle 0 reported data on 2020-08-13 at location 30.0°S, 109.5°E. The profile measured temperatures from 19.3°C to 19.9°C and salinities around 35.8 PSU."
5906140,1,-30.08732,109.46824,2020-08-13 12:22:44.001319333,4.459,19.832,35.0096102003643,"ARGO float 5906140 on cycle 1 reported data on 2020-08-13 at location 30.1°S, 109.5°E. The profile measured temperatures from 4.5°C to 19.8°C and salinities around 35.0 PSU."
5906140,2,-30.23138,109.47821,2020-08-14 12:04:10.001293095,3.446,19.507,34.89990136986302,"ARGO float 5906140 on cycle 2 reported data on 2020-08-14 at location 30.2°S, 109.5°E. The profile measured temperatures from 3.4°C to 19.5°C and salinities around 34.9 PSU."
5906140,3,-30.33554,109.51894,2020-08-15 11:45:53.001245364,3.463,20.16,34.94538928104575,"ARGO float 5906140 on cycle 3 reported data on 2020-08-15 at location 30.3°S, 109.5°E. The profile measured temperatures from 3.5°C to 20.2°C and salinities around 34.9 PSU."
5906140,4,-30.44452,109.59105,2020-08-16 12:11:56.001303332,3.522,20.926,34.905065521796566,"ARGO float 5906140 on cycle 4 reported data on 2020-08-16 at location 30.4°S, 109.6°E. The profile measured temperatures from 3.5°C to 20.9°C and salinities around 34.9 PSU."
5906140,5,-30.32004,110.56723,2020-08-26 11:24:25.001214909,3.486,20.175,34.938785842985844,"ARGO float 5906140 on cycle 5 reported data on 2020-08-26 at location 30.3°S, 110.6°E. The profile measured temperatures from 3.5°C to 20.2°C and salinities around 34.9 PSU."
5906141,0,-24.50406,105.0058,2020-08-14 20:35:07.002196684,21.245,21.68,35.545205882352946,"ARGO float 5906141 on cycle 0 reported data on 2020-08-14 at location 24.5°S, 105.0°E. The profile measured temperatures from 21.2°C to 21.7°C and salinities around 35.5 PSU."
5906141,3,-24.60643,105.07335,2020-08-17 06:54:55.000722150,3.307,21.996,34.90359272727273,"ARGO float 5906141 on cycle 3 reported data on 2020-08-17 at location 24.6°S, 105.1°E. The profile measured temperatures from 3.3°C to 22.0°C and salinities around 34.9 PSU."
5906141,4,-24.65057,105.09151,2020-08-18 06:55:57.000723447,3.205,21.941,34.899968915662654,"ARGO float 5906141 on cycle 4 reported data on 2020-08-18 at location 24.7°S, 105.1°E. The profile measured temperatures from 3.2°C to 21.9°C and salinities around 34.9 PSU."
5906141,5,-25.14199,105.61891,2020-08-28 05:14:41.000556624,2.482,21.92,34.84711862197393,"ARGO float 5906141 on cycle 5 reported data on 2020-08-28 at location 25.1°S, 105.6°E. The profile measured temperatures from 2.5°C to 21.9°C and salinities around 34.8 PSU."
5906142,2,-21.52189,103.01686,2020-08-17 04:02:56.000431947,3.561,23.318,34.8885375147929,"ARGO float 5906142 on cycle 2 reported data on 2020-08-17 at location 21.5°S, 103.0°E. The profile measured temperatures from 3.6°C to 23.3°C and salinities around 34.9 PSU."
5906142,3,-21.52853,103.02675,2020-08-18 04:07:28.000439270,3.507,23.345,34.8819614921781,"ARGO float 5906142 on cycle 3 reported data on 2020-08-18 at location 21.5°S, 103.0°E. The profile measured temperatures from 3.5°C to 23.3°C and salinities around 34.9 PSU."
5906142,4,-21.54571,103.02583,2020-08-19 04:18:07.000455372,3.584,23.305,34.88833468414779,"ARGO float 5906142 on cycle 4 reported data on 2020-08-19 at location 21.5°S, 103.0°E. The profile measured temperatures from 3.6°C to 23.3°C and salinities around 34.9 PSU."
5906142,5,-21.62427,102.91119,2020-08-29 02:39:20.000271196,2.505,22.697,34.858747408105565,"ARGO float 5906142 on cycle 5 reported data on 2020-08-29 at location 21.6°S, 102.9°E. The profile measured temperatures from 2.5°C to 22.7°C and salinities around 34.9 PSU."
5906204,22,-27.399,55.887,2020-08-04 13:19:44.001422267,2.9152,20.7953,35.084493060498225,"ARGO float 5906204 on cycle 22 reported data on 2020-08-04 at location 27.4°S, 55.9°E. The profile measured temperatures from 2.9°C to 20.8°C and salinities around 35.1 PSU."
5906204,23,-27.228,55.634,2020-08-14 19:38:47.002093676,2.9287,19.676,35.060267793594306,"ARGO float 5906204 on cycle 23 reported data on 2020-08-14 at location 27.2°S, 55.6°E. The profile measured temperatures from 2.9°C to 19.7°C and salinities around 35.1 PSU."
5906204,24,-27.198,55.413,2020-08-25 01:56:08.000188632,2.8532,20.593,35.06930462633452,"ARGO float 5906204 on cycle 24 reported data on 2020-08-25 at location 27.2°S, 55.4°E. The profile measured temperatures from 2.9°C to 20.6°C and salinities around 35.1 PSU."
5906205,22,-34.4,59.749,2020-08-09 02:58:30.000298941,2.6884,15.053,35.04530478723404,"ARGO float 5906205 on cycle 22 reported data on 2020-08-09 at location 34.4°S, 59.7°E. The profile measured temperatures from 2.7°C to 15.1°C and salinities around 35.0 PSU."
5906205,23,-34.742,59.607,2020-08-19 10:04:48.001078600,2.6974,15.169,35.05116619469026,"ARGO float 5906205 on cycle 23 reported data on 2020-08-19 at location 34.7°S, 59.6°E. The profile measured temperatures from 2.7°C to 15.2°C and salinities around 35.1 PSU."
5906205,24,-34.974,59.546,2020-08-29 17:12:24.001841292,2.7343,15.2551,35.07983327433629,"ARGO float 5906205 on cycle 24 reported data on 2020-08-29 at location 35.0°S, 59.5°E. The profile measured temperatures from 2.7°C to 15.3°C and salinities around 35.1 PSU."
5906206,21,-48.519,61.017,2020-08-04 21:57:11.002335923,2.2187,3.774,34.224745907473306,"ARGO float 5906206 on cycle 21 reported data on 2020-08-04 at location 48.5°S, 61.0°E. The profile measured temperatures from 2.2°C to 3.8°C and salinities around 34.2 PSU."
5906206,22,-48.374,61.464,2020-08-15 04:10:22.000443798,2.2236,3.2594,34.2443073083779,"ARGO float 5906206 on cycle 22 reported data on 2020-08-15 at location 48.4°S, 61.5°E. The profile measured temperatures from 2.2°C to 3.3°C and salinities around 34.2 PSU."
5906206,23,-47.7,62.443,2020-08-25 10:25:37.001109054,2.2554,3.071,34.21574519572954,"ARGO float 5906206 on cycle 23 reported data on 2020-08-25 at location 47.7°S, 62.4°E. The profile measured temperatures from 2.3°C to 3.1°C and salinities around 34.2 PSU."
5906207,21,-53.293,62.207,2020-08-09 00:57:11.000082870,1.505,2.373,34.344664234875445,"ARGO float 5906207 on cycle 21 reported data on 2020-08-09 at location 53.3°S, 62.2°E. The profile measured temperatures from 1.5°C to 2.4°C and salinities around 34.3 PSU."
5906207,22,-53.552,62.554,2020-08-19 07:19:43.000778619,1.2964,2.382,34.352597330960855,"ARGO float 5906207 on cycle 22 reported data on 2020-08-19 at location 53.6°S, 62.6°E. The profile measured temperatures from 1.3°C to 2.4°C and salinities around 34.4 PSU."
5906207,23,-53.878,62.833,2020-08-29 13:56:32.001476046,1.244,2.3734,34.35083392857143,"ARGO float 5906207 on cycle 23 reported data on 2020-08-29 at location 53.9°S, 62.8°E. The profile measured temperatures from 1.2°C to 2.4°C and salinities around 34.4 PSU."
5906208,22,-35.33,56.77,2020-08-10 21:13:09.002271849,2.9449,14.2752,35.07356507092198,"ARGO float 5906208 on cycle 22 reported data on 2020-08-10 at location 35.3°S, 56.8°E. The profile measured temperatures from 2.9°C to 14.3°C and salinities around 35.1 PSU."
5906208,23,-35.376,56.314,2020-08-21 03:06:02.000330418,3.0728,14.894,35.10088792184725,"ARGO float 5906208 on cycle 23 reported data on 2020-08-21 at location 35.4°S, 56.3°E. The profile measured temperatures from 3.1°C to 14.9°C and salinities around 35.1 PSU."
5906208,24,-35.129,55.828,2020-08-31 08:50:12.000930930,3.0308,14.718,35.08212918149466,"ARGO float 5906208 on cycle 24 reported data on 2020-08-31 at location 35.1°S, 55.8°E. The profile measured temperatures from 3.0°C to 14.7°C and salinities around 35.1 PSU."
5906209,21,-44.368,74.745,2020-08-03 01:13:42.000125931,2.7969,10.986,34.47410803571428,"ARGO float 5906209 on cycle 21 reported data on 2020-08-03 at location 44.4°S, 74.7°E. The profile measured temperatures from 2.8°C to 11.0°C and salinities around 34.5 PSU."
5906209,22,-45.18,75.239,2020-08-13 06:57:34.000726317,2.8292,9.054,34.27525259391771,"ARGO float 5906209 on cycle 22 reported data on 2020-08-13 at location 45.2°S, 75.2°E. The profile measured temperatures from 2.8°C to 9.1°C and salinities around 34.3 PSU."
5906209,23,-45.415,75.907,2020-08-23 12:39:18.001343928,2.7943,9.611,34.39254017857142,"ARGO float 5906209 on cycle 23 reported data on 2020-08-23 at location 45.4°S, 75.9°E. The profile measured temperatures from 2.8°C to 9.6°C and salinities around 34.4 PSU."
5906211,20,-60.615,54.746,2020-08-01 12:14:18.001307607,-1.102,1.971,34.53190564373897,"ARGO float 5906211 on cycle 20 reported data on 2020-08-01 at location 60.6°S, 54.7°E. The profile measured temperatures from -1.1°C to 2.0°C and salinities around 34.5 PSU."
5906211,21,-60.56,54.941,2020-08-11 19:43:38.002101032,-1.752,1.965,34.52599613356766,"ARGO float 5906211 on cycle 21 reported data on 2020-08-11 at location 60.6°S, 54.9°E. The profile measured temperatures from -1.8°C to 2.0°C and salinities around 34.5 PSU."
5906218,15,-38.101,116.111,2020-08-06 18:17:46.001955952,2.9025,14.4772,34.82382557726466,"ARGO float 5906218 on cycle 15 reported data on 2020-08-06 at location 38.1°S, 116.1°E. The profile measured temperatures from 2.9°C to 14.5°C and salinities around 34.8 PSU."
5906218,16,-38.251,116.742,2020-08-17 00:46:59.000066794,2.9492,14.5267,34.82103499111901,"ARGO float 5906218 on cycle 16 reported data on 2020-08-17 at location 38.3°S, 116.7°E. The profile measured temperatures from 2.9°C to 14.5°C and salinities around 34.8 PSU."
5906218,17,-37.558,117.23,2020-08-27 06:49:36.000714852,2.8587,14.085,34.752054367201424,"ARGO float 5906218 on cycle 17 reported data on 2020-08-27 at location 37.6°S, 117.2°E. The profile measured temperatures from 2.9°C to 14.1°C and salinities around 34.8 PSU."
5906219,18,-38.557,90.111,2020-08-10 19:43:44.002100864,2.8376,12.6807,34.81049039145907,"ARGO float 5906219 on cycle 18 reported data on 2020-08-10 at location 38.6°S, 90.1°E. The profile measured temperatures from 2.8°C to 12.7°C and salinities around 34.8 PSU."
5906219,19,-38.601,89.606,2020-08-21 01:48:04.000177016,2.7931,11.823,34.764180106571935,"ARGO float 5906219 on cycle 19 reported data on 2020-08-21 at location 38.6°S, 89.6°E. The profile measured temperatures from 2.8°C to 11.8°C and salinities around 34.8 PSU."
5906219,20,-38.503,88.971,2020-08-31 07:50:10.000823484,2.8156,11.7269,34.76620355239787,"ARGO float 5906219 on cycle 20 reported data on 2020-08-31 at location 38.5°S, 89.0°E. The profile measured temperatures from 2.8°C to 11.7°C and salinities around 34.8 PSU."
5906220,20,-47.297,80.794,2020-08-04 11:58:32.001264370,2.0829,4.888,34.18301637323944,"ARGO float 5906220 on cycle 20 reported data on 2020-08-04 at location 47.3°S, 80.8°E. The profile measured temperatures from 2.1°C to 4.9°C and salinities around 34.2 PSU."
5906220,21,-48.164,81.953,2020-08-14 18:59:17.002016793,2.0809,4.5701,34.17789278169014,"ARGO float 5906220 on cycle 21 reported data on 2020-08-14 at location 48.2°S, 82.0°E. The profile measured temperatures from 2.1°C to 4.6°C and salinities around 34.2 PSU."
5906220,22,-48.641,81.829,2020-08-25 02:27:11.000253864,2.0643,4.4522,34.18432693661972,"ARGO float 5906220 on cycle 22 reported data on 2020-08-25 at location 48.6°S, 81.8°E. The profile measured temperatures from 2.1°C to 4.5°C and salinities around 34.2 PSU."
5906221,18,-53.985,94.603,2020-08-09 15:09:31.001622419,1.3949,2.4813,34.36868175438597,"ARGO float 5906221 on cycle 18 reported data on 2020-08-09 at location 54.0°S, 94.6°E. The profile measured temperatures from 1.4°C to 2.5°C and salinities around 34.4 PSU."
5906221,19,-54.571,94.926,2020-08-20 02:29:46.000256778,1.4102,2.474,34.37499754385965,"ARGO float 5906221 on cycle 19 reported data on 2020-08-20 at location 54.6°S, 94.9°E. The profile measured temperatures from 1.4°C to 2.5°C and salinities around 34.4 PSU."
5906221,20,-55.204,94.421,2020-08-30 11:13:40.001198983,1.4919,2.536,34.32704165202109,"ARGO float 5906221 on cycle 20 reported data on 2020-08-30 at location 55.2°S, 94.4°E. The profile measured temperatures from 1.5°C to 2.5°C and salinities around 34.3 PSU."
5906222,21,-39.137,102.716,2020-08-04 23:26:58.002505134,2.89,12.816,34.793105319148935,"ARGO float 5906222 on cycle 21 reported data on 2020-08-04 at location 39.1°S, 102.7°E. The profile measured temperatures from 2.9°C to 12.8°C and salinities around 34.8 PSU."
5906222,22,-39.251,102.337,2020-08-15 05:44:44.000600277,2.9132,11.4018,34.707675709219856,"ARGO float 5906222 on cycle 22 reported data on 2020-08-15 at location 39.3°S, 102.3°E. The profile measured temperatures from 2.9°C to 11.4°C and salinities around 34.7 PSU."
5906222,23,-39.535,101.697,2020-08-25 11:50:04.001252804,2.9239,11.369,34.704744680851064,"ARGO float 5906222 on cycle 23 reported data on 2020-08-25 at location 39.5°S, 101.7°E. The profile measured temperatures from 2.9°C to 11.4°C and salinities around 34.7 PSU."
5906223,15,-42.271,132.182,2020-08-08 17:21:12.001854389,2.78,11.024,34.89465462633452,"ARGO float 5906223 on cycle 15 reported data on 2020-08-08 at location 42.3°S, 132.2°E. The profile measured temperatures from 2.8°C to 11.0°C and salinities around 34.9 PSU."
5906223,16,-42.293,132.163,2020-08-18 23:19:49.002495058,2.7635,11.065,34.9001206405694,"ARGO float 5906223 on cycle 16 reported data on 2020-08-18 at location 42.3°S, 132.2°E. The profile measured temperatures from 2.8°C to 11.1°C and salinities around 34.9 PSU."
5906223,17,-42.288,132.156,2020-08-29 05:28:02.000576959,2.7616,10.8441,28.471738790035587,"ARGO float 5906223 on cycle 17 reported data on 2020-08-29 at location 42.3°S, 132.2°E. The profile measured temperatures from 2.8°C to 10.8°C and salinities around 28.5 PSU."
5906232,37,-42.474,28.911,2020-08-01 23:48:58.002537096,2.7242,14.085,34.71491039215686,"ARGO float 5906232 on cycle 37 reported data on 2020-08-01 at location 42.5°S, 28.9°E. The profile measured temperatures from 2.7°C to 14.1°C and salinities around 34.7 PSU."
5906232,38,-42.385,29.706,2020-08-11 23:42:38.002528736,2.7058,13.706,34.75015019607843,"ARGO float 5906232 on cycle 38 reported data on 2020-08-11 at location 42.4°S, 29.7°E. The profile measured temperatures from 2.7°C to 13.7°C and salinities around 34.8 PSU."
5906232,39,-42.028,29.977,2020-08-21 21:54:28.002331454,2.7093,12.996,34.76812235294118,"ARGO float 5906232 on cycle 39 reported data on 2020-08-21 at location 42.0°S, 30.0°E. The profile measured temperatures from 2.7°C to 13.0°C and salinities around 34.8 PSU."
5906232,40,-41.851,29.976,2020-08-31 21:34:07.002302514,2.7232,12.757,34.7720768627451,"ARGO float 5906232 on cycle 40 reported data on 2020-08-31 at location 41.9°S, 30.0°E. The profile measured temperatures from 2.7°C to 12.8°C and salinities around 34.8 PSU."
5906234,36,-40.588,21.03,2020-08-01 11:21:13.001210573,2.7026,12.746,34.52138271119843,"ARGO float 5906234 on cycle 36 reported data on 2020-08-01 at location 40.6°S, 21.0°E. The profile measured temperatures from 2.7°C to 12.7°C and salinities around 34.5 PSU."
5906234,37,-41.089,22.387,2020-08-11 11:05:54.001187485,2.6771,16.731,34.60766705882352,"ARGO float 5906234 on cycle 37 reported data on 2020-08-11 at location 41.1°S, 22.4°E. The profile measured temperatures from 2.7°C to 16.7°C and salinities around 34.6 PSU."
5906234,38,-39.818,23.359,2020-08-21 09:58:31.001049874,2.71,16.025,34.52849980392157,"ARGO float 5906234 on cycle 38 reported data on 2020-08-21 at location 39.8°S, 23.4°E. The profile measured temperatures from 2.7°C to 16.0°C and salinities around 34.5 PSU."
5906234,39,-37.824,24.695,2020-08-31 09:42:53.001026432,2.6531,15.652,34.674231041257364,"ARGO float 5906234 on cycle 39 reported data on 2020-08-31 at location 37.8°S, 24.7°E. The profile measured temperatures from 2.7°C to 15.7°C and salinities around 34.7 PSU."
5906253,1,-30.288,111.186,2020-08-13 10:21:37.001103238,2.4584,20.154,34.961996856581536,"ARGO float 5906253 on cycle 1 reported data on 2020-08-13 at location 30.3°S, 111.2°E. The profile measured temperatures from 2.5°C to 20.2°C and salinities around 35.0 PSU."
5906253,2,-29.354,111.024,2020-08-23 07:37:18.000804578,2.3646,20.028,34.902847937131625,"ARGO float 5906253 on cycle 2 reported data on 2020-08-23 at location 29.4°S, 111.0°E. The profile measured temperatures from 2.4°C to 20.0°C and salinities around 34.9 PSU."
5906257,1,-22.969,104.017,2020-08-16 03:46:44.000388609,2.5125,21.487,34.984651176470585,"ARGO float 5906257 on cycle 1 reported data on 2020-08-16 at location 23.0°S, 104.0°E. The profile measured temperatures from 2.5°C to 21.5°C and salinities around 35.0 PSU."
5906257,2,-23.054,104.251,2020-08-26 01:51:20.000181343,2.5274,21.852,34.976817843137255,"ARGO float 5906257 on cycle 2 reported data on 2020-08-26 at location 23.1°S, 104.3°E. The profile measured temperatures from 2.5°C to 21.9°C and salinities around 35.0 PSU."
5906258,1,-20.875,102.511,2020-08-16 18:23:50.001964353,2.5412,23.363,34.947431827111984,"ARGO float 5906258 on cycle 1 reported data on 2020-08-16 at location 20.9°S, 102.5°E. The profile measured temperatures from 2.5°C to 23.4°C and salinities around 34.9 PSU."
5906258,2,-21.371,102.646,2020-08-26 16:35:48.001767365,2.4532,23.23,34.91839901960784,"ARGO float 5906258 on cycle 2 reported data on 2020-08-26 at location 21.4°S, 102.6°E. The profile measured temperatures from 2.5°C to 23.2°C and salinities around 34.9 PSU."
5906262,1,-26.565,106.525,2020-08-14 22:03:43.002364700,2.3921,20.336,34.9754228962818,"ARGO float 5906262 on cycle 1 reported data on 2020-08-14 at location 26.6°S, 106.5°E. The profile measured temperatures from 2.4°C to 20.3°C and salinities around 35.0 PSU."
5906262,2,-26.341,106.855,2020-08-24 20:00:23.002145801,2.4251,20.353,35.00852960784314,"ARGO float 5906262 on cycle 2 reported data on 2020-08-24 at location 26.3°S, 106.9°E. The profile measured temperatures from 2.4°C to 20.4°C and salinities around 35.0 PSU."
5906266,1,-16.036,102.034,2020-08-18 00:22:37.000031810,2.6011,26.456,34.77812843137255,"ARGO float 5906266 on cycle 1 reported data on 2020-08-18 at location 16.0°S, 102.0°E. The profile measured temperatures from 2.6°C to 26.5°C and salinities around 34.8 PSU."
5906266,2,-16.182,102.419,2020-08-27 22:11:34.002376097,2.6266,26.551,34.74951392156863,"ARGO float 5906266 on cycle 2 reported data on 2020-08-27 at location 16.2°S, 102.4°E. The profile measured temperatures from 2.6°C to 26.6°C and salinities around 34.7 PSU."
5906273,1,-16.006,98.038,2020-08-19 01:40:34.000165182,2.6771,26.421,34.71895843137255,"ARGO float 5906273 on cycle 1 reported data on 2020-08-19 at location 16.0°S, 98.0°E. The profile measured temperatures from 2.7°C to 26.4°C and salinities around 34.7 PSU."
5906273,2,-15.722,98.317,2020-08-28 23:25:44.002503863,2.5854,26.851,34.68996529411765,"ARGO float 5906273 on cycle 2 reported data on 2020-08-28 at location 15.7°S, 98.3°E. The profile measured temperatures from 2.6°C to 26.9°C and salinities around 34.7 PSU."
5906274,1,-14.986,94.277,2020-08-19 23:43:11.002530158,2.6033,25.507,34.60346876227898,"ARGO float 5906274 on cycle 1 reported data on 2020-08-19 at location 15.0°S, 94.3°E. The profile measured temperatures from 2.6°C to 25.5°C and salinities around 34.6 PSU."
5906274,2,-15.078,94.585,2020-08-29 21:20:16.002282085,2.6254,26.382,34.663574901960786,"ARGO float 5906274 on cycle 2 reported data on 2020-08-29 at location 15.1°S, 94.6°E. The profile measured temperatures from 2.6°C to 26.4°C and salinities around 34.7 PSU."
5906275,1,-28.06,79.693,2020-08-26 01:25:34.000143389,2.56,19.734,34.99838113948919,"ARGO float 5906275 on cycle 1 reported data on 2020-08-26 at location 28.1°S, 79.7°E. The profile measured temperatures from 2.6°C to 19.7°C and salinities around 35.0 PSU."
5906276,2,-15.94,88.825,2020-08-31 23:19:35.002495243,2.6025,25.293,34.86872652259332,"ARGO float 5906276 on cycle 2 reported data on 2020-08-31 at location 15.9°S, 88.8°E. The profile measured temperatures from 2.6°C to 25.3°C and salinities around 34.9 PSU."
5906277,1,-13.967,90.211,2020-08-21 09:07:40.000975682,3.0891,26.312,34.76058811881188,"ARGO float 5906277 on cycle 1 reported data on 2020-08-21 at location 14.0°S, 90.2°E. The profile measured temperatures from 3.1°C to 26.3°C and salinities around 34.8 PSU."
5906277,2,-14.147,90.607,2020-08-31 06:35:52.000694473,4.8654,26.453,34.79377154471545,"ARGO float 5906277 on cycle 2 reported data on 2020-08-31 at location 14.1°S, 90.6°E. The profile measured temperatures from 4.9°C to 26.5°C and salinities around 34.8 PSU."
5906278,1,-24.04,82.827,2020-08-24 19:58:52.002122640,2.5471,21.986,35.02482254901961,"ARGO float 5906278 on cycle 1 reported data on 2020-08-24 at location 24.0°S, 82.8°E. The profile measured temperatures from 2.5°C to 22.0°C and salinities around 35.0 PSU."
5906279,1,-18.0,87.27,2020-08-22 20:48:51.002215482,2.4469,23.529,34.96782200392927,"ARGO float 5906279 on cycle 1 reported data on 2020-08-22 at location 18.0°S, 87.3°E. The profile measured temperatures from 2.4°C to 23.5°C and salinities around 35.0 PSU."
5906280,1,-13.524,91.835,2020-08-20 15:51:43.001683413,2.6469,26.466,34.67238133595285,"ARGO float 5906280 on cycle 1 reported data on 2020-08-20 at location 13.5°S, 91.8°E. The profile measured temperatures from 2.6°C to 26.5°C and salinities around 34.7 PSU."
5906280,2,-13.619,92.125,2020-08-30 13:39:53.001451223,4.5585,26.38,34.721882758620694,"ARGO float 5906280 on cycle 2 reported data on 2020-08-30 at location 13.6°S, 92.1°E. The profile measured temperatures from 4.6°C to 26.4°C and salinities around 34.7 PSU."
5906281,1,-21.845,84.18,2020-08-24 03:27:25.000360966,2.4645,21.46,34.98168235294118,"ARGO float 5906281 on cycle 1 reported data on 2020-08-24 at location 21.8°S, 84.2°E. The profile measured temperatures from 2.5°C to 21.5°C and salinities around 35.0 PSU."
5906282,1,-19.992,85.706,2020-08-23 12:48:14.001357329,2.4473,22.785,34.9996746561886,"ARGO float 5906282 on cycle 1 reported data on 2020-08-23 at location 20.0°S, 85.7°E. The profile measured temperatures from 2.4°C to 22.8°C and salinities around 35.0 PSU."
5906394,2,-39.52214,134.98694,2020-08-01 10:28:35.001113574,4.378,12.019,34.81019018404908,"ARGO float 5906394 on cycle 2 reported data on 2020-08-01 at location 39.5°S, 135.0°E. The profile measured temperatures from 4.4°C to 12.0°C and salinities around 34.8 PSU."
5906394,3,-39.537,134.979,2020-08-01 20:58:54.002230086,4.372,11.723,34.784190476190474,"ARGO float 5906394 on cycle 3 reported data on 2020-08-01 at location 39.5°S, 135.0°E. The profile measured temperatures from 4.4°C to 11.7°C and salinities around 34.8 PSU."
5906394,4,-39.5524,134.97466,2020-08-02 07:31:08.000796043,4.499,11.832,34.784341463414634,"ARGO float 5906394 on cycle 4 reported data on 2020-08-02 at location 39.6°S, 135.0°E. The profile measured temperatures from 4.5°C to 11.8°C and salinities around 34.8 PSU."
5906394,5,-39.5646,134.96367,2020-08-02 18:09:41.001944109,4.389,11.919,34.79374233128834,"ARGO float 5906394 on cycle 5 reported data on 2020-08-02 at location 39.6°S, 135.0°E. The profile measured temperatures from 4.4°C to 11.9°C and salinities around 34.8 PSU."
5906394,6,-39.57487,134.95854,2020-08-03 04:48:56.000498783,4.463,11.717,34.78573493975904,"ARGO float 5906394 on cycle 6 reported data on 2020-08-03 at location 39.6°S, 135.0°E. The profile measured temperatures from 4.5°C to 11.7°C and salinities around 34.8 PSU."
5906394,7,-39.58675,134.95222,2020-08-03 15:28:42.001649768,4.428,11.727,34.78006501547988,"ARGO float 5906394 on cycle 7 reported data on 2020-08-03 at location 39.6°S, 135.0°E. The profile measured temperatures from 4.4°C to 11.7°C and salinities around 34.8 PSU."
5906394,8,-39.59517,134.94543,2020-08-04 01:02:05.000110105,4.535,11.726,34.771280120481926,"ARGO float 5906394 on cycle 8 reported data on 2020-08-04 at location 39.6°S, 134.9°E. The profile measured temperatures from 4.5°C to 11.7°C and salinities around 34.8 PSU."
5906394,9,-39.60743,134.93966,2020-08-04 10:35:45.001123566,4.516,11.707,34.75859420289855,"ARGO float 5906394 on cycle 9 reported data on 2020-08-04 at location 39.6°S, 134.9°E. The profile measured temperatures from 4.5°C to 11.7°C and salinities around 34.8 PSU."
5906394,10,-39.61869,134.92906,2020-08-04 19:55:16.002118355,4.603,11.804,34.72820316622691,"ARGO float 5906394 on cycle 10 reported data on 2020-08-04 at location 39.6°S, 134.9°E. The profile measured temperatures from 4.6°C to 11.8°C and salinities around 34.7 PSU."
5906394,11,-39.633,134.92186,2020-08-05 05:41:20.000595966,4.579,11.828,34.73829442970822,"ARGO float 5906394 on cycle 11 reported data on 2020-08-05 at location 39.6°S, 134.9°E. The profile measured temperatures from 4.6°C to 11.8°C and salinities around 34.7 PSU."
5906394,12,-39.64957,134.91066,2020-08-05 15:23:50.001642487,4.588,11.929,34.743385224274405,"ARGO float 5906394 on cycle 12 reported data on 2020-08-05 at location 39.6°S, 134.9°E. The profile measured temperatures from 4.6°C to 11.9°C and salinities around 34.7 PSU."
5906394,13,-39.65883,134.89533,2020-08-06 01:11:05.000123178,2.328,11.815,34.703869281045755,"ARGO float 5906394 on cycle 13 reported data on 2020-08-06 at location 39.7°S, 134.9°E. The profile measured temperatures from 2.3°C to 11.8°C and salinities around 34.7 PSU."
5906394,14,-39.66844,134.8773,2020-08-06 20:30:41.002189194,2.308,12.088,34.71935010940919,"ARGO float 5906394 on cycle 14 reported data on 2020-08-06 at location 39.7°S, 134.9°E. The profile measured temperatures from 2.3°C to 12.1°C and salinities around 34.7 PSU."
5906394,15,-39.67623,134.86766,2020-08-07 16:35:20.001767424,2.35,12.195,34.719275784753364,"ARGO float 5906394 on cycle 15 reported data on 2020-08-07 at location 39.7°S, 134.9°E. The profile measured temperatures from 2.4°C to 12.2°C and salinities around 34.7 PSU."
5906394,16,-39.68626,134.85123,2020-08-08 12:16:40.001310629,1.26,12.109,34.73287301587301,"ARGO float 5906394 on cycle 16 reported data on 2020-08-08 at location 39.7°S, 134.9°E. The profile measured temperatures from 1.3°C to 12.1°C and salinities around 34.7 PSU."
5906394,17,-39.6862,134.82561,2020-08-10 04:52:14.000504833,1.262,12.673,34.754605607476634,"ARGO float 5906394 on cycle 17 reported data on 2020-08-10 at location 39.7°S, 134.8°E. The profile measured temperatures from 1.3°C to 12.7°C and salinities around 34.8 PSU."
5906394,18,-39.69232,134.79341,2020-08-11 21:30:40.002296564,0.925,12.78,34.77100552486188,"ARGO float 5906394 on cycle 18 reported data on 2020-08-11 at location 39.7°S, 134.8°E. The profile measured temperatures from 0.9°C to 12.8°C and salinities around 34.8 PSU."
5906394,19,-39.69654,134.77819,2020-08-14 05:56:43.000617793,0.929,12.695,34.77152470187393,"ARGO float 5906394 on cycle 19 reported data on 2020-08-14 at location 39.7°S, 134.8°E. The profile measured temperatures from 0.9°C to 12.7°C and salinities around 34.8 PSU."
5906394,20,-39.71289,134.78007,2020-08-16 16:25:09.001752836,0.931,12.207,34.75553401360544,"ARGO float 5906394 on cycle 20 reported data on 2020-08-16 at location 39.7°S, 134.8°E. The profile measured temperatures from 0.9°C to 12.2°C and salinities around 34.8 PSU."
5906394,21,-39.73787,135.04605,2020-08-26 20:50:24.002218360,0.928,10.869,34.69065410958904,"ARGO float 5906394 on cycle 21 reported data on 2020-08-26 at location 39.7°S, 135.0°E. The profile measured temperatures from 0.9°C to 10.9°C and salinities around 34.7 PSU."
5906395,0,-39.50113,129.99256,2020-08-02 03:57:40.000404602,10.547,11.746,34.8763021978022,"ARGO float 5906395 on cycle 0 reported data on 2020-08-02 at location 39.5°S, 130.0°E. The profile measured temperatures from 10.5°C to 11.7°C and salinities around 34.9 PSU."
5906395,1,-39.50117,129.99204,2020-08-02 04:13:41.000447881,4.934,11.75,34.75675245098039,"ARGO float 5906395 on cycle 1 reported data on 2020-08-02 at location 39.5°S, 130.0°E. The profile measured temperatures from 4.9°C to 11.8°C and salinities around 34.8 PSU."
5906395,2,-39.49543,129.96812,2020-08-02 13:57:01.001477485,4.937,11.79,34.7433009478673,"ARGO float 5906395 on cycle 2 reported data on 2020-08-02 at location 39.5°S, 130.0°E. The profile measured temperatures from 4.9°C to 11.8°C and salinities around 34.7 PSU."
5906395,3,-39.49263,129.94184,2020-08-02 23:55:24.002547490,4.917,11.764,34.74183529411765,"ARGO float 5906395 on cycle 3 reported data on 2020-08-02 at location 39.5°S, 129.9°E. The profile measured temperatures from 4.9°C to 11.8°C and salinities around 34.7 PSU."
5906395,4,-39.48909,129.91718,2020-08-03 09:48:59.001035296,4.985,11.775,34.736170212765956,"ARGO float 5906395 on cycle 4 reported data on 2020-08-03 at location 39.5°S, 129.9°E. The profile measured temperatures from 5.0°C to 11.8°C and salinities around 34.7 PSU."
5906395,5,-39.4872,129.88564,2020-08-03 19:44:44.002102320,5.004,11.751,34.74068421052632,"ARGO float 5906395 on cycle 5 reported data on 2020-08-03 at location 39.5°S, 129.9°E. The profile measured temperatures from 5.0°C to 11.8°C and salinities around 34.7 PSU."
5906395,6,-39.48274,129.86186,2020-08-04 05:36:14.000588870,1.264,11.71,34.72965964912281,"ARGO float 5906395 on cycle 6 reported data on 2020-08-04 at location 39.5°S, 129.9°E. The profile measured temperatures from 1.3°C to 11.7°C and salinities around 34.7 PSU."
5906395,7,-39.48085,129.80943,2020-08-05 17:38:13.001879002,1.27,11.728,34.72478373702422,"ARGO float 5906395 on cycle 7 reported data on 2020-08-05 at location 39.5°S, 129.8°E. The profile measured temperatures from 1.3°C to 11.7°C and salinities around 34.7 PSU."
5906395,8,-39.47282,129.75826,2020-08-07 05:47:03.000604796,0.916,11.646,34.73705102040816,"ARGO float 5906395 on cycle 8 reported data on 2020-08-07 at location 39.5°S, 129.8°E. The profile measured temperatures from 0.9°C to 11.6°C and salinities around 34.7 PSU."
5906395,9,-39.46422,129.68539,2020-08-09 09:06:32.000974251,0.918,11.627,34.72609262435678,"ARGO float 5906395 on cycle 9 reported data on 2020-08-09 at location 39.5°S, 129.7°E. The profile measured temperatures from 0.9°C to 11.6°C and salinities around 34.7 PSU."
5906395,10,-39.45541,129.62266,2020-08-11 14:43:27.001564536,0.921,11.839,34.731076547231275,"ARGO float 5906395 on cycle 10 reported data on 2020-08-11 at location 39.5°S, 129.6°E. The profile measured temperatures from 0.9°C to 11.8°C and salinities around 34.7 PSU."
5906395,11,-39.291,129.26346,2020-08-21 18:46:17.001997913,0.92,11.564,34.72827406199021,"ARGO float 5906395 on cycle 11 reported data on 2020-08-21 at location 39.3°S, 129.3°E. The profile measured temperatures from 0.9°C to 11.6°C and salinities around 34.7 PSU."
5906395,12,-39.24047,129.35502,2020-08-31 22:32:26.002406627,0.926,11.365,34.730897350993374,"ARGO float 5906395 on cycle 12 reported data on 2020-08-31 at location 39.2°S, 129.4°E. The profile measured temperatures from 0.9°C to 11.4°C and salinities around 34.7 PSU."
5906396,0,-38.99492,125.00097,2020-08-03 03:41:07.000381495,10.551,12.099,34.85230246913581,"ARGO float 5906396 on cycle 0 reported data on 2020-08-03 at location 39.0°S, 125.0°E. The profile measured temperatures from 10.6°C to 12.1°C and salinities around 34.9 PSU."
5906396,1,-38.99392,125.00076,2020-08-03 03:54:28.000400267,4.934,12.096,34.72739393939394,"ARGO float 5906396 on cycle 1 reported data on 2020-08-03 at location 39.0°S, 125.0°E. The profile measured temperatures from 4.9°C to 12.1°C and salinities around 34.7 PSU."
5906396,2,-38.97558,125.00639,2020-08-03 13:28:56.001435314,5.107,12.106,34.715732696897376,"ARGO float 5906396 on cycle 2 reported data on 2020-08-03 at location 39.0°S, 125.0°E. The profile measured temperatures from 5.1°C to 12.1°C and salinities around 34.7 PSU."
5906396,3,-38.95465,125.00735,2020-08-03 23:27:29.002506724,5.111,12.083,34.7218028503563,"ARGO float 5906396 on cycle 3 reported data on 2020-08-03 at location 39.0°S, 125.0°E. The profile measured temperatures from 5.1°C to 12.1°C and salinities around 34.7 PSU."
5906396,4,-38.93072,125.01978,2020-08-04 09:32:16.001012054,1.245,12.077,34.7060017452007,"ARGO float 5906396 on cycle 4 reported data on 2020-08-04 at location 38.9°S, 125.0°E. The profile measured temperatures from 1.2°C to 12.1°C and salinities around 34.7 PSU."
5906396,5,-38.89766,125.01027,2020-08-05 21:47:15.002321386,1.255,12.039,34.71213864818024,"ARGO float 5906396 on cycle 5 reported data on 2020-08-05 at location 38.9°S, 125.0°E. The profile measured temperatures from 1.3°C to 12.0°C and salinities around 34.7 PSU."
5906396,6,-38.86398,125.00364,2020-08-07 09:58:17.001049748,1.252,12.069,34.71001727115716,"ARGO float 5906396 on cycle 6 reported data on 2020-08-07 at location 38.9°S, 125.0°E. The profile measured temperatures from 1.3°C to 12.1°C and salinities around 34.7 PSU."
5906396,7,-38.83315,124.99811,2020-08-08 22:13:30.002379329,0.88,12.085,34.72003407155025,"ARGO float 5906396 on cycle 7 reported data on 2020-08-08 at location 38.8°S, 125.0°E. The profile measured temperatures from 0.9°C to 12.1°C and salinities around 34.7 PSU."
5906396,8,-38.80991,125.00393,2020-08-11 01:59:31.000193027,0.875,12.068,34.72033904109589,"ARGO float 5906396 on cycle 8 reported data on 2020-08-11 at location 38.8°S, 125.0°E. The profile measured temperatures from 0.9°C to 12.1°C and salinities around 34.7 PSU."
5906396,9,-38.79384,125.01949,2020-08-13 07:56:20.000832339,0.877,12.066,34.71534991708126,"ARGO float 5906396 on cycle 9 reported data on 2020-08-13 at location 38.8°S, 125.0°E. The profile measured temperatures from 0.9°C to 12.1°C and salinities around 34.7 PSU."
5906396,10,-38.91565,124.99141,2020-08-23 11:22:09.001212038,0.877,11.169,34.670201970443344,"ARGO float 5906396 on cycle 10 reported data on 2020-08-23 at location 38.9°S, 125.0°E. The profile measured temperatures from 0.9°C to 11.2°C and salinities around 34.7 PSU."
5906397,0,-39.00279,119.99903,2020-08-04 04:19:09.000456660,9.631,11.566,34.64335887096774,"ARGO float 5906397 on cycle 0 reported data on 2020-08-04 at location 39.0°S, 120.0°E. The profile measured temperatures from 9.6°C to 11.6°C and salinities around 34.6 PSU."
5906397,1,-39.00327,119.99781,2020-08-04 04:38:46.000484430,5.129,11.546,34.6690684596577,"ARGO float 5906397 on cycle 1 reported data on 2020-08-04 at location 39.0°S, 120.0°E. The profile measured temperatures from 5.1°C to 11.5°C and salinities around 34.7 PSU."
5906397,2,-39.00316,120.00488,2020-08-04 14:27:23.001541295,5.107,11.953,34.702028639618135,"ARGO float 5906397 on cycle 2 reported data on 2020-08-04 at location 39.0°S, 120.0°E. The profile measured temperatures from 5.1°C to 12.0°C and salinities around 34.7 PSU."
5906397,3,-39.00884,120.01814,2020-08-05 00:21:41.000030346,5.196,11.783,34.67904705882353,"ARGO float 5906397 on cycle 3 reported data on 2020-08-05 at location 39.0°S, 120.0°E. The profile measured temperatures from 5.2°C to 11.8°C and salinities around 34.7 PSU."
5906397,4,-39.01076,120.02706,2020-08-05 10:19:21.001100367,5.22,11.915,34.69067612293144,"ARGO float 5906397 on cycle 4 reported data on 2020-08-05 at location 39.0°S, 120.0°E. The profile measured temperatures from 5.2°C to 11.9°C and salinities around 34.7 PSU."
5906397,5,-39.01305,120.03594,2020-08-05 20:20:04.002174816,1.073,11.668,34.66222942206655,"ARGO float 5906397 on cycle 5 reported data on 2020-08-05 at location 39.0°S, 120.0°E. The profile measured temperatures from 1.1°C to 11.7°C and salinities around 34.7 PSU."
5906397,6,-39.02507,120.06029,2020-08-07 08:26:11.000896140,1.061,11.404,34.641669550173006,"ARGO float 5906397 on cycle 6 reported data on 2020-08-07 at location 39.0°S, 120.1°E. The profile measured temperatures from 1.1°C to 11.4°C and salinities around 34.6 PSU."
5906397,7,-39.03331,120.0841,2020-08-08 20:14:49.002165928,0.877,11.741,34.662337954939346,"ARGO float 5906397 on cycle 7 reported data on 2020-08-08 at location 39.0°S, 120.1°E. The profile measured temperatures from 0.9°C to 11.7°C and salinities around 34.7 PSU."
5906397,8,-39.04205,120.10056,2020-08-10 23:40:35.002525756,0.881,12.526,34.713663851351356,"ARGO float 5906397 on cycle 8 reported data on 2020-08-10 at location 39.0°S, 120.1°E. The profile measured temperatures from 0.9°C to 12.5°C and salinities around 34.7 PSU."
5906397,9,-39.04405,120.12517,2020-08-13 04:48:39.000498891,0.885,12.452,34.72716949152542,"ARGO float 5906397 on cycle 9 reported data on 2020-08-13 at location 39.0°S, 120.1°E. The profile measured temperatures from 0.9°C to 12.5°C and salinities around 34.7 PSU."
5906397,10,-39.03633,120.18657,2020-08-23 06:31:37.000688615,0.887,12.591,34.73893559322034,"ARGO float 5906397 on cycle 10 reported data on 2020-08-23 at location 39.0°S, 120.2°E. The profile measured temperatures from 0.9°C to 12.6°C and salinities around 34.7 PSU."
5906398,0,-38.99541,115.00529,2020-08-05 03:11:55.000337818,10.236,12.015,34.88126553672316,"ARGO float 5906398 on cycle 0 reported data on 2020-08-05 at location 39.0°S, 115.0°E. The profile measured temperatures from 10.2°C to 12.0°C and salinities around 34.9 PSU."
5906398,1,-38.99472,115.00584,2020-08-05 03:27:03.000361167,5.016,11.969,34.72830787589499,"ARGO float 5906398 on cycle 1 reported data on 2020-08-05 at location 39.0°S, 115.0°E. The profile measured temperatures from 5.0°C to 12.0°C and salinities around 34.7 PSU."
5906398,2,-38.97717,115.05843,2020-08-05 13:30:23.001438369,4.991,12.415,34.72669833729216,"ARGO float 5906398 on cycle 2 reported data on 2020-08-05 at location 39.0°S, 115.1°E. The profile measured temperatures from 5.0°C to 12.4°C and salinities around 34.7 PSU."
5906398,3,-38.95284,115.11501,2020-08-05 23:17:59.002492289,4.947,11.81,34.70332935560859,"ARGO float 5906398 on cycle 3 reported data on 2020-08-05 at location 39.0°S, 115.1°E. The profile measured temperatures from 4.9°C to 11.8°C and salinities around 34.7 PSU."
5906398,4,-38.94091,115.18188,2020-08-06 09:06:30.000974411,5.045,11.725,34.69748076923077,"ARGO float 5906398 on cycle 4 reported data on 2020-08-06 at location 38.9°S, 115.2°E. The profile measured temperatures from 5.0°C to 11.7°C and salinities around 34.7 PSU."
5906398,5,-38.91477,115.24069,2020-08-06 18:46:10.001997845,5.011,11.618,34.70309330143541,"ARGO float 5906398 on cycle 5 reported data on 2020-08-06 at location 38.9°S, 115.2°E. The profile measured temperatures from 5.0°C to 11.6°C and salinities around 34.7 PSU."
5906398,6,-38.90295,115.31446,2020-08-07 04:24:54.000464068,0.927,11.63,34.69534219858156,"ARGO float 5906398 on cycle 6 reported data on 2020-08-07 at location 38.9°S, 115.3°E. The profile measured temperatures from 0.9°C to 11.6°C and salinities around 34.7 PSU."
5906398,7,-38.87577,115.38513,2020-08-08 15:13:06.001628361,0.904,13.496,34.77903866432337,"ARGO float 5906398 on cycle 7 reported data on 2020-08-08 at location 38.9°S, 115.4°E. The profile measured temperatures from 0.9°C to 13.5°C and salinities around 34.8 PSU."
5906398,8,-38.84452,115.44803,2020-08-10 02:53:47.000291568,0.861,13.685,34.827135231316724,"ARGO float 5906398 on cycle 8 reported data on 2020-08-10 at location 38.8°S, 115.4°E. The profile measured temperatures from 0.9°C to 13.7°C and salinities around 34.8 PSU."
5906398,9,-38.82533,115.48895,2020-08-12 05:31:48.000581388,0.862,14.592,34.85503527336861,"ARGO float 5906398 on cycle 9 reported data on 2020-08-12 at location 38.8°S, 115.5°E. The profile measured temperatures from 0.9°C to 14.6°C and salinities around 34.9 PSU."
5906398,10,-38.7992,115.52355,2020-08-13 18:55:09.002011002,0.87,14.67,34.868446236559144,"ARGO float 5906398 on cycle 10 reported data on 2020-08-13 at location 38.8°S, 115.5°E. The profile measured temperatures from 0.9°C to 14.7°C and salinities around 34.9 PSU."
5906398,11,-38.7754,115.55264,2020-08-15 22:30:22.002404042,0.877,14.554,34.86519931856899,"ARGO float 5906398 on cycle 11 reported data on 2020-08-15 at location 38.8°S, 115.6°E. The profile measured temperatures from 0.9°C to 14.6°C and salinities around 34.9 PSU."
5906398,12,-38.65589,115.31247,2020-08-25 22:20:22.002389514,0.879,14.96,34.89359722222222,"ARGO float 5906398 on cycle 12 reported data on 2020-08-25 at location 38.7°S, 115.3°E. The profile measured temperatures from 0.9°C to 15.0°C and salinities around 34.9 PSU."
6900900,201,-50.539,91.121,2020-08-07 06:29:00.000000018,1.961,5.338,34.35408737864078,"ARGO float 6900900 on cycle 201 reported data on 2020-08-07 at location 50.5°S, 91.1°E. The profile measured temperatures from 2.0°C to 5.3°C and salinities around 34.4 PSU."
6900900,202,-50.963,91.405,2020-08-17 06:16:59.999999865,1.969,4.825,34.33841414141414,"ARGO float 6900900 on cycle 202 reported data on 2020-08-17 at location 51.0°S, 91.4°E. The profile measured temperatures from 2.0°C to 4.8°C and salinities around 34.3 PSU."
6900900,203,-50.794,93.46,2020-08-27 06:23:00.000000101,1.987,5.044,34.349059405940594,"ARGO float 6900900 on cycle 203 reported data on 2020-08-27 at location 50.8°S, 93.5°E. The profile measured temperatures from 2.0°C to 5.0°C and salinities around 34.3 PSU."
6901979,212,-51.612,29.471,2020-08-07 18:16:40.000001790,1.003,2.495,34.396915492957746,"ARGO float 6901979 on cycle 212 reported data on 2020-08-07 at location 51.6°S, 29.5°E. The profile measured temperatures from 1.0°C to 2.5°C and salinities around 34.4 PSU."
6901979,213,-52.308,27.566,2020-08-17 17:52:32.999994834,1.295,2.527,34.26631372549019,"ARGO float 6901979 on cycle 213 reported data on 2020-08-17 at location 52.3°S, 27.6°E. The profile measured temperatures from 1.3°C to 2.5°C and salinities around 34.3 PSU."
6901979,214,-53.319,28.225,2020-08-27 17:46:45.999996070,0.963,2.477,34.325745098039214,"ARGO float 6901979 on cycle 214 reported data on 2020-08-27 at location 53.3°S, 28.2°E. The profile measured temperatures from 1.0°C to 2.5°C and salinities around 34.3 PSU."
6901980,196,-47.013,114.748,2020-08-09 17:13:48.000002655,2.317,8.926,34.355450704225355,"ARGO float 6901980 on cycle 196 reported data on 2020-08-09 at location 47.0°S, 114.7°E. The profile measured temperatures from 2.3°C to 8.9°C and salinities around 34.4 PSU."
6901980,197,-46.229,116.88,2020-08-19 15:54:09.000003864,4.358,10.8,34.484818181818184,"ARGO float 6901980 on cycle 197 reported data on 2020-08-19 at location 46.2°S, 116.9°E. The profile measured temperatures from 4.4°C to 10.8°C and salinities around 34.5 PSU."
6901980,198,-46.136,118.317,2020-08-29 15:54:13.999996860,4.687,10.376,34.610365384615385,"ARGO float 6901980 on cycle 198 reported data on 2020-08-29 at location 46.1°S, 118.3°E. The profile measured temperatures from 4.7°C to 10.4°C and salinities around 34.6 PSU."
6901982,207,-42.925,62.664,2020-08-02 17:32:26.999998319,7.899,13.553,2.8533653846153846,"ARGO float 6901982 on cycle 207 reported data on 2020-08-02 at location 42.9°S, 62.7°E. The profile measured temperatures from 7.9°C to 13.6°C and salinities around 2.9 PSU."
6901982,208,-41.646,63.434,2020-08-12 17:30:20.000003209,2.738,13.878,2.8031408450704225,"ARGO float 6901982 on cycle 208 reported data on 2020-08-12 at location 41.6°S, 63.4°E. The profile measured temperatures from 2.7°C to 13.9°C and salinities around 2.8 PSU."
6901982,209,-39.993,64.82,2020-08-22 17:33:20.999997118,6.068,13.274,2.880423076923077,"ARGO float 6901982 on cycle 209 reported data on 2020-08-22 at location 40.0°S, 64.8°E. The profile measured temperatures from 6.1°C to 13.3°C and salinities around 2.9 PSU."
6901983,207,-49.69,63.227,2020-08-08 18:01:11.999996083,2.013,2.554,34.09384615384616,"ARGO float 6901983 on cycle 207 reported data on 2020-08-08 at location 49.7°S, 63.2°E. The profile measured temperatures from 2.0°C to 2.6°C and salinities around 34.1 PSU."
6901983,208,-49.531,63.412,2020-08-18 20:45:21.000004493,1.736,2.471,34.28155223880597,"ARGO float 6901983 on cycle 208 reported data on 2020-08-18 at location 49.5°S, 63.4°E. The profile measured temperatures from 1.7°C to 2.5°C and salinities around 34.3 PSU."
6901983,209,-49.315,63.319,2020-08-28 17:54:28.000004742,2.104,2.468,34.10603921568628,"ARGO float 6901983 on cycle 209 reported data on 2020-08-28 at location 49.3°S, 63.3°E. The profile measured temperatures from 2.1°C to 2.5°C and salinities around 34.1 PSU."
6902638,175,-48.629,47.893,2020-08-07 15:31:54.999997541,1.893,3.713,34.2843625,"ARGO float 6902638 on cycle 175 reported data on 2020-08-07 at location 48.6°S, 47.9°E. The profile measured temperatures from 1.9°C to 3.7°C and salinities around 34.3 PSU."
6902715,128,-43.27,130.091,2020-08-07 15:34:59.999999926,2.473,9.55,34.62335294117647,"ARGO float 6902715 on cycle 128 reported data on 2020-08-07 at location 43.3°S, 130.1°E. The profile measured temperatures from 2.5°C to 9.6°C and salinities around 34.6 PSU."
6902715,129,-43.034,130.048,2020-08-17 15:37:59.999999888,2.457,9.646,34.62008823529411,"ARGO float 6902715 on cycle 129 reported data on 2020-08-17 at location 43.0°S, 130.0°E. The profile measured temperatures from 2.5°C to 9.6°C and salinities around 34.6 PSU."
6902715,130,-42.831,129.778,2020-08-27 15:35:00.000000245,2.44,10.445,34.64225242718447,"ARGO float 6902715 on cycle 130 reported data on 2020-08-27 at location 42.8°S, 129.8°E. The profile measured temperatures from 2.4°C to 10.4°C and salinities around 34.6 PSU."
6902758,124,-40.448,75.09,2020-08-09 15:50:59.999999916,2.559,12.203,34.74449019607843,"ARGO float 6902758 on cycle 124 reported data on 2020-08-09 at location 40.4°S, 75.1°E. The profile measured temperatures from 2.6°C to 12.2°C and salinities around 34.7 PSU."
6902758,125,-40.409,75.317,2020-08-19 16:00:59.999999981,2.528,12.079,34.7271359223301,"ARGO float 6902758 on cycle 125 reported data on 2020-08-19 at location 40.4°S, 75.3°E. The profile measured temperatures from 2.5°C to 12.1°C and salinities around 34.7 PSU."
6902758,126,-40.431,75.499,2020-08-29 15:57:00.000000144,2.553,12.303,34.748582524271846,"ARGO float 6902758 on cycle 126 reported data on 2020-08-29 at location 40.4°S, 75.5°E. The profile measured temperatures from 2.6°C to 12.3°C and salinities around 34.7 PSU."
6902759,122,-39.325,76.42,2020-08-03 16:35:00.000000352,2.5,12.596,34.79063,"ARGO float 6902759 on cycle 122 reported data on 2020-08-03 at location 39.3°S, 76.4°E. The profile measured temperatures from 2.5°C to 12.6°C and salinities around 34.8 PSU."
6902759,123,-39.449,75.931,2020-08-13 16:26:00.000000162,2.518,12.467,34.78637623762376,"ARGO float 6902759 on cycle 123 reported data on 2020-08-13 at location 39.4°S, 75.9°E. The profile measured temperatures from 2.5°C to 12.5°C and salinities around 34.8 PSU."
6902759,124,-39.435,76.314,2020-08-23 16:34:00.000000157,2.493,12.459,34.788184466019416,"ARGO float 6902759 on cycle 124 reported data on 2020-08-23 at location 39.4°S, 76.3°E. The profile measured temperatures from 2.5°C to 12.5°C and salinities around 34.8 PSU."
6902774,92,-38.202,56.329,2020-08-09 15:31:59.999999972,2.751,14.898,34.9606213592233,"ARGO float 6902774 on cycle 92 reported data on 2020-08-09 at location 38.2°S, 56.3°E. The profile measured temperatures from 2.8°C to 14.9°C and salinities around 35.0 PSU."
6902774,93,-39.142,55.953,2020-08-19 15:46:00.000000194,2.726,14.58,34.94578217821782,"ARGO float 6902774 on cycle 93 reported data on 2020-08-19 at location 39.1°S, 56.0°E. The profile measured temperatures from 2.7°C to 14.6°C and salinities around 34.9 PSU."
6902774,94,-40.244,55.975,2020-08-29 15:18:00.000000060,2.789,14.307,34.944382352941176,"ARGO float 6902774 on cycle 94 reported data on 2020-08-29 at location 40.2°S, 56.0°E. The profile measured temperatures from 2.8°C to 14.3°C and salinities around 34.9 PSU."
6902775,92,-40.889,67.366,2020-08-09 14:44:00.000000018,2.625,13.098,34.81895098039215,"ARGO float 6902775 on cycle 92 reported data on 2020-08-09 at location 40.9°S, 67.4°E. The profile measured temperatures from 2.6°C to 13.1°C and salinities around 34.8 PSU."
6902775,93,-40.482,68.073,2020-08-19 14:49:00.000000050,2.619,12.853,34.80218446601942,"ARGO float 6902775 on cycle 93 reported data on 2020-08-19 at location 40.5°S, 68.1°E. The profile measured temperatures from 2.6°C to 12.9°C and salinities around 34.8 PSU."
6902775,94,-40.058,68.12,2020-08-29 14:44:00.000000018,2.631,12.732,34.79926470588235,"ARGO float 6902775 on cycle 94 reported data on 2020-08-29 at location 40.1°S, 68.1°E. The profile measured temperatures from 2.6°C to 12.7°C and salinities around 34.8 PSU."
6902776,92,-46.272,62.415,2020-08-09 14:51:00.000000129,2.302,8.464,34.38083333333333,"ARGO float 6902776 on cycle 92 reported data on 2020-08-09 at location 46.3°S, 62.4°E. The profile measured temperatures from 2.3°C to 8.5°C and salinities around 34.4 PSU."
6902776,93,-45.083,62.703,2020-08-19 15:02:59.999999953,2.383,9.169,34.393460784313724,"ARGO float 6902776 on cycle 93 reported data on 2020-08-19 at location 45.1°S, 62.7°E. The profile measured temperatures from 2.4°C to 9.2°C and salinities around 34.4 PSU."
6902776,94,-44.891,65.118,2020-08-29 15:07:00.000000111,2.349,9.647,34.400203883495145,"ARGO float 6902776 on cycle 94 reported data on 2020-08-29 at location 44.9°S, 65.1°E. The profile measured temperatures from 2.3°C to 9.6°C and salinities around 34.4 PSU."
6902777,92,-50.771,50.793,2020-08-08 15:06:00.000000227,1.775,2.685,34.37873786407767,"ARGO float 6902777 on cycle 92 reported data on 2020-08-08 at location 50.8°S, 50.8°E. The profile measured temperatures from 1.8°C to 2.7°C and salinities around 34.4 PSU."
6902777,93,-50.943,50.422,2020-08-18 15:18:00.000000060,1.765,2.622,34.38472115384615,"ARGO float 6902777 on cycle 93 reported data on 2020-08-18 at location 50.9°S, 50.4°E. The profile measured temperatures from 1.8°C to 2.6°C and salinities around 34.4 PSU."
6902777,94,-51.044,49.787,2020-08-28 15:18:00.000000060,1.731,2.581,34.386679611650486,"ARGO float 6902777 on cycle 94 reported data on 2020-08-28 at location 51.0°S, 49.8°E. The profile measured temperatures from 1.7°C to 2.6°C and salinities around 34.4 PSU."
6902778,92,-48.633,58.631,2020-08-08 14:57:59.999999921,1.936,3.62,34.33408823529412,"ARGO float 6902778 on cycle 92 reported data on 2020-08-08 at location 48.6°S, 58.6°E. The profile measured temperatures from 1.9°C to 3.6°C and salinities around 34.3 PSU."
6902778,93,-48.223,60.084,2020-08-18 14:44:59.999999893,1.927,3.305,34.33619417475728,"ARGO float 6902778 on cycle 93 reported data on 2020-08-18 at location 48.2°S, 60.1°E. The profile measured temperatures from 1.9°C to 3.3°C and salinities around 34.3 PSU."
6902778,94,-48.816,61.049,2020-08-28 14:52:59.999999888,1.902,3.269,34.351446601941745,"ARGO float 6902778 on cycle 94 reported data on 2020-08-28 at location 48.8°S, 61.0°E. The profile measured temperatures from 1.9°C to 3.3°C and salinities around 34.4 PSU."
6902779,92,-56.281,26.572,2020-08-08 15:20:00.000000139,-0.322,1.578,34.510865384615386,"ARGO float 6902779 on cycle 92 reported data on 2020-08-08 at location 56.3°S, 26.6°E. The profile measured temperatures from -0.3°C to 1.6°C and salinities around 34.5 PSU."
6902779,93,-55.808,26.108,2020-08-18 15:06:00.000000227,-0.421,1.291,34.51192156862745,"ARGO float 6902779 on cycle 93 reported data on 2020-08-18 at location 55.8°S, 26.1°E. The profile measured temperatures from -0.4°C to 1.3°C and salinities around 34.5 PSU."
6902779,94,-56.38,28.589,2020-08-28 15:15:59.999999981,-0.31,1.631,34.499225490196075,"ARGO float 6902779 on cycle 94 reported data on 2020-08-28 at location 56.4°S, 28.6°E. The profile measured temperatures from -0.3°C to 1.6°C and salinities around 34.5 PSU."
6902780,92,-56.11,45.617,2020-08-07 15:05:00.000000032,-0.273,1.912,34.4709603960396,"ARGO float 6902780 on cycle 92 reported data on 2020-08-07 at location 56.1°S, 45.6°E. The profile measured temperatures from -0.3°C to 1.9°C and salinities around 34.5 PSU."
6902780,93,-55.985,45.983,2020-08-17 15:10:59.999999949,-0.415,1.906,34.467108910891085,"ARGO float 6902780 on cycle 93 reported data on 2020-08-17 at location 56.0°S, 46.0°E. The profile measured temperatures from -0.4°C to 1.9°C and salinities around 34.5 PSU."
6902780,94,-56.115,46.103,2020-08-27 15:07:00.000000111,-0.594,1.848,34.47212621359223,"ARGO float 6902780 on cycle 94 reported data on 2020-08-27 at location 56.1°S, 46.1°E. The profile measured temperatures from -0.6°C to 1.8°C and salinities around 34.5 PSU."
6902781,92,-54.996,48.197,2020-08-07 15:10:00.000000073,0.92,2.233,34.465427184466016,"ARGO float 6902781 on cycle 92 reported data on 2020-08-07 at location 55.0°S, 48.2°E. The profile measured temperatures from 0.9°C to 2.2°C and salinities around 34.5 PSU."
6902781,93,-54.771,49.323,2020-08-17 15:06:00.000000227,0.741,2.229,34.44836274509804,"ARGO float 6902781 on cycle 93 reported data on 2020-08-17 at location 54.8°S, 49.3°E. The profile measured temperatures from 0.7°C to 2.2°C and salinities around 34.4 PSU."
6902781,94,-54.81,50.609,2020-08-27 15:04:00.000000157,0.547,2.207,34.45494174757282,"ARGO float 6902781 on cycle 94 reported data on 2020-08-27 at location 54.8°S, 50.6°E. The profile measured temperatures from 0.5°C to 2.2°C and salinities around 34.5 PSU."
6902782,92,-54.988,57.047,2020-08-07 15:37:00.000000324,0.597,2.163,34.45804901960784,"ARGO float 6902782 on cycle 92 reported data on 2020-08-07 at location 55.0°S, 57.0°E. The profile measured temperatures from 0.6°C to 2.2°C and salinities around 34.5 PSU."
6902782,93,-55.4,57.553,2020-08-17 15:50:00.000000352,0.566,2.14,34.45916504854369,"ARGO float 6902782 on cycle 93 reported data on 2020-08-17 at location 55.4°S, 57.6°E. The profile measured temperatures from 0.6°C to 2.1°C and salinities around 34.5 PSU."
6902782,94,-55.367,57.55,2020-08-27 15:45:00.000000000,0.499,2.137,34.47469306930693,"ARGO float 6902782 on cycle 94 reported data on 2020-08-27 at location 55.4°S, 57.5°E. The profile measured temperatures from 0.5°C to 2.1°C and salinities around 34.5 PSU."
6902833,69,-56.678,87.443,2020-08-02 15:29:00.000000018,0.469,2.279,34.47904807692308,"ARGO float 6902833 on cycle 69 reported data on 2020-08-02 at location 56.7°S, 87.4°E. The profile measured temperatures from 0.5°C to 2.3°C and salinities around 34.5 PSU."
6902833,70,-56.957,86.113,2020-08-12 15:36:00.000000129,0.187,2.138,34.444264705882354,"ARGO float 6902833 on cycle 70 reported data on 2020-08-12 at location 57.0°S, 86.1°E. The profile measured temperatures from 0.2°C to 2.1°C and salinities around 34.4 PSU."
6902833,71,-56.732,87.515,2020-08-22 15:39:59.999999967,0.505,2.22,34.46905769230769,"ARGO float 6902833 on cycle 71 reported data on 2020-08-22 at location 56.7°S, 87.5°E. The profile measured temperatures from 0.5°C to 2.2°C and salinities around 34.5 PSU."
6902905,181,-47.68622666666667,78.485775,2020-08-01 06:34:59.999999926,2.384,5.021,33.90150153846154,"ARGO float 6902905 on cycle 181 reported data on 2020-08-01 at location 47.7°S, 78.5°E. The profile measured temperatures from 2.4°C to 5.0°C and salinities around 33.9 PSU."
6902905,182,-47.87708333333333,79.66115666666667,2020-08-06 06:52:59.999999995,2.672,6.798,34.14258895705522,"ARGO float 6902905 on cycle 182 reported data on 2020-08-06 at location 47.9°S, 79.7°E. The profile measured temperatures from 2.7°C to 6.8°C and salinities around 34.1 PSU."
6902905,183,-47.32418666666667,80.44788166666666,2020-08-11 06:37:59.999999888,2.681,7.002,34.122504615384614,"ARGO float 6902905 on cycle 183 reported data on 2020-08-11 at location 47.3°S, 80.4°E. The profile measured temperatures from 2.7°C to 7.0°C and salinities around 34.1 PSU."
6902905,184,-46.38484833333333,81.23475166666667,2020-08-16 06:45:59.999999883,2.853,6.819,34.150111111111116,"ARGO float 6902905 on cycle 184 reported data on 2020-08-16 at location 46.4°S, 81.2°E. The profile measured temperatures from 2.9°C to 6.8°C and salinities around 34.2 PSU."
6902905,185,-46.449855,82.47128,2020-08-21 06:37:00.000000004,2.633,6.212,34.045696319018404,"ARGO float 6902905 on cycle 185 reported data on 2020-08-21 at location 46.4°S, 82.5°E. The profile measured temperatures from 2.6°C to 6.2°C and salinities around 34.0 PSU."
6902905,186,-47.37420333333333,82.01892166666667,2020-08-26 06:31:00.000000088,2.51,5.232,33.9513876923077,"ARGO float 6902905 on cycle 186 reported data on 2020-08-26 at location 47.4°S, 82.0°E. The profile measured temperatures from 2.5°C to 5.2°C and salinities around 34.0 PSU."
6902905,187,-47.692166666666665,81.06754833333333,2020-08-31 06:37:59.999999888,2.548,4.838,33.9405652173913,"ARGO float 6902905 on cycle 187 reported data on 2020-08-31 at location 47.7°S, 81.1°E. The profile measured temperatures from 2.5°C to 4.8°C and salinities around 33.9 PSU."
6902938,58,-55.979845,94.20475666666668,2020-08-10 11:44:30.000000111,1.291,2.712,34.45395755182626,"ARGO float 6902938 on cycle 58 reported data on 2020-08-10 at location 56.0°S, 94.2°E. The profile measured temperatures from 1.3°C to 2.7°C and salinities around 34.5 PSU."
6902938,59,-55.48851333333333,96.63810833333334,2020-08-20 11:57:30.000000139,0.606,2.51,34.4644298245614,"ARGO float 6902938 on cycle 59 reported data on 2020-08-20 at location 55.5°S, 96.6°E. The profile measured temperatures from 0.6°C to 2.5°C and salinities around 34.5 PSU."
6902938,60,-54.746856666666666,96.41877666666667,2020-08-30 11:53:29.999999981,1.299,2.436,34.461620215897945,"ARGO float 6902938 on cycle 60 reported data on 2020-08-30 at location 54.7°S, 96.4°E. The profile measured temperatures from 1.3°C to 2.4°C and salinities around 34.5 PSU."
6902939,57,-50.97901,91.472195,2020-08-02 11:39:30.000000078,2.093,6.586,34.349274353876744,"ARGO float 6902939 on cycle 57 reported data on 2020-08-02 at location 51.0°S, 91.5°E. The profile measured temperatures from 2.1°C to 6.6°C and salinities around 34.3 PSU."
6902939,58,-50.488625,93.67896166666668,2020-08-12 11:40:29.999999953,2.021,6.99,34.3826071784646,"ARGO float 6902939 on cycle 58 reported data on 2020-08-12 at location 50.5°S, 93.7°E. The profile measured temperatures from 2.0°C to 7.0°C and salinities around 34.4 PSU."
6902939,59,-50.216973333333335,96.28388666666666,2020-08-22 11:37:30.000000000,1.994,6.198,34.35955896927651,"ARGO float 6902939 on cycle 59 reported data on 2020-08-22 at location 50.2°S, 96.3°E. The profile measured temperatures from 2.0°C to 6.2°C and salinities around 34.4 PSU."
6902940,57,-49.262035,112.20405833333334,2020-08-07 11:48:29.999999949,1.899,7.552,34.380989065606364,"ARGO float 6902940 on cycle 57 reported data on 2020-08-07 at location 49.3°S, 112.2°E. The profile measured temperatures from 1.9°C to 7.6°C and salinities around 34.4 PSU."
6902940,58,-49.34843333333333,114.94923833333333,2020-08-17 11:45:29.999999995,1.786,4.204,34.36358575727182,"ARGO float 6902940 on cycle 58 reported data on 2020-08-17 at location 49.3°S, 114.9°E. The profile measured temperatures from 1.8°C to 4.2°C and salinities around 34.4 PSU."
6902940,59,-50.129305,116.73370833333334,2020-08-27 11:51:29.999999911,1.939,5.611,34.316392039800995,"ARGO float 6902940 on cycle 59 reported data on 2020-08-27 at location 50.1°S, 116.7°E. The profile measured temperatures from 1.9°C to 5.6°C and salinities around 34.3 PSU."
6902941,56,-48.174765,110.70006,2020-08-02 11:41:29.999999837,2.063,8.101,34.36996646942801,"ARGO float 6902941 on cycle 56 reported data on 2020-08-02 at location 48.2°S, 110.7°E. The profile measured temperatures from 2.1°C to 8.1°C and salinities around 34.4 PSU."
6902941,57,-48.36795666666666,110.12739666666668,2020-08-12 11:40:29.999999953,1.948,5.332,34.334257257257256,"ARGO float 6902941 on cycle 57 reported data on 2020-08-12 at location 48.4°S, 110.1°E. The profile measured temperatures from 1.9°C to 5.3°C and salinities around 34.3 PSU."
6902941,58,-49.414858333333335,111.43687333333334,2020-08-22 11:47:30.000000073,1.886,5.21,34.33982220039292,"ARGO float 6902941 on cycle 58 reported data on 2020-08-22 at location 49.4°S, 111.4°E. The profile measured temperatures from 1.9°C to 5.2°C and salinities around 34.3 PSU."
6902942,56,-49.507693333333336,128.7738083333333,2020-08-03 11:35:29.999999921,2.46,10.242,34.4837962413452,"ARGO float 6902942 on cycle 56 reported data on 2020-08-03 at location 49.5°S, 128.8°E. The profile measured temperatures from 2.5°C to 10.2°C and salinities around 34.5 PSU."
6902942,57,-50.216215,127.86497166666666,2020-08-13 11:41:29.999999837,2.421,10.115,34.453488395560036,"ARGO float 6902942 on cycle 57 reported data on 2020-08-13 at location 50.2°S, 127.9°E. The profile measured temperatures from 2.4°C to 10.1°C and salinities around 34.5 PSU."
6902942,58,-50.09191333333333,126.71134333333332,2020-08-23 11:44:30.000000111,2.401,10.006,34.47062985074627,"ARGO float 6902942 on cycle 58 reported data on 2020-08-23 at location 50.1°S, 126.7°E. The profile measured temperatures from 2.4°C to 10.0°C and salinities around 34.5 PSU."
6902943,218,13.22449,62.97489166666666,2020-08-02 14:48:29.999999949,5.165,27.391,35.5723635371179,"ARGO float 6902943 on cycle 218 reported data on 2020-08-02 at location 13.2°N, 63.0°E. The profile measured temperatures from 5.2°C to 27.4°C and salinities around 35.6 PSU."
6902943,219,13.235836666666666,62.983133333333335,2020-08-04 14:39:30.000000078,5.253,27.287,35.57155715871254,"ARGO float 6902943 on cycle 219 reported data on 2020-08-04 at location 13.2°N, 63.0°E. The profile measured temperatures from 5.3°C to 27.3°C and salinities around 35.6 PSU."
6902943,220,13.262243333333334,63.003746666666665,2020-08-06 14:53:29.999999981,5.035,27.2,35.56913706140351,"ARGO float 6902943 on cycle 220 reported data on 2020-08-06 at location 13.3°N, 63.0°E. The profile measured temperatures from 5.0°C to 27.2°C and salinities around 35.6 PSU."
6902943,221,13.290393333333334,63.04074333333333,2020-08-08 14:51:29.999999911,5.288,27.103,35.57660286028603,"ARGO float 6902943 on cycle 221 reported data on 2020-08-08 at location 13.3°N, 63.0°E. The profile measured temperatures from 5.3°C to 27.1°C and salinities around 35.6 PSU."
6902943,222,13.272666666666666,63.07765333333333,2020-08-10 14:47:30.000000073,5.149,26.957,35.570242888402625,"ARGO float 6902943 on cycle 222 reported data on 2020-08-10 at location 13.3°N, 63.1°E. The profile measured temperatures from 5.1°C to 27.0°C and salinities around 35.6 PSU."
6902943,223,13.243088333333333,63.08237333333334,2020-08-12 14:45:29.999999995,4.788,26.978,35.56336284153005,"ARGO float 6902943 on cycle 223 reported data on 2020-08-12 at location 13.2°N, 63.1°E. The profile measured temperatures from 4.8°C to 27.0°C and salinities around 35.6 PSU."
6902943,224,13.218695,63.11626166666667,2020-08-14 14:40:29.999999953,5.283,26.669,35.56829276315789,"ARGO float 6902943 on cycle 224 reported data on 2020-08-14 at location 13.2°N, 63.1°E. The profile measured temperatures from 5.3°C to 26.7°C and salinities around 35.6 PSU."
6902943,225,13.199273333333334,63.14711333333333,2020-08-16 14:40:29.999999953,5.31,26.452,35.56827032967033,"ARGO float 6902943 on cycle 225 reported data on 2020-08-16 at location 13.2°N, 63.1°E. The profile measured temperatures from 5.3°C to 26.5°C and salinities around 35.6 PSU."
6902943,226,13.16641,63.188235,2020-08-18 14:41:29.999999837,5.165,26.607,35.564534707158344,"ARGO float 6902943 on cycle 226 reported data on 2020-08-18 at location 13.2°N, 63.2°E. The profile measured temperatures from 5.2°C to 26.6°C and salinities around 35.6 PSU."
6902943,227,13.107976666666667,63.226065,2020-08-20 14:47:30.000000073,5.197,26.805,35.57190336590663,"ARGO float 6902943 on cycle 227 reported data on 2020-08-20 at location 13.1°N, 63.2°E. The profile measured temperatures from 5.2°C to 26.8°C and salinities around 35.6 PSU."
6902943,228,13.037516666666669,63.27988166666667,2020-08-22 14:46:29.999999870,5.06,26.793,35.58487812840043,"ARGO float 6902943 on cycle 228 reported data on 2020-08-22 at location 13.0°N, 63.3°E. The profile measured temperatures from 5.1°C to 26.8°C and salinities around 35.6 PSU."
6902943,229,12.96833,63.34760166666667,2020-08-24 14:51:29.999999911,5.104,26.791,35.594068131868134,"ARGO float 6902943 on cycle 229 reported data on 2020-08-24 at location 13.0°N, 63.3°E. The profile measured temperatures from 5.1°C to 26.8°C and salinities around 35.6 PSU."
6902943,230,12.906575,63.43580833333333,2020-08-26 14:45:29.999999995,5.136,26.796,35.61306835722161,"ARGO float 6902943 on cycle 230 reported data on 2020-08-26 at location 12.9°N, 63.4°E. The profile measured temperatures from 5.1°C to 26.8°C and salinities around 35.6 PSU."
6902943,231,12.835035,63.51628166666666,2020-08-28 14:47:30.000000073,4.91,26.711,35.62510468920393,"ARGO float 6902943 on cycle 231 reported data on 2020-08-28 at location 12.8°N, 63.5°E. The profile measured temperatures from 4.9°C to 26.7°C and salinities around 35.6 PSU."
6902943,232,12.767386666666669,63.552585,2020-08-30 14:44:30.000000111,4.792,26.747,35.615214912280706,"ARGO float 6902943 on cycle 232 reported data on 2020-08-30 at location 12.8°N, 63.6°E. The profile measured temperatures from 4.8°C to 26.7°C and salinities around 35.6 PSU."
6902946,259,11.325435,46.228645,2020-08-01 15:01:29.999999976,8.122,29.782,30.273786532951288,"ARGO float 6902946 on cycle 259 reported data on 2020-08-01 at location 11.3°N, 46.2°E. The profile measured temperatures from 8.1°C to 29.8°C and salinities around 30.3 PSU."
6902946,260,11.36798,46.295496666666665,2020-08-03 14:42:30.000000032,7.946,29.562,30.298765042979944,"ARGO float 6902946 on cycle 260 reported data on 2020-08-03 at location 11.4°N, 46.3°E. The profile measured temperatures from 7.9°C to 29.6°C and salinities around 30.3 PSU."
6902946,261,11.406503333333331,46.33347166666667,2020-08-05 14:54:29.999999865,7.936,28.641,30.29582040229885,"ARGO float 6902946 on cycle 261 reported data on 2020-08-05 at location 11.4°N, 46.3°E. The profile measured temperatures from 7.9°C to 28.6°C and salinities around 30.3 PSU."
6902946,262,11.474193333333334,46.35822666666667,2020-08-07 14:53:29.999999981,7.898,28.846,30.317957142857143,"ARGO float 6902946 on cycle 262 reported data on 2020-08-07 at location 11.5°N, 46.4°E. The profile measured temperatures from 7.9°C to 28.8°C and salinities around 30.3 PSU."
6902946,263,11.547388333333334,46.40157333333333,2020-08-09 14:56:29.999999944,7.876,26.64,30.298985734664765,"ARGO float 6902946 on cycle 263 reported data on 2020-08-09 at location 11.5°N, 46.4°E. The profile measured temperatures from 7.9°C to 26.6°C and salinities around 30.3 PSU."
6902946,264,11.597476666666669,46.46295833333333,2020-08-11 14:49:30.000000144,7.665,26.814,30.323855714285717,"ARGO float 6902946 on cycle 264 reported data on 2020-08-11 at location 11.6°N, 46.5°E. The profile measured temperatures from 7.7°C to 26.8°C and salinities around 30.3 PSU."
6902946,265,11.66256,46.60568,2020-08-13 14:52:30.000000106,7.901,29.54,30.33254415954416,"ARGO float 6902946 on cycle 265 reported data on 2020-08-13 at location 11.7°N, 46.6°E. The profile measured temperatures from 7.9°C to 29.5°C and salinities around 30.3 PSU."
6902946,266,11.660683333333331,46.73403666666667,2020-08-15 15:02:29.999999860,7.966,28.759,30.2992417739628,"ARGO float 6902946 on cycle 266 reported data on 2020-08-15 at location 11.7°N, 46.7°E. The profile measured temperatures from 8.0°C to 28.8°C and salinities around 30.3 PSU."
6902946,267,11.638455,46.82545833333333,2020-08-17 14:47:30.000000073,8.395,28.806,30.301987106017194,"ARGO float 6902946 on cycle 267 reported data on 2020-08-17 at location 11.6°N, 46.8°E. The profile measured temperatures from 8.4°C to 28.8°C and salinities around 30.3 PSU."
6902946,268,11.62461,46.93260833333333,2020-08-19 14:51:29.999999911,8.28,28.333,30.307530846484934,"ARGO float 6902946 on cycle 268 reported data on 2020-08-19 at location 11.6°N, 46.9°E. The profile measured temperatures from 8.3°C to 28.3°C and salinities around 30.3 PSU."
6902946,269,11.613885,47.02234666666666,2020-08-21 14:54:29.999999865,8.057,29.615,30.29540257879656,"ARGO float 6902946 on cycle 269 reported data on 2020-08-21 at location 11.6°N, 47.0°E. The profile measured temperatures from 8.1°C to 29.6°C and salinities around 30.3 PSU."
6902946,270,11.602156666666666,47.12471833333333,2020-08-23 14:56:29.999999944,7.987,29.943,30.239518624641835,"ARGO float 6902946 on cycle 270 reported data on 2020-08-23 at location 11.6°N, 47.1°E. The profile measured temperatures from 8.0°C to 29.9°C and salinities around 30.2 PSU."
6902946,271,11.573636666666667,47.19376166666667,2020-08-25 14:52:30.000000106,8.041,30.213,30.231855300859596,"ARGO float 6902946 on cycle 271 reported data on 2020-08-25 at location 11.6°N, 47.2°E. The profile measured temperatures from 8.0°C to 30.2°C and salinities around 30.2 PSU."
6902946,272,11.54513,47.20440666666666,2020-08-27 14:57:30.000000139,8.439,30.213,30.224825037707394,"ARGO float 6902946 on cycle 272 reported data on 2020-08-27 at location 11.5°N, 47.2°E. The profile measured temperatures from 8.4°C to 30.2°C and salinities around 30.2 PSU."
6902946,273,11.536046666666667,47.19726666666666,2020-08-29 14:47:30.000000073,8.055,30.409,30.217674820143884,"ARGO float 6902946 on cycle 273 reported data on 2020-08-29 at location 11.5°N, 47.2°E. The profile measured temperatures from 8.1°C to 30.4°C and salinities around 30.2 PSU."
6902946,274,11.516931666666666,47.18890833333333,2020-08-31 14:51:29.999999911,7.6,30.555,30.2070698005698,"ARGO float 6902946 on cycle 274 reported data on 2020-08-31 at location 11.5°N, 47.2°E. The profile measured temperatures from 7.6°C to 30.6°C and salinities around 30.2 PSU."
6902947,239,12.96442,50.271915,2020-08-02 14:45:29.999999995,3.103,28.412,35.917696267696265,"ARGO float 6902947 on cycle 239 reported data on 2020-08-02 at location 13.0°N, 50.3°E. The profile measured temperatures from 3.1°C to 28.4°C and salinities around 35.9 PSU."
6902947,240,13.122465,50.770163333333336,2020-08-07 14:45:29.999999995,12.038,24.762,36.097765656565656,"ARGO float 6902947 on cycle 240 reported data on 2020-08-07 at location 13.1°N, 50.8°E. The profile measured temperatures from 12.0°C to 24.8°C and salinities around 36.1 PSU."
6902947,241,13.470096666666668,51.24592333333333,2020-08-12 14:51:29.999999911,3.569,29.65,35.92604438642297,"ARGO float 6902947 on cycle 241 reported data on 2020-08-12 at location 13.5°N, 51.2°E. The profile measured temperatures from 3.6°C to 29.6°C and salinities around 35.9 PSU."
6902947,242,14.372738333333333,52.345888333333335,2020-08-17 15:04:29.999999939,10.109,25.628,35.98177169811321,"ARGO float 6902947 on cycle 242 reported data on 2020-08-17 at location 14.4°N, 52.3°E. The profile measured temperatures from 10.1°C to 25.6°C and salinities around 36.0 PSU."
6902947,243,15.193403333333332,53.28947166666666,2020-08-22 14:38:29.999999883,3.235,24.665,35.77825714285714,"ARGO float 6902947 on cycle 243 reported data on 2020-08-22 at location 15.2°N, 53.3°E. The profile measured temperatures from 3.2°C to 24.7°C and salinities around 35.8 PSU."
6902947,244,14.794425,54.33611333333333,2020-08-27 14:46:29.999999870,10.608,25.296,35.93024949698189,"ARGO float 6902947 on cycle 244 reported data on 2020-08-27 at location 14.8°N, 54.3°E. The profile measured temperatures from 10.6°C to 25.3°C and salinities around 35.9 PSU."
6902948,231,16.588548333333332,53.84430166666667,2020-08-02 14:54:29.999999865,4.875,27.971,35.63341948579161,"ARGO float 6902948 on cycle 231 reported data on 2020-08-02 at location 16.6°N, 53.8°E. The profile measured temperatures from 4.9°C to 28.0°C and salinities around 35.6 PSU."
6902948,232,16.665023333333334,53.79502333333333,2020-08-07 14:56:29.999999944,10.674,25.169,35.73767551020408,"ARGO float 6902948 on cycle 232 reported data on 2020-08-07 at location 16.7°N, 53.8°E. The profile measured temperatures from 10.7°C to 25.2°C and salinities around 35.7 PSU."
6902948,233,16.706376666666667,53.63942333333333,2020-08-12 15:04:29.999999939,10.942,22.723,35.750635627530365,"ARGO float 6902948 on cycle 233 reported data on 2020-08-12 at location 16.7°N, 53.6°E. The profile measured temperatures from 10.9°C to 22.7°C and salinities around 35.8 PSU."
6902948,234,16.672273333333333,53.80861166666666,2020-08-17 14:56:29.999999944,10.48,25.049,35.75932934131736,"ARGO float 6902948 on cycle 234 reported data on 2020-08-17 at location 16.7°N, 53.8°E. The profile measured temperatures from 10.5°C to 25.0°C and salinities around 35.8 PSU."
6902948,235,16.564636666666665,53.706718333333335,2020-08-22 14:56:29.999999944,4.639,25.004,35.67162857142857,"ARGO float 6902948 on cycle 235 reported data on 2020-08-22 at location 16.6°N, 53.7°E. The profile measured temperatures from 4.6°C to 25.0°C and salinities around 35.7 PSU."
6902948,236,16.623955,53.560195,2020-08-27 14:54:29.999999865,10.773,23.379,35.767404,"ARGO float 6902948 on cycle 236 reported data on 2020-08-27 at location 16.6°N, 53.6°E. The profile measured temperatures from 10.8°C to 23.4°C and salinities around 35.8 PSU."
6902949,35,-4.9799283333333335,44.916295,2020-08-04 11:49:20.000000009,2.824,25.382,34.93632003988036,"ARGO float 6902949 on cycle 35 reported data on 2020-08-04 at location 5.0°S, 44.9°E. The profile measured temperatures from 2.8°C to 25.4°C and salinities around 34.9 PSU."
6902949,36,-4.074421666666667,43.86628,2020-08-14 11:54:19.999999730,2.688,25.999,34.96375592885375,"ARGO float 6902949 on cycle 36 reported data on 2020-08-14 at location 4.1°S, 43.9°E. The profile measured temperatures from 2.7°C to 26.0°C and salinities around 35.0 PSU."
6902949,37,-3.1476783333333334,43.51027,2020-08-24 11:36:19.999999981,2.712,26.071,34.97748140703517,"ARGO float 6902949 on cycle 37 reported data on 2020-08-24 at location 3.1°S, 43.5°E. The profile measured temperatures from 2.7°C to 26.1°C and salinities around 35.0 PSU."
6902950,35,-1.93411,46.76605666666666,2020-08-04 11:39:19.999999935,2.958,24.821,34.98284890656063,"ARGO float 6902950 on cycle 35 reported data on 2020-08-04 at location 1.9°S, 46.8°E. The profile measured temperatures from 3.0°C to 24.8°C and salinities around 35.0 PSU."
6902950,36,-1.282166666666667,45.903535,2020-08-14 11:37:19.999999865,2.932,25.319,34.99214770459081,"ARGO float 6902950 on cycle 36 reported data on 2020-08-14 at location 1.3°S, 45.9°E. The profile measured temperatures from 2.9°C to 25.3°C and salinities around 35.0 PSU."
6902950,37,-1.465615,46.63861,2020-08-24 11:43:19.999999781,2.762,25.461,34.992811,"ARGO float 6902950 on cycle 37 reported data on 2020-08-24 at location 1.5°S, 46.6°E. The profile measured temperatures from 2.8°C to 25.5°C and salinities around 35.0 PSU."
6902951,35,-8.069296666666666,57.34123666666667,2020-08-03 11:38:19.999999740,2.763,26.594,34.894262575452714,"ARGO float 6902951 on cycle 35 reported data on 2020-08-03 at location 8.1°S, 57.3°E. The profile measured temperatures from 2.8°C to 26.6°C and salinities around 34.9 PSU."
6902951,36,-7.962286666666666,57.864893333333335,2020-08-13 11:42:19.999999897,2.691,26.671,34.896978851963745,"ARGO float 6902951 on cycle 36 reported data on 2020-08-13 at location 8.0°S, 57.9°E. The profile measured temperatures from 2.7°C to 26.7°C and salinities around 34.9 PSU."
6902951,37,-7.619405,58.435865,2020-08-23 11:30:19.999999753,2.65,26.232,34.89660020242915,"ARGO float 6902951 on cycle 37 reported data on 2020-08-23 at location 7.6°S, 58.4°E. The profile measured temperatures from 2.6°C to 26.2°C and salinities around 34.9 PSU."
6903026,49,-49.67845166666667,67.27484333333334,2020-08-05 07:35:00.000000032,2.012,2.38,34.096991071428576,"ARGO float 6903026 on cycle 49 reported data on 2020-08-05 at location 49.7°S, 67.3°E. The profile measured temperatures from 2.0°C to 2.4°C and salinities around 34.1 PSU."
6903026,50,-49.85472166666667,67.45786,2020-08-10 10:27:59.999999921,1.738,2.373,34.08364315352697,"ARGO float 6903026 on cycle 50 reported data on 2020-08-10 at location 49.9°S, 67.5°E. The profile measured temperatures from 1.7°C to 2.4°C and salinities around 34.1 PSU."
6903026,51,-50.07573166666667,67.57473166666666,2020-08-15 07:40:00.000000073,1.997,2.366,33.98185903083701,"ARGO float 6903026 on cycle 51 reported data on 2020-08-15 at location 50.1°S, 67.6°E. The profile measured temperatures from 2.0°C to 2.4°C and salinities around 34.0 PSU."
6903026,52,-50.237276666666666,67.54135833333333,2020-08-20 03:39:00.000000083,1.992,2.378,34.067146666666666,"ARGO float 6903026 on cycle 52 reported data on 2020-08-20 at location 50.2°S, 67.5°E. The profile measured temperatures from 2.0°C to 2.4°C and salinities around 34.1 PSU."
6903026,53,-50.29605333333333,67.48618666666667,2020-08-25 07:40:00.000000073,2.06,2.405,34.10035398230089,"ARGO float 6903026 on cycle 53 reported data on 2020-08-25 at location 50.3°S, 67.5°E. The profile measured temperatures from 2.1°C to 2.4°C and salinities around 34.1 PSU."
6903026,54,-50.14259833333333,67.23027166666667,2020-08-30 10:38:59.999999870,1.946,2.362,34.073350877192986,"ARGO float 6903026 on cycle 54 reported data on 2020-08-30 at location 50.1°S, 67.2°E. The profile measured temperatures from 1.9°C to 2.4°C and salinities around 34.1 PSU."
6903026,55,-50.14470833333333,67.22578,2020-08-30 12:55:00.000000073,2.048,2.05,19.160500000000003,"ARGO float 6903026 on cycle 55 reported data on 2020-08-30 at location 50.1°S, 67.2°E. The profile measured temperatures from 2.0°C to 2.0°C and salinities around 19.2 PSU."
6903216,130,-52.96467390000001,23.688475399999987,2020-08-10 04:55:32.201459045,-0.38,1.459,34.46315333333333,"ARGO float 6903216 on cycle 130 reported data on 2020-08-10 at location 53.0°S, 23.7°E. The profile measured temperatures from -0.4°C to 1.5°C and salinities around 34.5 PSU."
6903216,131,-52.5327302,23.22553120000001,2020-08-20 04:51:20.841554903,-0.498,1.413,34.45838666666666,"ARGO float 6903216 on cycle 131 reported data on 2020-08-20 at location 52.5°S, 23.2°E. The profile measured temperatures from -0.5°C to 1.4°C and salinities around 34.5 PSU."
6903216,132,-52.466858450789175,23.33840398564116,2020-08-30 04:55:15.600000115,-0.61,1.578,34.46214666666667,"ARGO float 6903216 on cycle 132 reported data on 2020-08-30 at location 52.5°S, 23.3°E. The profile measured temperatures from -0.6°C to 1.6°C and salinities around 34.5 PSU."
6903220,129,-48.42134965307942,83.17044068114001,2020-08-03 04:49:11.999999919,2.002,5.282,34.20933333333333,"ARGO float 6903220 on cycle 129 reported data on 2020-08-03 at location 48.4°S, 83.2°E. The profile measured temperatures from 2.0°C to 5.3°C and salinities around 34.2 PSU."
6903220,130,-47.8349021,83.90459119999997,2020-08-13 04:42:57.443658284,2.018,4.591,34.19209259259259,"ARGO float 6903220 on cycle 130 reported data on 2020-08-13 at location 47.8°S, 83.9°E. The profile measured temperatures from 2.0°C to 4.6°C and salinities around 34.2 PSU."
6903220,131,-47.47073040000001,84.81691560000002,2020-08-23 04:44:08.221824974,2.031,4.762,34.191981595092024,"ARGO float 6903220 on cycle 131 reported data on 2020-08-23 at location 47.5°S, 84.8°E. The profile measured temperatures from 2.0°C to 4.8°C and salinities around 34.2 PSU."
6903220,132,-47.47073040000001,84.81691560000002,2020-08-23 04:44:49.199999907,2.031,4.762,34.191981595092024,"ARGO float 6903220 on cycle 132 reported data on 2020-08-23 at location 47.5°S, 84.8°E. The profile measured temperatures from 2.0°C to 4.8°C and salinities around 34.2 PSU."
7900109,214,-50.79932,27.7514,2020-08-06 12:20:49.001316345,0.499,1.567,34.543050344827584,"ARGO float 7900109 on cycle 214 reported data on 2020-08-06 at location 50.8°S, 27.8°E. The profile measured temperatures from 0.5°C to 1.6°C and salinities around 34.5 PSU."
7900109,215,-51.76221,27.53396,2020-08-16 06:53:22.000720845,0.447,1.83,34.52164928571428,"ARGO float 7900109 on cycle 215 reported data on 2020-08-16 at location 51.8°S, 27.5°E. The profile measured temperatures from 0.4°C to 1.8°C and salinities around 34.5 PSU."
7900109,216,-51.86991,27.38566,2020-08-17 11:58:18.001264244,0.35,1.629,34.598436072144295,"ARGO float 7900109 on cycle 216 reported data on 2020-08-17 at location 51.9°S, 27.4°E. The profile measured temperatures from 0.3°C to 1.6°C and salinities around 34.6 PSU."
7900109,217,-51.97973,26.64354,2020-08-27 06:26:26.000681300,0.252,1.782,34.536840000000005,"ARGO float 7900109 on cycle 217 reported data on 2020-08-27 at location 52.0°S, 26.6°E. The profile measured temperatures from 0.3°C to 1.8°C and salinities around 34.5 PSU."
7900110,214,-58.12346,29.36211,2020-08-05 18:39:44.001987762,-0.527,1.439,34.55366083916084,"ARGO float 7900110 on cycle 214 reported data on 2020-08-05 at location 58.1°S, 29.4°E. The profile measured temperatures from -0.5°C to 1.4°C and salinities around 34.6 PSU."
7900110,215,-57.13837,31.57621,2020-08-15 13:44:37.001458521,-0.774,1.656,34.56236994818653,"ARGO float 7900110 on cycle 215 reported data on 2020-08-15 at location 57.1°S, 31.6°E. The profile measured temperatures from -0.8°C to 1.7°C and salinities around 34.6 PSU."
7900110,216,-56.99289,31.8568,2020-08-16 18:06:34.001939681,-0.543,1.754,34.62343605577689,"ARGO float 7900110 on cycle 216 reported data on 2020-08-16 at location 57.0°S, 31.9°E. The profile measured temperatures from -0.5°C to 1.8°C and salinities around 34.6 PSU."
7900110,217,-56.48442,32.74792,2020-08-26 12:31:41.001332338,-0.952,1.702,34.56428756756757,"ARGO float 7900110 on cycle 217 reported data on 2020-08-26 at location 56.5°S, 32.7°E. The profile measured temperatures from -1.0°C to 1.7°C and salinities around 34.6 PSU."
7900111,214,-47.099,98.94317,2020-08-05 17:14:03.001844313,2.682,6.914,34.305802730375426,"ARGO float 7900111 on cycle 214 reported data on 2020-08-05 at location 47.1°S, 98.9°E. The profile measured temperatures from 2.7°C to 6.9°C and salinities around 34.3 PSU."
7900111,215,-46.99243,99.67692,2020-08-15 11:26:17.001217838,2.683,6.462,34.29520846560847,"ARGO float 7900111 on cycle 215 reported data on 2020-08-15 at location 47.0°S, 99.7°E. The profile measured temperatures from 2.7°C to 6.5°C and salinities around 34.3 PSU."
7900111,216,-46.96989,99.74932,2020-08-16 15:34:44.001658632,2.109,6.735,34.466865577119506,"ARGO float 7900111 on cycle 216 reported data on 2020-08-16 at location 47.0°S, 99.7°E. The profile measured temperatures from 2.1°C to 6.7°C and salinities around 34.5 PSU."
7900111,217,-46.75271,100.29722,2020-08-26 09:52:22.001041254,2.642,5.872,34.28525085324232,"ARGO float 7900111 on cycle 217 reported data on 2020-08-26 at location 46.8°S, 100.3°E. The profile measured temperatures from 2.6°C to 5.9°C and salinities around 34.3 PSU."
7900113,214,-42.86601,40.58019,2020-08-08 22:00:56.002360230,2.807,7.021,34.241505610561056,"ARGO float 7900113 on cycle 214 reported data on 2020-08-08 at location 42.9°S, 40.6°E. The profile measured temperatures from 2.8°C to 7.0°C and salinities around 34.2 PSU."
7900113,215,-42.8536,39.92109,2020-08-18 16:46:52.001783342,2.778,7.062,34.246188254486135,"ARGO float 7900113 on cycle 215 reported data on 2020-08-18 at location 42.9°S, 39.9°E. The profile measured temperatures from 2.8°C to 7.1°C and salinities around 34.2 PSU."
7900113,216,-42.82325,39.8907,2020-08-19 20:46:34.002212376,2.439,7.236,34.41298002103049,"ARGO float 7900113 on cycle 216 reported data on 2020-08-19 at location 42.8°S, 39.9°E. The profile measured temperatures from 2.4°C to 7.2°C and salinities around 34.4 PSU."
7900113,217,-42.62391,39.87583,2020-08-29 15:30:32.001652848,2.8,7.249,34.255765845648604,"ARGO float 7900113 on cycle 217 reported data on 2020-08-29 at location 42.6°S, 39.9°E. The profile measured temperatures from 2.8°C to 7.2°C and salinities around 34.3 PSU."
7900114,214,-36.59937,59.88646,2020-08-08 22:23:59.002393724,4.99,14.231,34.98606421404682,"ARGO float 7900114 on cycle 214 reported data on 2020-08-08 at location 36.6°S, 59.9°E. The profile measured temperatures from 5.0°C to 14.2°C and salinities around 35.0 PSU."
7900114,215,-36.67465,60.08486,2020-08-18 17:07:56.001833961,4.891,14.157,34.99891954397394,"ARGO float 7900114 on cycle 215 reported data on 2020-08-18 at location 36.7°S, 60.1°E. The profile measured temperatures from 4.9°C to 14.2°C and salinities around 35.0 PSU."
7900114,216,-36.65191,60.08147,2020-08-19 21:06:30.002261866,2.763,14.086,34.81095667718191,"ARGO float 7900114 on cycle 216 reported data on 2020-08-19 at location 36.7°S, 60.1°E. The profile measured temperatures from 2.8°C to 14.1°C and salinities around 34.8 PSU."
7900114,217,-36.41996,60.31394,2020-08-29 15:33:32.001657209,5.606,14.128,35.036586387434554,"ARGO float 7900114 on cycle 217 reported data on 2020-08-29 at location 36.4°S, 60.3°E. The profile measured temperatures from 5.6°C to 14.1°C and salinities around 35.0 PSU."
7900115,213,-47.98278,109.64774,2020-08-02 11:04:49.001185810,2.531,5.083,34.274625307557116,"ARGO float 7900115 on cycle 213 reported data on 2020-08-02 at location 48.0°S, 109.6°E. The profile measured temperatures from 2.5°C to 5.1°C and salinities around 34.3 PSU."
7900115,214,-49.07676,110.57327,2020-08-12 05:32:41.000582777,2.515,5.464,34.281641489361704,"ARGO float 7900115 on cycle 214 reported data on 2020-08-12 at location 49.1°S, 110.6°E. The profile measured temperatures from 2.5°C to 5.5°C and salinities around 34.3 PSU."
7900115,215,-49.0776,110.43092,2020-08-13 08:48:07.000928110,1.865,5.397,34.473980458624126,"ARGO float 7900115 on cycle 215 reported data on 2020-08-13 at location 49.1°S, 110.4°E. The profile measured temperatures from 1.9°C to 5.4°C and salinities around 34.5 PSU."
7900115,216,-48.58576,111.43913,2020-08-23 03:05:57.000328938,2.538,5.24,34.2739114638448,"ARGO float 7900115 on cycle 216 reported data on 2020-08-23 at location 48.6°S, 111.4°E. The profile measured temperatures from 2.5°C to 5.2°C and salinities around 34.3 PSU."
7900116,214,-34.71939,29.97115,2020-08-06 23:55:53.002547356,5.838,19.25,35.14825978090767,"ARGO float 7900116 on cycle 214 reported data on 2020-08-06 at location 34.7°S, 30.0°E. The profile measured temperatures from 5.8°C to 19.2°C and salinities around 35.1 PSU."
7900116,215,-33.91069,28.49193,2020-08-16 18:58:49.002015279,5.085,18.952,35.07678304552591,"ARGO float 7900116 on cycle 215 reported data on 2020-08-16 at location 33.9°S, 28.5°E. The profile measured temperatures from 5.1°C to 19.0°C and salinities around 35.1 PSU."
7900116,216,-34.06701,28.09821,2020-08-17 23:12:23.002485099,2.975,18.826,34.879260851505705,"ARGO float 7900116 on cycle 216 reported data on 2020-08-17 at location 34.1°S, 28.1°E. The profile measured temperatures from 3.0°C to 18.8°C and salinities around 34.9 PSU."
7900116,217,-35.94725,25.54271,2020-08-27 17:37:38.001877740,6.091,19.253,35.13515253054101,"ARGO float 7900116 on cycle 217 reported data on 2020-08-27 at location 35.9°S, 25.5°E. The profile measured temperatures from 6.1°C to 19.3°C and salinities around 35.1 PSU."
7900198,214,-55.02879,48.94304,2020-08-04 01:03:28.000111587,1.222,2.199,34.491493145869946,"ARGO float 7900198 on cycle 214 reported data on 2020-08-04 at location 55.0°S, 48.9°E. The profile measured temperatures from 1.2°C to 2.2°C and salinities around 34.5 PSU."
7900198,215,-55.06648,51.56704,2020-08-13 19:29:33.002080468,0.596,2.186,34.50155854922279,"ARGO float 7900198 on cycle 215 reported data on 2020-08-13 at location 55.1°S, 51.6°E. The profile measured temperatures from 0.6°C to 2.2°C and salinities around 34.5 PSU."
7900198,216,-55.15524,51.87412,2020-08-15 00:01:41.000001288,1.054,2.208,34.6045289978678,"ARGO float 7900198 on cycle 216 reported data on 2020-08-15 at location 55.2°S, 51.9°E. The profile measured temperatures from 1.1°C to 2.2°C and salinities around 34.6 PSU."
7900198,217,-55.62274,53.37795,2020-08-24 18:28:34.001971642,0.236,2.191,34.501164412811384,"ARGO float 7900198 on cycle 217 reported data on 2020-08-24 at location 55.6°S, 53.4°E. The profile measured temperatures from 0.2°C to 2.2°C and salinities around 34.5 PSU."
7900200,214,-45.41164,25.59344,2020-08-09 21:50:33.002325553,3.043,7.839,34.25814421052631,"ARGO float 7900200 on cycle 214 reported data on 2020-08-09 at location 45.4°S, 25.6°E. The profile measured temperatures from 3.0°C to 7.8°C and salinities around 34.3 PSU."
7900200,215,-45.68359,25.74702,2020-08-19 16:02:06.001719662,3.054,8.052,34.268058259325045,"ARGO float 7900200 on cycle 215 reported data on 2020-08-19 at location 45.7°S, 25.7°E. The profile measured temperatures from 3.1°C to 8.1°C and salinities around 34.3 PSU."
7900200,216,-45.69359,25.79378,2020-08-20 20:07:40.002155860,2.641,8.365,34.41160531914893,"ARGO float 7900200 on cycle 216 reported data on 2020-08-20 at location 45.7°S, 25.8°E. The profile measured temperatures from 2.6°C to 8.4°C and salinities around 34.4 PSU."
7900200,217,-45.61378,26.01219,2020-08-30 14:28:08.001542700,3.041,7.683,34.268080212014134,"ARGO float 7900200 on cycle 217 reported data on 2020-08-30 at location 45.6°S, 26.0°E. The profile measured temperatures from 3.0°C to 7.7°C and salinities around 34.3 PSU."
7900202,214,-46.58338,55.51961,2020-08-09 09:02:38.000968586,2.501,4.375,34.27026279863481,"ARGO float 7900202 on cycle 214 reported data on 2020-08-09 at location 46.6°S, 55.5°E. The profile measured temperatures from 2.5°C to 4.4°C and salinities around 34.3 PSU."
7900202,215,-46.93213,55.54813,2020-08-19 03:17:09.000346470,2.493,4.531,34.277321875,"ARGO float 7900202 on cycle 215 reported data on 2020-08-19 at location 46.9°S, 55.5°E. The profile measured temperatures from 2.5°C to 4.5°C and salinities around 34.3 PSU."
7900202,216,-46.96445,55.55775,2020-08-20 07:30:05.000794519,2.027,4.52,34.46100596094553,"ARGO float 7900202 on cycle 216 reported data on 2020-08-20 at location 47.0°S, 55.6°E. The profile measured temperatures from 2.0°C to 4.5°C and salinities around 34.5 PSU."
7900202,217,-47.23417,55.96115,2020-08-30 01:49:03.000178548,2.504,4.195,34.266376678445226,"ARGO float 7900202 on cycle 217 reported data on 2020-08-30 at location 47.2°S, 56.0°E. The profile measured temperatures from 2.5°C to 4.2°C and salinities around 34.3 PSU."
7900203,214,-46.93327,50.91589,2020-08-08 21:29:48.002295091,2.488,4.186,34.32247118644068,"ARGO float 7900203 on cycle 214 reported data on 2020-08-08 at location 46.9°S, 50.9°E. The profile measured temperatures from 2.5°C to 4.2°C and salinities around 34.3 PSU."
7900203,215,-46.79812,50.92811,2020-08-18 15:40:52.001667336,2.456,3.772,34.28455008726004,"ARGO float 7900203 on cycle 215 reported data on 2020-08-18 at location 46.8°S, 50.9°E. The profile measured temperatures from 2.5°C to 3.8°C and salinities around 34.3 PSU."
7900203,216,-46.77097,50.95236,2020-08-19 18:50:03.002003905,2.238,3.862,34.39108185538881,"ARGO float 7900203 on cycle 216 reported data on 2020-08-19 at location 46.8°S, 51.0°E. The profile measured temperatures from 2.2°C to 3.9°C and salinities around 34.4 PSU."
7900203,217,-46.76831,51.09442,2020-08-29 13:06:07.001403528,2.51,3.245,34.272223315118396,"ARGO float 7900203 on cycle 217 reported data on 2020-08-29 at location 46.8°S, 51.1°E. The profile measured temperatures from 2.5°C to 3.2°C and salinities around 34.3 PSU."
7900333,282,-59.645,114.721,2020-08-04 18:49:19.000003336,-0.211,2.212,34.63940060240964,"ARGO float 7900333 on cycle 282 reported data on 2020-08-04 at location 59.6°S, 114.7°E. The profile measured temperatures from -0.2°C to 2.2°C and salinities around 34.6 PSU."
7900333,283,-59.478,114.791,2020-08-14 16:11:56.000005607,-0.114,2.182,34.640561244979914,"ARGO float 7900333 on cycle 283 reported data on 2020-08-14 at location 59.5°S, 114.8°E. The profile measured temperatures from -0.1°C to 2.2°C and salinities around 34.6 PSU."
7900333,284,-59.415,115.086,2020-08-24 10:30:46.999986471,-0.369,2.163,34.63557142857143,"ARGO float 7900333 on cycle 284 reported data on 2020-08-24 at location 59.4°S, 115.1°E. The profile measured temperatures from -0.4°C to 2.2°C and salinities around 34.6 PSU."
7900394,243,-59.268,97.457,2020-08-07 07:57:16.000017825,-1.516,1.89,34.66507077856421,"ARGO float 7900394 on cycle 243 reported data on 2020-08-07 at location 59.3°S, 97.5°E. The profile measured temperatures from -1.5°C to 1.9°C and salinities around 34.7 PSU."
7900394,244,-58.634,96.883,2020-08-17 05:33:23.000012043,-1.532,1.795,34.65690562248996,"ARGO float 7900394 on cycle 244 reported data on 2020-08-17 at location 58.6°S, 96.9°E. The profile measured temperatures from -1.5°C to 1.8°C and salinities around 34.7 PSU."
7900394,245,-59.109,97.831,2020-08-27 00:03:07.999986113,-1.346,1.811,34.66091457286432,"ARGO float 7900394 on cycle 245 reported data on 2020-08-27 at location 59.1°S, 97.8°E. The profile measured temperatures from -1.3°C to 1.8°C and salinities around 34.7 PSU."
7900496,131,-51.423,31.844,2020-08-01 05:33:01.999999589,1.012,2.307,34.50247311827957,"ARGO float 7900496 on cycle 131 reported data on 2020-08-01 at location 51.4°S, 31.8°E. The profile measured temperatures from 1.0°C to 2.3°C and salinities around 34.5 PSU."
7900496,132,-50.267,32.683,2020-08-11 08:15:39.999998664,1.013,2.22,34.48851612903226,"ARGO float 7900496 on cycle 132 reported data on 2020-08-11 at location 50.3°S, 32.7°E. The profile measured temperatures from 1.0°C to 2.2°C and salinities around 34.5 PSU."
7900496,133,-49.422,33.934,2020-08-21 06:00:02.999998183,0.984,2.313,34.49221505376344,"ARGO float 7900496 on cycle 133 reported data on 2020-08-21 at location 49.4°S, 33.9°E. The profile measured temperatures from 1.0°C to 2.3°C and salinities around 34.5 PSU."
7900496,134,-49.253,35.947,2020-08-31 08:15:04.000002816,1.463,2.512,34.47743010752688,"ARGO float 7900496 on cycle 134 reported data on 2020-08-31 at location 49.3°S, 35.9°E. The profile measured temperatures from 1.5°C to 2.5°C and salinities around 34.5 PSU."
7900510,60,-57.31051333333333,28.56530833333333,2020-08-03 05:49:00.000000050,0.38,2.126,34.51569902912622,"ARGO float 7900510 on cycle 60 reported data on 2020-08-03 at location 57.3°S, 28.6°E. The profile measured temperatures from 0.4°C to 2.1°C and salinities around 34.5 PSU."
7900510,61,-56.894783333333336,30.514261666666663,2020-08-13 05:46:59.999999972,0.05,2.063,34.50296116504854,"ARGO float 7900510 on cycle 61 reported data on 2020-08-13 at location 56.9°S, 30.5°E. The profile measured temperatures from 0.1°C to 2.1°C and salinities around 34.5 PSU."
7900510,62,-56.91851833333333,30.73250833333333,2020-08-23 05:52:00.000000004,-0.124,2.023,34.50619417475728,"ARGO float 7900510 on cycle 62 reported data on 2020-08-23 at location 56.9°S, 30.7°E. The profile measured temperatures from -0.1°C to 2.0°C and salinities around 34.5 PSU."
7900511,60,-53.429116666666665,38.308663333333335,2020-08-03 05:57:59.999999921,1.288,2.397,34.45175961538462,"ARGO float 7900511 on cycle 60 reported data on 2020-08-03 at location 53.4°S, 38.3°E. The profile measured temperatures from 1.3°C to 2.4°C and salinities around 34.5 PSU."
7900511,61,-54.39527666666667,37.64908333333333,2020-08-13 05:53:59.999999772,0.92,2.357,34.462009615384616,"ARGO float 7900511 on cycle 61 reported data on 2020-08-13 at location 54.4°S, 37.6°E. The profile measured temperatures from 0.9°C to 2.4°C and salinities around 34.5 PSU."
7900511,62,-53.83987666666667,37.694388333333336,2020-08-23 05:55:59.999999842,0.88,2.205,34.44631067961165,"ARGO float 7900511 on cycle 62 reported data on 2020-08-23 at location 53.8°S, 37.7°E. The profile measured temperatures from 0.9°C to 2.2°C and salinities around 34.4 PSU."
7900512,60,-44.13991833333333,47.47262666666666,2020-08-03 05:44:00.000000018,1.932,4.326,34.34878217821782,"ARGO float 7900512 on cycle 60 reported data on 2020-08-03 at location 44.1°S, 47.5°E. The profile measured temperatures from 1.9°C to 4.3°C and salinities around 34.3 PSU."
7900512,61,-44.05017,47.26533833333333,2020-08-13 05:55:59.999999842,1.953,4.341,34.35613725490196,"ARGO float 7900512 on cycle 61 reported data on 2020-08-13 at location 44.1°S, 47.3°E. The profile measured temperatures from 2.0°C to 4.3°C and salinities around 34.4 PSU."
7900512,62,-43.96077,47.33892,2020-08-23 05:46:59.999999972,1.929,4.53,34.350725490196076,"ARGO float 7900512 on cycle 62 reported data on 2020-08-23 at location 44.0°S, 47.3°E. The profile measured temperatures from 1.9°C to 4.5°C and salinities around 34.4 PSU."
7900513,60,-46.88727,50.14697666666667,2020-08-02 06:52:59.999999995,2.523,3.599,34.10957377049181,"ARGO float 7900513 on cycle 60 reported data on 2020-08-02 at location 46.9°S, 50.1°E. The profile measured temperatures from 2.5°C to 3.6°C and salinities around 34.1 PSU."
7900513,61,-46.893618333333336,50.195775,2020-08-12 06:06:59.999999800,2.52,3.249,34.09043333333333,"ARGO float 7900513 on cycle 61 reported data on 2020-08-12 at location 46.9°S, 50.2°E. The profile measured temperatures from 2.5°C to 3.2°C and salinities around 34.1 PSU."
7900513,62,-46.99032833333333,50.57959666666667,2020-08-22 05:49:59.999999926,1.841,3.173,34.353548076923076,"ARGO float 7900513 on cycle 62 reported data on 2020-08-22 at location 47.0°S, 50.6°E. The profile measured temperatures from 1.8°C to 3.2°C and salinities around 34.4 PSU."
7900514,60,-41.23245,33.49414,2020-08-02 05:46:59.999999972,2.697,13.674,34.751813725490194,"ARGO float 7900514 on cycle 60 reported data on 2020-08-02 at location 41.2°S, 33.5°E. The profile measured temperatures from 2.7°C to 13.7°C and salinities around 34.8 PSU."
7900514,61,-40.49126166666667,32.782486666666664,2020-08-12 05:44:59.999999893,2.711,13.075,34.741106796116505,"ARGO float 7900514 on cycle 61 reported data on 2020-08-12 at location 40.5°S, 32.8°E. The profile measured temperatures from 2.7°C to 13.1°C and salinities around 34.7 PSU."
7900514,62,-41.09321833333333,32.945083333333336,2020-08-22 05:36:59.999999898,2.671,13.176,34.78733980582524,"ARGO float 7900514 on cycle 62 reported data on 2020-08-22 at location 41.1°S, 32.9°E. The profile measured temperatures from 2.7°C to 13.2°C and salinities around 34.8 PSU."
7900515,60,-49.03280166666666,46.4894,2020-08-03 05:45:59.999999777,1.834,3.383,34.38210101010101,"ARGO float 7900515 on cycle 60 reported data on 2020-08-03 at location 49.0°S, 46.5°E. The profile measured temperatures from 1.8°C to 3.4°C and salinities around 34.4 PSU."
7900515,61,-49.08535333333333,47.58150166666667,2020-08-13 05:49:00.000000050,1.83,3.259,34.36805825242718,"ARGO float 7900515 on cycle 61 reported data on 2020-08-13 at location 49.1°S, 47.6°E. The profile measured temperatures from 1.8°C to 3.3°C and salinities around 34.4 PSU."
7900515,62,-48.86434333333333,48.489736666666666,2020-08-23 05:46:59.999999972,1.85,3.2,34.362442307692305,"ARGO float 7900515 on cycle 62 reported data on 2020-08-23 at location 48.9°S, 48.5°E. The profile measured temperatures from 1.9°C to 3.2°C and salinities around 34.4 PSU."
7900517,59,-58.21590833333333,27.77415333333333,2020-08-03 05:22:59.999999995,-0.979,0.862,34.486029411764704,"ARGO float 7900517 on cycle 59 reported data on 2020-08-03 at location 58.2°S, 27.8°E. The profile measured temperatures from -1.0°C to 0.9°C and salinities around 34.5 PSU."
7900517,60,-59.007223333333336,26.8109,2020-08-13 05:33:59.999999944,-1.324,1.808,34.50129126213592,"ARGO float 7900517 on cycle 60 reported data on 2020-08-13 at location 59.0°S, 26.8°E. The profile measured temperatures from -1.3°C to 1.8°C and salinities around 34.5 PSU."
7900517,61,-59.50696333333333,26.842365,2020-08-23 05:44:59.999999893,-1.727,1.731,34.5068640776699,"ARGO float 7900517 on cycle 61 reported data on 2020-08-23 at location 59.5°S, 26.8°E. The profile measured temperatures from -1.7°C to 1.7°C and salinities around 34.5 PSU."
7900612,174,-53.695,123.462,2020-08-06 21:06:34.999989868,1.749,3.881,34.51130491474424,"ARGO float 7900612 on cycle 174 reported data on 2020-08-06 at location 53.7°S, 123.5°E. The profile measured temperatures from 1.7°C to 3.9°C and salinities around 34.5 PSU."
7900612,175,-53.932,122.666,2020-08-16 17:16:36.000002323,1.773,4.573,34.518071285140564,"ARGO float 7900612 on cycle 175 reported data on 2020-08-16 at location 53.9°S, 122.7°E. The profile measured temperatures from 1.8°C to 4.6°C and salinities around 34.5 PSU."
7900612,176,-54.256,122.718,2020-08-26 11:36:40.999984148,1.774,4.166,34.50815261044177,"ARGO float 7900612 on cycle 176 reported data on 2020-08-26 at location 54.3°S, 122.7°E. The profile measured temperatures from 1.8°C to 4.2°C and salinities around 34.5 PSU."
7900616,168,-54.603,135.831,2020-08-02 13:13:39.000010192,1.778,3.491,34.51056683417086,"ARGO float 7900616 on cycle 168 reported data on 2020-08-02 at location 54.6°S, 135.8°E. The profile measured temperatures from 1.8°C to 3.5°C and salinities around 34.5 PSU."
7900616,169,-53.903,135.253,2020-08-12 09:55:37.999999519,1.81,3.456,34.49819475277498,"ARGO float 7900616 on cycle 169 reported data on 2020-08-12 at location 53.9°S, 135.3°E. The profile measured temperatures from 1.8°C to 3.5°C and salinities around 34.5 PSU."
7900616,170,-53.595,135.981,2020-08-22 04:06:07.000007633,1.685,3.3,34.527395979899495,"ARGO float 7900616 on cycle 170 reported data on 2020-08-22 at location 53.6°S, 136.0°E. The profile measured temperatures from 1.7°C to 3.3°C and salinities around 34.5 PSU."
7900616,171,-53.137,136.767,2020-08-31 23:52:45.999980270,1.738,3.3,34.52017386934673,"ARGO float 7900616 on cycle 171 reported data on 2020-08-31 at location 53.1°S, 136.8°E. The profile measured temperatures from 1.7°C to 3.3°C and salinities around 34.5 PSU."
7900617,169,-56.003,103.862,2020-08-09 12:10:37.999999519,0.165,2.094,34.64997791164658,"ARGO float 7900617 on cycle 169 reported data on 2020-08-09 at location 56.0°S, 103.9°E. The profile measured temperatures from 0.2°C to 2.1°C and salinities around 34.6 PSU."
7900617,170,-56.165,104.137,2020-08-19 08:18:00.999983851,0.165,2.087,34.64679058116233,"ARGO float 7900617 on cycle 170 reported data on 2020-08-19 at location 56.2°S, 104.1°E. The profile measured temperatures from 0.2°C to 2.1°C and salinities around 34.6 PSU."
7900617,171,-56.182,103.617,2020-08-29 02:35:16.000002620,0.056,2.215,34.637610441767066,"ARGO float 7900617 on cycle 171 reported data on 2020-08-29 at location 56.2°S, 103.6°E. The profile measured temperatures from 0.1°C to 2.2°C and salinities around 34.6 PSU."
7900633,58,-61.9944,90.6384,2020-08-17 23:32:43.999982174,-1.853,1.743,34.672831653225806,"ARGO float 7900633 on cycle 58 reported data on 2020-08-17 at location 62.0°S, 90.6°E. The profile measured temperatures from -1.9°C to 1.7°C and salinities around 34.7 PSU."
7900641,48,-56.293533,50.890507,2020-08-02 04:21:28.000001013,-0.0376,2.0618,34.62441762336354,"ARGO float 7900641 on cycle 48 reported data on 2020-08-02 at location 56.3°S, 50.9°E. The profile measured temperatures from -0.0°C to 2.1°C and salinities around 34.6 PSU."
7900641,49,-55.600723,49.874878,2020-08-12 04:20:43.000003694,-0.2686,2.0475,34.61404929577465,"ARGO float 7900641 on cycle 49 reported data on 2020-08-12 at location 55.6°S, 49.9°E. The profile measured temperatures from -0.3°C to 2.0°C and salinities around 34.6 PSU."
7900641,50,-56.11797,50.464146,2020-08-22 04:24:05.999988916,-0.1915,2.0305,34.61482221105528,"ARGO float 7900641 on cycle 50 reported data on 2020-08-22 at location 56.1°S, 50.5°E. The profile measured temperatures from -0.2°C to 2.0°C and salinities around 34.6 PSU."
7900646,23,-64.785,57.096,2020-08-03 00:39:41.000000235,-1.7498,1.7591,34.676855689828805,"ARGO float 7900646 on cycle 23 reported data on 2020-08-03 at location 64.8°S, 57.1°E. The profile measured temperatures from -1.7°C to 1.8°C and salinities around 34.7 PSU."
7900646,24,-64.746567,56.708763,2020-08-12 23:53:19.000002445,-1.6613,1.7805,34.68098381909548,"ARGO float 7900646 on cycle 24 reported data on 2020-08-12 at location 64.7°S, 56.7°E. The profile measured temperatures from -1.7°C to 1.8°C and salinities around 34.7 PSU."
7900677,97,-53.36967,129.22812,2020-08-03 18:06:25.001939782,0.303,3.501,34.2457840909091,"ARGO float 7900677 on cycle 97 reported data on 2020-08-03 at location 53.4°S, 129.2°E. The profile measured temperatures from 0.3°C to 3.5°C and salinities around 34.2 PSU."
7900677,98,-53.29958,128.68338,2020-08-13 15:49:10.001680340,0.298,4.146,34.2514544,"ARGO float 7900677 on cycle 98 reported data on 2020-08-13 at location 53.3°S, 128.7°E. The profile measured temperatures from 0.3°C to 4.1°C and salinities around 34.3 PSU."
7900677,99,-53.10533,127.93283,2020-08-23 12:30:59.001331008,0.314,3.145,34.254597738287565,"ARGO float 7900677 on cycle 99 reported data on 2020-08-23 at location 53.1°S, 127.9°E. The profile measured temperatures from 0.3°C to 3.1°C and salinities around 34.3 PSU."
7900864,63,-55.502,92.469,2020-08-05 20:54:56.999999891,0.6731,2.169,34.61971636597938,"ARGO float 7900864 on cycle 63 reported data on 2020-08-05 at location 55.5°S, 92.5°E. The profile measured temperatures from 0.7°C to 2.2°C and salinities around 34.6 PSU."
7900864,64,-54.939,93.123,2020-08-15 10:45:44.000000015,0.5415,2.216,34.606449839021245,"ARGO float 7900864 on cycle 64 reported data on 2020-08-15 at location 54.9°S, 93.1°E. The profile measured temperatures from 0.5°C to 2.2°C and salinities around 34.6 PSU."
7900864,65,-55.586,91.984,2020-08-25 00:42:51.999999937,0.561,2.2195,34.618789877498386,"ARGO float 7900864 on cycle 65 reported data on 2020-08-25 at location 55.6°S, 92.0°E. The profile measured temperatures from 0.6°C to 2.2°C and salinities around 34.6 PSU."
7900865,60,-60.61,89.03,2020-08-02 20:32:03.999999857,-1.755,1.596,34.639558441558435,"ARGO float 7900865 on cycle 60 reported data on 2020-08-02 at location 60.6°S, 89.0°E. The profile measured temperatures from -1.8°C to 1.6°C and salinities around 34.6 PSU."
7900865,61,-60.61,90.4,2020-08-12 20:50:52.000000137,-1.672,1.649,34.630094069529655,"ARGO float 7900865 on cycle 61 reported data on 2020-08-12 at location 60.6°S, 90.4°E. The profile measured temperatures from -1.7°C to 1.6°C and salinities around 34.6 PSU."
7900865,62,-60.336,91.961,2020-08-22 21:15:20.000000064,-1.671,1.866,34.63317058222677,"ARGO float 7900865 on cycle 62 reported data on 2020-08-22 at location 60.3°S, 92.0°E. The profile measured temperatures from -1.7°C to 1.9°C and salinities around 34.6 PSU."
7900866,63,-61.254,102.391,2020-08-03 10:45:45.999999855,-0.9855,2.04,34.65847382934443,"ARGO float 7900866 on cycle 63 reported data on 2020-08-03 at location 61.3°S, 102.4°E. The profile measured temperatures from -1.0°C to 2.0°C and salinities around 34.7 PSU."
7900866,64,-60.945,101.835,2020-08-13 14:08:15.999999855,-0.9436,1.9646,34.65878633281169,"ARGO float 7900866 on cycle 64 reported data on 2020-08-13 at location 60.9°S, 101.8°E. The profile measured temperatures from -0.9°C to 2.0°C and salinities around 34.7 PSU."
7900866,65,-60.871,101.279,2020-08-23 17:49:34.000000135,-1.7254,1.8537,34.6698826903024,"ARGO float 7900866 on cycle 65 reported data on 2020-08-23 at location 60.9°S, 101.3°E. The profile measured temperatures from -1.7°C to 1.9°C and salinities around 34.7 PSU."
7900868,59,-62.548,133.223,2020-08-01 06:01:09.000000102,-1.1322,2.1421,34.66703556149733,"ARGO float 7900868 on cycle 59 reported data on 2020-08-01 at location 62.5°S, 133.2°E. The profile measured temperatures from -1.1°C to 2.1°C and salinities around 34.7 PSU."
7900868,60,-61.619,134.25,2020-08-11 04:54:55.999999869,-1.6957,2.1275,34.66175794542536,"ARGO float 7900868 on cycle 60 reported data on 2020-08-11 at location 61.6°S, 134.2°E. The profile measured temperatures from -1.7°C to 2.1°C and salinities around 34.7 PSU."
7900892,21,-58.989273,59.466831,2020-08-06 11:01:46.000001729,-1.0001,2.02,34.622773943661976,"ARGO float 7900892 on cycle 21 reported data on 2020-08-06 at location 59.0°S, 59.5°E. The profile measured temperatures from -1.0°C to 2.0°C and salinities around 34.6 PSU."
7900892,22,-59.061432,59.349739,2020-08-16 10:40:54.999987781,-0.8126,1.9901,34.62787168674699,"ARGO float 7900892 on cycle 22 reported data on 2020-08-16 at location 59.1°S, 59.3°E. The profile measured temperatures from -0.8°C to 2.0°C and salinities around 34.6 PSU."
7900892,23,-59.19529,59.317532,2020-08-26 09:57:38.999986943,-1.1676,2.0384,34.63367071213641,"ARGO float 7900892 on cycle 23 reported data on 2020-08-26 at location 59.2°S, 59.3°E. The profile measured temperatures from -1.2°C to 2.0°C and salinities around 34.6 PSU."
7900895,20,-61.883,117.3788,2020-08-04 22:42:33.000019493,-1.738,2.142,34.65170182555781,"ARGO float 7900895 on cycle 20 reported data on 2020-08-04 at location 61.9°S, 117.4°E. The profile measured temperatures from -1.7°C to 2.1°C and salinities around 34.7 PSU."
7900895,21,-61.9131,118.6811,2020-08-14 22:14:17.999999825,-1.555,2.109,34.66396496496496,"ARGO float 7900895 on cycle 21 reported data on 2020-08-14 at location 61.9°S, 118.7°E. The profile measured temperatures from -1.6°C to 2.1°C and salinities around 34.7 PSU."
7900895,22,-61.4834,119.8267,2020-08-24 22:08:15.999991895,-1.745,2.104,34.660004,"ARGO float 7900895 on cycle 22 reported data on 2020-08-24 at location 61.5°S, 119.8°E. The profile measured temperatures from -1.7°C to 2.1°C and salinities around 34.7 PSU."
